,2004/Q4,2005/Q4,2006/Q1,2006/Q2,2006/Q3,2006/Q4,2007/Q1,2007/Q2,2007/Q3,2007/Q4,2008/Q1,2008/Q2,2008/Q3,2008/Q4,2009/Q1,2009/Q2,2009/Q3,2009/Q4,2010/Q1,2010/Q2,2010/Q3,2010/Q4,2011/Q1,2011/Q2,2011/Q3,2011/Q4,2012/Q1,2012/Q2,2012/Q3,2012/Q4,2013/Q1,2013/Q2,2013/Q3,2013/Q4,2014/Q1,2014/Q2,2014/Q3,2014/Q4,2015/Q1,2015/Q2,2015/Q3,2015/Q4,2016/Q1,2016/Q2,2016/Q3,2016/Q4,2017/Q1,2017/Q2,2017/Q3,2017/Q4,2018/Q1,2018/Q2
QuoteCurrent,,,,,,,,,,,,,,,,,,,,,,,,,,,,,,,,,,,,,,,,,,,,,,,,,,,,
QuoteCurrent_yy,,,,,,,,,,,,,,,,,,,,,,,,,,,,,,,,,,,,,,,,,,,,,,,,,,,,
QuoteCurrent_sy,,,,,,,,,,,,,,,,,,,,,,,,,,,,,,,,,,,,,,,,,,,,,,,,,,,,
QuoteCurrent_qq,,,,,,,,,,,,,,,,,,,,,,,,,,,,,,,,,,,,,,,,,,,,,,,,,,,,
QuoteCurrent_sq,,,,,,,,,,,,,,,,,,,,,,,,,,,,,,,,,,,,,,,,,,,,,,,,,,,,
ShareAmountCurrent,2220000000,2220000000,2220000000,2220000000,2220000000,2220000000,2220000000,2220000000,11100000000,11100000000,11100000000,11100000000,11100000000,11100000000,11100000000,11100000000,11100000000,11100000000,11100000000,11100000000,11100000000,11100000000,11100000000,11100000000,11100000000,11100000000,11100000000,11100000000,9090000000,9090000000,9090000000,9090000000,9090000000,9090000000,9090000000,9090000000,9090000000,9090000000,9090000000,9090000000,9090000000,9090000000,9090000000,9090000000,9090000000,9090000000,9090000000,9090000000,9090000000,9090000000,9090000000,9090000000
ShareAmountCurrent_yy,,,,,,,,,,,,,,,,,,,,,,,,,,,,,,,,,,,,,,,,,,,,,,,,,,,,
ShareAmountCurrent_sy,,,,,,,,,,,,,,,,,,,,,,,,,,,,,,,,,,,,,,,,,,,,,,,,,,,,
ShareAmountCurrent_qq,,,,,,,,,,,,,,,,,,,,,,,,,,,,,,,,,,,,,,,,,,,,,,,,,,,,
ShareAmountCurrent_sq,,,,,,,,,,,,,,,,,,,,,,,,,,,,,,,,,,,,,,,,,,,,,,,,,,,,
WKCurrent,,,,,,,,,,,,,,,,,,,,,,,,,,,,,,,,,,,,,,,,,,,,,,,,,,,,
WKCurrent_yy,9.12,0.47,,,,15.01,12.53,66.43,-40.45,-50.20,-51.72,-73.87,-31.18,-17.01,-19.47,-1.56,-100.00,10.81,14.94,14.28,,9.96,9.93,6.93,,-25.66,-26.40,-25.32,,28.37,29.93,22.91,1.94,3.27,2.63,-100.00,5.71,5.53,4.11,,2.60,0.12,0.06,1.70,0.64,5.28,7.86,6.21,12.82,11.63,13.74,13.43
WKCurrent_sy,,,,,,,,,,,,,,,,,,,,,,,,,,,,,,,,,,,,,,,,,,,,,,,,,,,,
WKCurrent_qq,,,5.52,6.10,5.85,-2.96,3.25,56.92,-62.12,-18.86,0.11,-15.06,-0.25,-2.16,-2.86,3.84,-100.00,,0.76,3.24,-100.00,,0.73,0.42,-100.00,,-0.26,1.90,22.74,2.90,0.95,-3.61,1.81,4.25,0.33,-100.00,,4.07,-1.03,-1.99,1.63,1.55,-1.08,-0.38,0.57,6.23,1.34,-1.91,6.83,5.12,3.25,-2.17
WKCurrent_sq,,,,,,,,,,,,,,,,,,,,,,,,,,,,,,,,,,,,,,,,,,,,,,,,,,,,
CWKCurrent,,,,,,,,,,,,,,,,,,,,,,,,,,,,,,,,,,,,,,,,,,,,,,,,,,,,
CWKCurrent_yy,-8.36,-0.46,,,,-13.05,-11.14,-39.91,67.92,100.83,107.13,282.63,45.30,20.50,24.18,1.59,,-9.75,-12.99,-12.49,,-9.06,-9.03,-6.48,,34.52,35.86,33.90,,-22.10,-23.04,-18.64,-1.90,-3.16,-2.56,,-5.41,-5.24,-3.94,,-2.53,-0.11,-0.06,-1.67,-0.63,-5.02,-7.29,-5.85,-11.36,-10.42,-12.08,-11.84
CWKCurrent_sy,-10.50,-12.74,,,,-18.27,16.94,-44.18,-1.37,-19.71,-44.43,-4.51,-34.29,-30.98,-2.13,0.19,,-11.23,-28.55,-26.81,,-17.10,6.38,18.98,,16.43,3.40,0.18,,-2.47,1.64,-1.01,-7.21,2.97,-3.64,,-8.22,-8.12,-4.73,,-4.15,-10.66,-16.49,-6.35,-0.81,5.21,11.91,2.49,1.66,2.38,1.07,13.10
CWKCurrent_qq,,,-5.24,-5.75,-5.53,3.05,-3.15,-36.27,164.01,23.25,-0.11,17.72,0.25,2.21,2.94,-3.70,,,-0.76,-3.14,,,-0.73,-0.42,,,0.26,-1.86,-18.53,-2.82,-0.94,3.75,-1.77,-4.07,-0.33,,,-3.90,1.04,2.03,-1.61,-1.52,1.09,0.38,-0.57,-5.87,-1.32,1.94,-6.39,-4.87,-3.15,2.22
CWKCurrent_sq,,,-22.33,8.99,19.20,-19.00,11.12,-47.97,110.61,-34.06,-23.10,-10.59,44.92,-30.74,9.04,-8.47,,,-12.22,-6.25,,,12.64,4.86,,,0.03,1.59,3.19,-6.99,4.25,-1.06,-3.28,3.22,-2.45,,,3.33,1.15,-1.39,-7.00,-3.69,-5.46,10.59,-1.50,2.16,0.56,1.28,-2.29,2.89,-0.73,13.34
WKGrahamCurrent,,,,,,,,,,,,,,,,,,,,,,,,,,,,,,,,,,,,,,,,,,,,,,,,,,,,
WKGrahamCurrent_yy,71.32,64.01,,,,-32.01,-24.09,54.07,-7.09,-9.77,-16.00,-76.78,-55.98,-32.58,-50.17,-12.06,-100.00,28.95,73.48,80.70,,43.51,37.49,23.30,,-31.41,-32.55,-26.56,,15.20,11.78,-6.63,41.60,46.18,52.81,-100.00,27.20,13.53,9.70,,5.73,17.32,17.68,86.07,86.75,76.56,76.66,5.20,8.15,2.28,4.07,-1.65
WKGrahamCurrent_sy,,,,,,,,,,,,,,,,,,,,,,,,,,,,,,,,,,,,,,,,,,,,,,,,,,,,
WKGrahamCurrent_qq,,,4.69,8.81,-7.36,-35.57,16.88,120.86,-44.13,-37.44,8.81,-38.95,5.91,-4.18,-19.58,7.76,-100.00,,8.19,12.25,-100.00,,3.65,0.66,-100.00,,1.93,9.59,-4.64,8.14,-1.10,-8.46,44.62,11.64,3.38,-100.00,,-0.35,-0.10,6.18,0.03,10.57,0.21,67.88,0.39,4.54,0.26,-0.02,3.21,-1.13,2.01,-5.52
WKGrahamCurrent_sq,,,,,,,,,,,,,,,,,,,,,,,,,,,,,,,,,,,,,,,,,,,,,,,,,,,,
CWKGrahamCurrent,,,,,,,,,,,,,,,,,,,,,,,,,,,,,,,,,,,,,,,,,,,,,,,,,,,,
CWKGrahamCurrent_yy,-41.63,-39.03,,,,47.08,31.74,-35.10,7.63,10.83,19.05,330.64,127.18,48.34,100.70,13.71,,-22.45,-42.35,-44.66,,-30.32,-27.27,-18.90,,45.78,48.25,36.16,,-13.19,-10.54,7.11,-29.38,-31.59,-34.56,,-21.38,-11.92,-8.85,,-5.42,-14.77,-15.03,-46.26,-46.45,-43.36,-43.39,-4.95,-7.54,-2.23,-3.91,1.69
CWKGrahamCurrent_sy,15.94,-49.76,,,,-10.56,9.40,-25.83,25.08,-58.56,-45.12,-24.11,-14.43,-21.07,-25.30,-10.03,,-3.99,-13.40,-10.33,,15.36,-3.95,8.99,,30.57,71.38,9.49,,13.17,-17.89,-4.85,18.44,-12.02,-5.78,,-32.54,-10.57,-3.02,,30.97,7.70,-16.55,-0.41,-7.61,-0.19,43.59,19.73,14.58,19.10,16.89,18.55
CWKGrahamCurrent_qq,,,-4.48,-8.10,7.94,55.22,-14.44,-54.72,78.99,59.83,-8.10,63.79,-5.58,4.36,24.34,-7.20,,,-7.57,-10.91,,,-3.52,-0.66,,,-1.89,-8.75,4.86,-7.53,1.11,9.24,-30.85,-10.43,-3.27,,,0.35,0.10,-5.82,-0.03,-9.56,-0.21,-40.43,-0.39,-4.34,-0.27,0.02,-3.11,1.15,-1.98,5.85
CWKGrahamCurrent_sq,,,-30.21,-5.58,-7.26,46.36,-14.64,-35.99,56.39,-51.50,13.04,-11.49,76.35,-55.27,6.98,6.61,,,-3.51,10.39,,,-19.66,25.25,,,5.45,-19.98,-1.85,36.65,-23.49,-7.27,22.17,1.51,-18.07,,,34.55,-11.15,-2.34,12.17,10.65,-31.16,16.55,4.06,19.54,-0.96,-2.81,-0.42,24.25,-2.79,-1.44
PCurrent,,,,,,,,,,,,,,,,,,,,,,,,,,,,,,,,,,,,,,,,,,,,,,,,,,,,
PCurrent_yy,-31.07,53.91,,,,53.08,17.88,-8.81,-81.00,-81.19,-78.14,-74.18,12.73,35.59,39.03,30.24,27.97,9.65,0.67,-9.90,1.91,31.95,23.67,45.88,26.11,-26.22,-14.29,-32.58,-5.19,60.23,40.92,74.14,24.98,-22.10,-11.73,-18.74,-20.39,19.26,53.16,165.89,337.35,371.01,341.10,209.40,136.10,108.55,61.87,29.43,3.39,-7.94,-7.88,1.09
PCurrent_sy,,,,,,,,,,,,,,,,,,,,,,,,,,,,,,,,,,,,,,,,,,,,,,,,,,,,
PCurrent_qq,,,18.05,21.37,8.84,-1.83,-9.10,-6.11,-77.32,-2.81,5.64,10.90,-1.00,16.91,8.32,3.89,-2.73,0.17,-0.55,-7.02,10.02,29.70,-6.79,9.68,-4.89,-24.12,8.28,-13.73,33.75,28.24,-4.77,6.61,-4.01,-20.07,7.90,-1.86,-5.95,19.75,38.57,70.38,54.69,28.97,29.77,19.51,18.04,13.92,0.73,-4.44,-5.70,1.44,0.79,4.86
PCurrent_sq,,,,,,,,,,,,,,,,,,,,,,,,,,,,,,,,,,,,,,,,,,,,,,,,,,,,
CPCurrent,,,,,,,,,,,,,,,,,,,,,,,,,,,,,,,,,,,,,,,,,,,,,,,,,,,,
CPCurrent_yy,45.07,-35.03,,,,-34.67,-15.19,9.65,426.29,431.54,357.49,287.29,-11.29,-26.25,-28.07,-23.22,-21.86,-8.80,-0.67,10.98,-1.87,-24.21,-19.14,-31.45,-20.70,35.53,16.67,48.33,5.47,-37.59,-29.04,-42.58,-19.99,28.37,13.29,23.06,25.63,-16.16,-34.71,-62.39,-77.13,-78.77,-77.32,-67.67,-57.67,-52.02,-38.26,-22.78,-3.25,8.61,8.58,-1.06
CPCurrent_sy,-8.30,-19.21,,,,-21.10,-20.99,-25.65,-16.23,-17.05,-5.74,10.29,6.82,-19.38,-10.93,-11.84,-7.60,21.43,12.66,8.84,-1.77,-5.62,-10.99,-24.33,-26.59,-24.86,-24.96,-10.96,1.87,32.02,50.99,61.96,54.27,4.13,-22.94,-37.93,-39.84,-36.24,-23.27,-18.07,-14.81,-5.87,-9.11,-4.50,-3.97,51.22,79.88,83.42,98.79,-2.79,15.55,-24.27
CPCurrent_qq,,,-15.28,-17.61,-8.12,1.87,9.98,6.52,340.98,2.89,-5.34,-9.83,1.01,-14.46,-7.68,-3.75,2.80,-0.17,0.55,7.55,-9.10,-22.90,7.29,-8.83,5.14,31.78,-7.64,15.91,-25.24,-22.02,5.00,-6.20,4.17,25.11,-7.33,1.89,6.34,-16.50,-27.83,-41.31,-35.34,-22.49,-22.91,-16.32,-15.34,-12.14,-0.80,4.64,6.08,-1.36,-0.83,-4.65
CPCurrent_sq,,,-12.00,-3.20,-8.18,0.88,-11.88,-8.92,3.46,-0.10,0.14,6.57,0.20,-24.61,10.64,5.48,5.02,-0.92,2.65,1.90,-5.21,-4.80,-3.20,-13.37,-8.04,-2.56,-3.33,2.79,5.20,26.29,10.56,10.26,0.20,-14.76,-18.18,-11.19,-2.88,-9.67,-1.52,-5.17,0.99,-0.18,-4.92,-0.35,1.55,57.18,13.10,1.61,10.06,-23.14,34.43,-33.41
ZCurrent,,,,,,,,,,,,,,,,,,,,,,,,,,,,,,,,,,,,,,,,,,,,,,,,,,,,
ZCurrent_yy,-397.48,212.05,,,,887.86,-14.46,250.18,-27.18,-90.98,-115.19,-128.72,-256.74,-771.05,-472.22,89.90,99.27,139.08,172.24,418.85,4321.19,37.65,-20.50,-40.34,-58.33,-55.00,-66.18,-39.82,-2.22,14.22,84.40,17.41,31.50,58.24,16.79,123.30,91.68,58.24,51.48,4.89,-8.86,-30.56,-21.73,-84.87,-93.76,-32.11,-6.33,546.80,2358.06,196.55,157.30,100.26
ZCurrent_sy,,,,,,,,,,,,,,,,,,,,,,,,,,,,,,,,,,,,,,,,,,,,,,,,,,,,
ZCurrent_qq,,,673.71,62.91,-9.22,-13.67,-33.00,566.92,-81.12,-89.31,-212.85,-1161.51,-3.01,54.24,3.77,77.72,92.59,2558.94,77.92,-1.68,-1.86,-19.81,2.76,-26.22,-31.46,-13.40,-22.78,31.31,11.36,1.16,24.67,-16.40,24.73,21.73,-7.99,59.84,7.07,0.49,-11.92,10.68,-6.97,-23.43,-0.72,-78.61,-61.65,733.60,36.99,47.69,45.74,0.57,18.86,14.95
ZCurrent_sq,,,,,,,,,,,,,,,,,,,,,,,,,,,,,,,,,,,,,,,,,,,,,,,,,,,,
CZCurrent,,,,,,,,,,,,,,,,,,,,,,,,,,,,,,,,,,,,,,,,,,,,,,,,,,,,
CZCurrent_yy,,,,,,-89.88,16.91,-71.44,37.33,1009.09,,,,,,,,,,,,-27.36,25.78,67.64,139.99,122.21,195.79,66.19,2.25,-12.45,-45.78,-14.85,-23.94,-36.81,-14.38,-55.22,-47.83,-36.80,-33.99,-4.65,9.72,44.00,27.78,560.88,1504.44,47.29,6.76,-84.53,-95.93,-66.28,-61.14,-50.07
CZCurrent_sy,,,,,,-60.65,-40.92,-48.09,-30.17,-26.22,,,,,,,,,,,,56.43,40.04,34.26,36.25,-2.96,30.65,40.30,30.51,66.51,36.02,59.40,58.36,-10.55,-20.16,-24.09,-45.99,14.23,36.15,-13.86,-2.31,-43.96,-47.91,-21.88,-40.95,19.60,19.46,43.15,101.71,19.08,-5.82,-19.59
CZCurrent_qq,,,-87.07,-38.61,10.15,15.83,49.27,-85.01,429.71,835.50,,,,,,,,,-43.80,1.71,1.91,24.71,-2.69,35.55,45.90,15.47,29.53,-23.84,-10.23,-1.13,-19.78,19.61,-19.81,-17.86,8.69,-37.44,-6.59,-0.49,13.52,-9.64,7.49,30.61,0.73,367.35,160.95,-88.01,-26.99,-32.30,-31.39,-0.56,-15.86,-13.01
CZCurrent_sq,,,-9.63,-12.69,-35.56,-22.60,35.67,-23.28,-13.33,-18.22,,,,,,,,,-1.08,2.48,19.91,28.68,-11.45,-1.75,21.69,-8.35,19.22,5.51,13.20,16.94,-2.61,23.65,12.46,-33.95,-13.07,17.55,-19.98,39.70,3.61,-25.63,-9.25,-19.86,-3.70,11.53,-31.39,62.32,-3.82,33.65,-3.33,-4.18,-23.93,14.11
ZOCurrent,,,,,,,,,,,,,,,,,,,,,,,,,,,,,,,,,,,,,,,,,,,,,,,,,,,,
ZOCurrent_yy,-40.62,19.24,,,,521.07,7.22,-63.96,-103.54,-170.02,-213.79,-392.97,-3046.32,34.69,68.60,109.13,111.10,144.34,170.62,80.74,93.12,-5.04,-9.17,-43.45,-77.94,-64.01,-57.96,69.84,369.28,255.00,271.63,-17.36,-39.07,-26.15,-40.55,81.93,107.40,112.33,132.62,43.41,19.72,-23.22,-28.02,-95.55,-100.26,-47.47,-28.95,2002.95,53013.64,220.67,174.49,45.99
ZOCurrent_sy,,,,,,,,,,,,,,,,,,,,,,,,,,,,,,,,,,,,,,,,,,,,,,,,,,,,
ZOCurrent_qq,,,350.20,62.67,-9.23,-6.57,-22.28,-45.31,-108.92,-1746.20,-26.30,-40.79,4.16,61.68,39.28,140.94,16.52,53.09,-3.30,4.79,24.50,-24.73,-7.51,-34.76,-51.44,22.82,8.05,163.56,34.17,-7.09,13.11,-41.39,-1.08,12.62,-8.95,79.38,12.77,15.29,-0.25,10.58,-5.85,-26.06,-6.50,-93.17,-105.41,15318.18,26.46,102.15,36.01,-7.77,8.25,7.51
ZOCurrent_sq,,,,,,,,,,,,,,,,,,,,,,,,,,,,,,,,,,,,,,,,,,,,,,,,,,,,
CZOCurrent,,,,,,,,,,,,,,,,,,,,,,,,,,,,,,,,,,,,,,,,,,,,,,,,,,,,
CZOCurrent_yy,68.37,-16.12,,,,-83.90,-6.74,177.44,,,,,,,,,,,,-44.67,-48.21,5.31,10.11,76.83,353.19,177.89,137.86,-41.12,-78.69,-71.83,-73.09,20.99,64.15,35.41,68.22,-45.03,-51.79,-52.91,-57.02,-30.27,-16.48,30.24,38.93,2149.20,,90.37,40.74,-95.24,,-68.82,-63.57,-31.50
CZOCurrent_sy,-50.28,-24.86,,,,-58.52,-31.22,-2.05,,,,,,,,,,,,16.03,21.81,57.68,34.33,71.61,34.05,18.95,21.37,2.06,19.73,59.79,69.89,121.08,86.02,-22.70,-25.75,-41.78,-51.10,11.01,-1.42,-10.43,-3.35,-47.59,-43.44,-41.70,,25.41,30.46,64.42,,24.72,17.66,7.53
CZOCurrent_qq,,,-77.79,-38.53,10.17,7.03,28.66,82.86,,,,,,,,,-14.19,-34.67,3.42,-4.56,-19.68,32.83,8.14,53.26,105.86,-18.55,-7.44,-62.06,-25.48,7.65,-11.60,70.60,1.11,-11.20,9.83,-44.25,-11.32,-13.27,0.25,-9.57,6.22,35.25,6.94,1364.06,,,-20.94,-50.53,-26.48,8.43,-7.62,-6.99
CZOCurrent_sq,,,-24.74,-38.53,10.17,-18.61,24.79,-12.46,,,,,,,,,12.89,-4.77,9.60,-1.53,18.51,23.27,-6.63,25.80,-7.43,9.39,-4.73,5.79,8.60,45.99,1.30,37.67,-8.63,-39.33,-2.71,7.95,-23.26,37.74,-13.60,-1.92,-17.20,-25.31,-6.76,1.09,,,-3.01,27.41,14.92,-12.18,-8.50,16.44
EVCurrent,,,,,,,,,,,,,,,,,,,,,,,,,,,,,,,,,,,,,,,,,,,,,,,,,,,,
EVCurrent_yy,-11.41,-14.07,,,,25.10,41.78,-212.25,-8.14,-8.55,-2.33,215.48,15.49,3.37,8.53,10.51,13.61,-7.65,-11.47,-14.48,,-5.16,-2.12,-3.10,,3.19,15.42,14.38,-3.94,-2.58,1.70,10.71,-11.91,-16.60,-25.11,2.27,-20.59,-1.21,-0.96,-22.06,8.50,-16.68,-15.06,37.81,12.51,49.68,59.13,-9.86,-7.26,-18.98,-40.56,-57.47
EVCurrent_sy,,,,,,,,,,,,,,,,,,,,,,,,,,,,,,,,,,,,,,,,,,,,,,,,,,,,
EVCurrent_qq,,,-18.37,7.69,27.57,11.56,-7.48,-185.25,204.40,11.06,-1.19,0.80,4.41,-0.60,3.75,2.64,7.33,-19.19,-0.54,-0.85,25.50,-23.37,2.65,-1.84,29.51,-20.92,14.81,-2.73,8.76,-19.80,19.85,5.90,-13.47,-24.06,7.61,44.62,-32.81,-5.53,7.88,13.81,-6.46,-27.45,9.99,84.65,-23.64,-3.49,16.94,4.59,-21.43,-15.69,-14.21,-25.16
EVCurrent_sq,,,,,,,,,,,,,,,,,,,,,,,,,,,,,,,,,,,,,,,,,,,,,,,,,,,,
EVPCurrent,,,,,,,,,,,,,,,,,,,,,,,,,,,,,,,,,,,,,,,,,,,,,,,,,,,,
EVPCurrent_yy,28.52,-44.17,,,,-18.28,20.26,-223.09,383.48,386.11,346.81,547.19,2.45,-23.76,-21.94,-15.15,-11.22,-15.78,-12.06,-5.08,-1.87,-28.12,-20.85,-33.57,-20.70,39.86,34.66,69.66,1.32,-39.20,-27.83,-36.42,-29.52,7.07,-15.17,25.85,-0.25,-17.16,-35.34,-70.69,-75.19,-82.32,-80.75,-55.47,-52.35,-28.25,-1.61,-30.37,-10.29,-11.90,-35.51,-57.87
EVPCurrent_sy,4.10,-30.48,,,,-9.28,-6.34,-47.22,-18.99,-32.43,-50.93,8.30,16.43,-18.10,44.53,31.71,-7.60,6.65,37.05,13.10,-5.24,23.43,0.53,51.24,-18.16,-11.75,-2.89,-34.14,61.69,99.81,25.71,37.75,13.81,-4.64,-16.03,12.29,-11.77,-6.14,-1.08,-29.27,-37.15,-53.23,-38.13,-36.57,26.82,65.59,66.64,68.77,0.92,-20.32,-18.27,-9.08
EVPCurrent_qq,,,-30.85,-11.27,17.19,13.65,1.77,-190.81,560.31,14.27,-6.46,-9.11,5.46,-14.97,-4.22,-1.20,10.34,-19.33,0.01,6.63,14.07,-40.91,10.13,-10.50,36.17,4.21,6.03,12.76,-18.68,-37.47,25.87,-0.67,-9.86,-5.01,-0.27,47.36,-28.55,-21.11,-22.15,-33.20,-39.53,-43.77,-15.26,54.56,-35.30,-15.33,16.20,9.37,-16.63,-16.85,-14.94,-28.55
EVPCurrent_sq,,,-16.22,4.40,-8.74,13.65,-13.51,-41.17,40.08,-5.20,-37.18,29.83,50.59,-33.32,10.85,18.32,5.65,-23.03,42.45,-2.36,-11.49,0.26,16.02,46.89,-52.10,8.11,27.66,-0.38,17.60,33.60,-19.68,9.17,-2.85,11.94,-29.27,45.98,-23.67,19.08,-25.45,4.38,-32.17,-11.37,-1.39,6.99,35.63,15.71,-0.76,8.36,-18.90,-8.64,1.80,20.54
EVEBITCurrent,,,,,,,,,,,,,,,,,,,,,,,,,,,,,,,,,,,,,,,,,,,,,,,,,,,,
EVEBITCurrent_yy,49.17,-27.93,,,,-79.86,32.24,-411.42,-2691.51,-230.60,-185.83,60.58,96.33,-58.27,-245.68,1310.41,1123.26,308.26,225.36,-52.68,-48.21,-0.13,7.77,71.35,353.19,186.75,174.55,-32.65,-79.53,-72.56,-72.64,33.95,44.59,12.94,25.98,-43.78,-61.72,-53.48,-57.43,-45.65,-9.38,8.51,18.01,2999.68,-44176.65,184.94,123.96,-95.71,100.18,-74.74,-78.34,-70.87
EVEBITCurrent_sy,519.84,127.67,,,,-49.78,55.60,-48.12,114.80,-46.25,23.33,22.64,-58.31,2.33,6.00,-9.30,13.24,-12.74,0.20,-1.76,37.20,22.83,32.03,51.14,7.92,46.22,21.43,-8.51,14.47,-30.11,-72.70,66.05,45.05,70.64,290.61,-13.97,7.93,-5.89,1.25,1.89,10.81,-18.98,-40.29,-49.48,-58.60,-14.90,16.87,119.15,239.27,-14.42,13.20,-58.61
EVEBITCurrent_qq,,,-81.87,-33.80,40.54,19.41,19.03,-255.89,-1069.55,93.98,21.77,28.41,-8.94,-159.39,-70.87,350.69,-7.90,-47.21,2.85,-5.38,0.81,1.80,11.00,50.44,166.62,-35.59,6.27,-63.10,-18.95,-13.67,5.96,80.66,-12.51,-32.57,18.19,-19.38,-40.42,-18.06,8.16,2.92,-0.65,-1.88,17.63,2603.33,-1512.72,100.63,-7.55,-48.25,-42.24,-8.58,-20.74,-30.39
EVEBITCurrent_sq,,,-83.14,228.41,-62.99,145.05,-47.76,9.49,53.26,-38.68,19.86,8.88,-47.91,50.52,24.16,-6.84,-34.96,15.98,42.58,-8.66,-9.17,3.84,53.26,4.56,-35.14,40.69,27.28,-21.23,-18.85,-14.10,-50.29,379.21,-29.11,1.06,13.78,5.54,-11.06,-11.89,22.41,6.21,-3.27,-35.57,-9.79,-10.13,-20.74,32.43,23.89,68.53,22.70,-66.59,63.87,-38.37
EVEBITDACurrent,,,,,,,,,,,,,,,,,,,,,,,,,,,,,,,,,,,,,,,,,,,,,,,,,,,,
EVEBITDACurrent_yy,2.32,-14.07,,,,-54.14,18.64,-271.14,1153.17,-375.21,-301.18,-24.52,-114.35,-176.44,-1630.99,446.35,445.06,152.06,111.18,-18.65,-19.16,2.54,8.92,38.19,117.80,76.95,87.47,-9.87,-55.08,-46.54,-46.06,55.61,65.79,33.58,34.99,-32.46,-56.13,-49.33,-53.32,-44.15,-8.21,6.72,15.67,1423.74,2376.75,172.73,120.83,-91.23,-96.81,-72.50,-76.99,-70.29
EVEBITDACurrent_sy,-56.32,37.07,,,,-32.66,-4.44,-26.51,238.41,-37.20,32.31,34.26,-62.72,-13.09,22.30,76.06,55.25,2.41,-18.40,-38.65,1.24,37.32,29.52,74.94,44.31,5.08,26.73,-27.64,-3.43,-19.50,-15.34,70.33,45.71,94.06,32.28,-11.41,5.59,-14.74,2.26,-8.98,-11.64,-33.21,-39.88,-38.15,-42.42,58.79,38.46,119.01,153.46,-40.53,1.54,-32.12
EVEBITDACurrent_qq,,,-59.76,-24.49,32.74,13.72,4.09,-208.92,1071.97,-124.98,23.91,32.58,-12.01,-381.12,-376.44,113.49,11.60,-27.41,2.35,-1.88,10.89,-7.92,8.72,24.49,74.78,-25.19,15.18,-40.15,-12.90,-10.96,16.20,72.67,-7.20,-28.26,17.42,-13.60,-39.72,-17.15,8.18,3.37,-0.93,-3.67,17.25,1261.74,61.03,-89.39,-5.06,-45.90,-41.36,-8.70,-20.57,-30.13
EVEBITDACurrent_sq,,,-61.49,15.83,-54.86,234.44,-45.35,-10.92,107.84,-37.93,15.14,-9.61,-42.29,44.69,62.02,30.13,-49.11,-4.55,29.10,-2.16,-16.03,29.48,21.76,32.15,-30.73,-5.72,46.84,-24.54,-7.56,-21.41,54.44,51.82,-20.93,4.66,5.27,1.68,-5.76,-15.49,26.27,-9.49,-8.52,-36.12,13.66,-6.88,-14.83,76.15,-0.89,47.29,-1.43,-58.67,69.22,-1.53
ROE,,,,,,,,,,,,,,,,,,,,,,,,,,,,,,,,,,,,,,,,,,,,,,,,,,,,
ROE_yy,-370.37,211.64,,,,759.51,-23.93,110.35,22.30,-81.87,-131.46,-209.92,-327.74,-907.09,-610.14,89.73,,135.27,162.88,378.90,,25.17,-27.72,-44.24,,-39.45,-54.06,-19.32,,-10.95,41.98,-4.57,29.03,53.07,13.79,,81.25,49.93,45.55,,-11.21,-30.62,-21.77,-85.17,-93.79,-35.52,-13.21,510.78,2073.44,165.67,126.29,76.47
ROE_sy,15.37,155.35,,,,2.94,-30.97,-20.13,669.31,36.15,110.03,15.26,-28.72,-9.80,-42.22,-14.41,,-22.76,14.10,1.20,,-41.20,-36.63,-35.14,,8.38,-30.94,-18.03,,-55.31,-29.44,-60.84,-64.16,8.32,6.91,,103.50,45.12,33.17,,43.98,16.81,42.86,-15.86,-26.45,-35.68,-42.31,12.41,13.92,26.62,68.22,8.96
ROE_qq,,,633.13,53.64,-14.27,-10.99,-35.12,324.86,-50.16,-86.81,-212.60,-1384.27,-3.27,53.24,0.93,78.53,,,76.63,-4.78,,,1.99,-26.54,,,-22.63,29.01,-9.32,-1.61,23.36,-13.29,22.61,16.72,-8.30,,,-3.45,-10.98,12.94,-8.53,-24.56,0.39,-78.59,-61.68,682.81,35.13,50.66,36.37,-4.31,15.10,17.49
ROE_sq,,,-4.52,14.27,-83.43,469.51,-35.97,32.22,59.57,0.79,-1.23,-27.44,-1.32,27.54,-36.73,7.49,,,-6.55,-4.67,,,0.70,-2.41,,,-35.83,15.82,-11.36,-32.17,1.32,-35.72,-18.86,105.00,,,,46.19,-8.24,-7.05,15.47,18.60,12.23,-45.26,0.94,3.71,0.67,6.67,2.29,15.27,33.75,-30.91
ROA,,,,,,,,,,,,,,,,,,,,,,,,,,,,,,,,,,,,,,,,,,,,,,,,,,,,
ROA_yy,-409.68,226.04,,,,675.21,-21.87,36.80,46.31,-79.21,-137.01,-270.51,-294.56,-740.00,-435.29,90.70,,136.54,163.11,396.96,,-8.55,-24.13,-52.24,,-33.33,-59.67,-9.92,,-14.39,56.50,-19.94,22.15,75.21,6.49,,142.21,56.59,49.02,,-28.07,-26.03,-18.49,-90.52,-95.93,-54.87,-40.96,493.75,1580.00,77.52,40.14,2.11
ROA_sy,512.90,77.37,,,,48.66,97.23,35.97,99.25,42.81,41.65,12.49,16.53,-12.65,-40.63,-42.21,,-14.72,15.99,11.10,,-34.90,-23.33,-16.54,,-14.70,-42.54,-39.12,,-87.33,-107.77,-91.75,-66.26,454.67,1294.74,,289.09,9.38,-0.22,,51.17,13.41,42.16,17.31,-26.74,-20.93,-39.44,-27.43,-33.76,6.86,18.46,-39.23
ROA_qq,,,580.17,47.27,-13.94,-10.07,-31.45,157.85,-7.96,-87.22,-222.05,-1087.82,-5.02,57.97,-2.08,79.36,,,76.32,-2.86,,,46.28,-38.85,,,-11.51,36.59,-13.99,-17.65,61.76,-30.13,31.23,18.13,-1.68,,,-23.63,-6.43,10.47,-8.89,-21.46,3.11,-87.15,-60.94,772.00,34.86,29.25,10.53,-7.86,6.46,-5.83
ROA_sq,,,-14.39,64.30,-1.05,6.82,13.57,13.27,45.00,-23.43,12.65,-10.05,50.21,-42.61,-23.44,-12.43,,,4.13,-16.13,,,22.62,-8.70,,,-17.40,-3.27,-31.08,-76.99,-150.67,202.63,182.05,278.18,9.13,,,6.31,-0.44,8.39,31.77,-20.25,24.81,-10.56,-17.71,-13.92,-4.41,7.18,-24.88,38.85,5.96,-45.02
OPM,,,,,,,,,,,,,,,,,,,,,,,,,,,,,,,,,,,,,,,,,,,,,,,,,,,,
OPM_yy,-14.12,-22.37,,,,305.88,-8.95,-60.41,-118.62,-472.17,-620.34,-1232.85,-2694.81,51.83,77.43,107.01,108.67,140.42,170.13,100.73,89.60,-28.00,-26.54,-61.31,-82.42,-51.11,-50.98,152.36,392.66,121.02,164.00,-52.52,-51.21,-5.14,-32.68,124.02,160.31,78.05,52.09,-46.05,-72.58,-83.71,-83.72,-98.70,-100.00,-74.77,-55.84,1700.00,,248.15,197.06,43.06
OPM_sy,1484.62,59.44,,,,65.85,74.79,20.91,24.11,31.93,0.57,22.32,33.95,2.71,21.51,13.43,-1.98,-1.71,-9.39,-24.79,-6.07,-8.20,8.74,-17.13,-21.89,-30.50,-34.52,-17.77,-35.67,-46.48,-58.60,-50.00,-40.59,26.10,64.53,41.85,3.33,-2.93,4.95,17.62,114.25,60.38,49.66,29.64,-14.68,-18.59,-26.43,-20.85,,-43.64,-53.52,-93.33
OPM_qq,,,281.18,34.10,-16.57,-4.83,-14.49,-41.69,-139.24,-1802.22,-19.55,-26.94,3.18,67.21,43.98,139.39,19.78,52.91,-2.80,12.76,13.14,-41.94,-0.83,-40.62,-48.58,61.47,-0.57,205.71,0.37,-27.56,18.77,-45.02,3.15,40.84,-15.72,82.96,19.86,-3.67,-28.01,-35.10,-39.09,-42.78,-28.04,-94.81,-100.00,,25.93,111.76,43.06,-8.74,7.45,1.98
OPM_sq,,,5.05,41.96,-7.94,20.81,10.71,-1.80,-5.51,28.43,-15.61,19.43,3.48,-1.53,-0.16,11.49,-10.58,-1.25,-7.97,-7.46,11.67,-3.48,9.02,-29.47,5.25,-14.12,2.72,-11.43,-17.66,-28.55,-20.55,6.98,-2.17,51.67,3.66,-7.77,-28.74,42.47,12.08,3.37,29.80,6.65,4.59,-10.46,-14.57,,-5.49,-3.67,-22.86,-19.75,-22.05,-86.18
ROS,,,,,,,,,,,,,,,,,,,,,,,,,,,,,,,,,,,,,,,,,,,,,,,,,,,,
ROS_yy,-528.00,172.90,,,,546.15,-27.40,283.70,283.07,-52.18,-169.54,-211.27,-239.00,-595.44,-311.24,92.23,99.44,135.68,171.82,453.07,4323.53,4.23,-35.70,-59.13,-66.99,-38.96,-60.61,-10.64,3.38,-28.78,31.09,-32.65,4.90,103.11,32.02,175.25,141.25,32.65,-0.90,-60.55,-79.19,-85.19,-82.18,-94.88,-97.67,-67.53,-42.37,372.73,2600.00,220.00,179.41,100.00
ROS_sy,384.00,83.06,,,,66.14,125.53,31.66,45.76,40.08,49.87,47.23,11.05,0.87,-30.22,-29.98,-19.55,-16.92,-4.25,-15.55,-20.39,-18.06,5.25,-7.08,-12.67,-6.92,-40.79,-17.53,-44.46,-77.85,-101.30,-82.62,-57.02,160.27,6866.67,274.47,89.54,12.11,-5.42,13.07,55.17,34.98,61.72,60.05,18.44,-12.35,-24.64,-40.97,-24.58,-39.29,-23.93,-44.68
ROS_qq,,,555.13,34.44,-16.59,-12.04,-26.39,610.51,-16.73,-89.02,-207.05,-1036.82,-4.02,60.87,11.14,78.51,92.54,2605.88,78.87,5.64,-10.81,-38.16,10.36,-32.86,-27.96,14.35,-28.78,52.33,-16.67,-21.22,31.09,-21.74,29.80,52.53,-14.80,63.17,13.76,-16.13,-36.35,-35.05,-40.00,-40.31,-23.38,-81.36,-72.73,733.33,36.00,52.94,55.77,-1.23,18.75,9.47
ROS_sq,,,-25.73,87.23,14.94,3.95,0.82,9.30,27.25,-0.10,7.86,7.37,-4.02,-9.25,-25.38,7.73,10.29,-6.29,-14.00,-4.98,3.97,-3.54,10.45,-16.11,-2.29,2.81,-29.74,16.85,-34.20,-58.99,-104.11,1666.67,62.77,148.37,6.84,-13.30,-17.61,46.90,-9.86,3.65,13.07,27.78,8.00,2.58,-16.33,-5.44,-7.14,-19.66,6.91,-23.88,16.34,-41.57
RS,,,,,,,,,,,,,,,,,,,,,,,,,,,,,,,,,,,,,,,,,,,,,,,,,,,,
RS_yy,-40.28,137.50,,,,10.53,-27.10,-76.00,-112.26,-357.14,-438.49,-857.45,-1649.29,56.87,84.53,94.14,98.82,151.98,180.30,333.56,1686.21,-47.17,10.06,-34.02,-76.74,-39.09,-70.86,5.78,335.51,15.54,116.67,-30.67,-93.78,125.73,97.29,242.42,2337.93,58.03,-4.59,-42.65,-71.00,-83.93,-81.25,-98.46,-103.41,-70.41,-62.82,1120.00,1157.14,231.03,258.62,109.84
RS_sy,2477.78,16.16,,,,65.49,237.97,65.72,32.75,13.57,-9.55,2.35,10.92,30.01,40.27,71.67,42.91,8.28,-10.18,-34.47,-20.52,-15.43,-23.01,-33.70,-43.33,-42.70,-45.57,-25.98,-19.88,-67.73,-24.12,-14.72,-19.66,143.05,-4.91,19.03,28.27,27.31,98.91,26.39,37.04,25.07,14.34,-12.06,13.11,-30.01,-28.08,-16.39,-53.17,-10.93,-29.24,-65.20
RS_qq,,,43.63,32.21,-16.70,-30.12,-5.26,-56.48,-142.55,-1365.71,-24.71,2.62,1.73,63.86,55.25,63.13,80.14,1686.21,-30.87,7.23,34.90,-47.17,44.03,-35.71,-52.44,38.32,-31.08,133.33,95.80,-63.30,29.24,-25.34,-82.42,1231.03,12.95,29.59,25.13,-13.72,-31.80,-22.12,-36.73,-52.20,-20.41,-93.59,-240.00,514.29,,110.34,21.31,29.73,8.33,23.08
RS_sq,,,-41.37,79.11,21.91,29.28,19.73,-12.17,-2.35,10.59,-4.64,-0.62,5.83,29.63,2.89,21.62,-11.89,-1.79,-14.66,-11.26,6.85,4.51,-22.31,-23.59,-8.66,5.66,-26.19,3.92,-1.13,-57.44,73.54,16.80,-6.86,28.74,-32.10,46.20,0.37,27.78,6.09,-7.10,8.82,16.62,-3.01,-28.55,39.97,-27.84,,-16.94,-21.60,37.24,-20.82,-59.15
GPM,,,,,,,,,,,,,,,,,,,,,,,,,,,,,,,,,,,,,,,,,,,,,,,,,,,,
GPM_yy,-78.05,1377.78,,,,327.07,-33.49,272.80,259.72,-43.31,-147.22,-207.01,-233.36,-549.07,-548.72,89.04,94.22,137.00,175.34,360.86,555.72,2.80,-45.02,-57.35,-68.23,-27.82,-41.22,42.41,101.72,27.71,91.56,-36.21,-25.55,-0.20,-23.90,90.98,79.41,31.62,4.45,-59.17,-77.30,-83.18,-82.73,-94.56,-95.51,-68.75,-48.15,368.75,1262.50,177.14,152.38,45.33
GPM_sy,298.08,115.05,,,,111.74,633.33,42.28,62.19,34.75,27.89,17.08,-0.77,7.12,-10.66,-6.69,-8.96,-12.85,-6.33,-23.53,-11.54,-18.90,0.48,-5.54,-12.09,-14.21,-39.48,-21.53,-39.19,-66.99,-92.06,-59.48,-71.63,85.24,808.00,64.89,188.61,7.17,21.59,11.83,28.07,48.70,43.12,39.23,,-19.00,-22.78,-19.61,-6.51,-48.15,-51.80,-92.10
GPM_qq,,,366.92,37.36,-15.01,-21.66,-27.29,669.98,-17.99,-87.65,-160.56,-1645.13,-2.20,58.42,12.52,70.51,46.11,366.17,78.13,2.10,-5.86,-39.96,-4.73,-20.80,-29.88,36.43,-22.42,91.88,-0.68,-13.63,16.37,-36.10,15.92,15.79,-11.26,60.36,8.89,-15.05,-29.58,-37.31,-39.46,-37.08,-27.68,-80.25,-50.00,337.50,20.00,78.57,45.33,-11.01,9.28,2.83
GPM_sq,,,-70.20,498.48,1.77,16.67,3.20,16.12,16.01,-3.07,-2.06,6.30,-1.67,4.64,-18.32,11.03,-4.07,0.17,-12.20,-9.36,10.97,-8.16,8.78,-14.79,3.27,-10.37,-23.26,10.48,-19.97,-51.35,-81.55,464.00,-43.97,217.72,-9.56,2.42,-1.94,17.98,2.60,-5.80,12.31,36.99,-1.25,-8.35,-19.34,10.96,-5.86,-4.59,-6.19,-38.46,-12.50,-84.35
RBS,,,,,,,,,,,,,,,,,,,,,,,,,,,,,,,,,,,,,,,,,,,,,,,,,,,,
RBS_yy,15.19,-5.43,,,,6.34,11.51,-4.33,-14.85,-164.43,-198.11,-211.13,-252.59,59.20,106.89,118.31,124.55,370.17,617.05,140.31,64.91,-47.44,-22.70,-39.32,-46.31,2.18,-23.64,49.55,103.08,-0.16,28.21,-30.37,-52.38,44.32,19.86,58.45,126.75,16.44,-7.51,-36.89,-63.86,-76.47,-75.64,-81.72,-79.53,-55.00,-42.86,40.57,126.58,85.19,95.37,51.01
RBS_sy,18.39,-1.27,,,,13.62,16.24,20.49,29.37,-0.81,-20.07,-4.91,-13.50,19.89,31.78,15.75,14.10,-3.73,-2.25,0.69,-5.83,-7.75,-15.54,-40.23,-40.84,-27.98,-26.10,3.58,-8.51,-27.78,-20.42,-28.48,0.46,42.75,40.07,58.45,44.01,0.87,-1.89,-8.60,-9.69,0.80,12.77,1.43,13.19,4.43,-7.91,0.35,-9.69,-6.09,7.19,-15.44
RBS_qq,,,14.21,14.60,-12.13,-7.54,19.76,-1.68,-21.79,-169.96,-82.38,-11.37,-7.38,81.29,130.79,196.12,43.98,105.82,-18.29,-0.76,-1.20,-34.40,20.17,-22.10,-12.57,24.85,-10.20,52.56,18.73,-38.62,15.32,-17.14,-18.79,85.99,-4.22,9.54,16.21,-4.49,-23.92,-25.26,-33.45,-37.82,-21.25,-43.92,-25.47,36.71,,37.96,20.13,11.73,5.50,6.64
RBS_sq,,,4.47,-3.44,2.75,9.62,6.88,0.08,10.32,-15.95,-13.87,19.07,0.36,16.49,-5.33,4.58,-1.08,-1.71,-3.87,7.73,-7.48,-3.71,-12.00,-23.76,-8.43,17.22,-9.70,6.85,-19.11,-7.47,-0.49,-3.97,13.62,31.49,-2.37,8.63,3.26,-7.90,-5.03,1.20,2.02,2.80,6.24,-8.97,13.85,-5.15,,-0.81,2.46,-1.37,6.94,-21.75
ROPA,,,,,,,,,,,,,,,,,,,,,,,,,,,,,,,,,,,,,,,,,,,,,,,,,,,,
ROPA_yy,-37.06,34.01,,,,386.36,-2.11,-85.93,-107.12,-261.21,-377.57,-1838.89,-3805.32,37.58,70.64,108.39,,141.49,161.66,68.57,,-36.94,-13.26,-54.80,,-46.75,-49.89,155.00,,166.67,215.70,-43.63,-43.38,-18.33,-45.88,,161.84,110.20,129.13,,-5.43,-18.20,-25.09,-97.20,-100.11,-65.13,-55.20,1818.52,53600.00,91.91,49.49,-25.48
ROPA_sy,3709.09,46.98,,,,9.68,63.07,16.61,65.09,36.48,22.50,16.12,26.65,-7.61,-9.78,-0.99,,-3.22,-4.06,-29.04,,-32.65,-19.21,-12.61,,-2.28,-34.59,-6.66,,-60.21,-56.04,-55.14,-46.45,39.85,62.99,,-42.71,25.00,61.17,,322.22,12.73,12.50,-5.67,-14.25,-12.41,-13.33,-22.76,-37.85,-33.14,-55.94,-95.03
ROPA_qq,,,295.08,47.17,-13.94,-2.80,-20.48,-78.84,-143.52,-2102.13,-36.91,-32.53,2.26,64.81,35.60,137.86,,,-4.29,3.51,,,31.66,-46.07,,,23.89,174.44,3.59,-24.29,46.67,-50.99,4.06,9.19,-2.81,,,-12.34,5.95,10.42,-7.78,-24.18,-2.97,-95.87,-103.70,23600.00,24.68,76.79,3.28,-15.70,-2.88,-11.87
ROPA_sq,,,-28.53,42.93,-13.26,23.79,6.25,2.21,22.81,2.34,-4.64,-3.12,33.95,-25.35,-6.88,6.32,,,-7.68,-21.36,,,10.74,-14.94,,,-25.88,21.39,-23.89,-41.90,-18.09,23.88,-9.16,51.72,-4.55,,,231.02,23.08,-5.80,10.01,-11.62,22.83,-21.01,,-9.72,21.53,-29.60,-19.54,-2.88,-19.92,-92.06
ZNPO,,,,,,,,,,,,,,,,,,,,,,,,,,,,,,,,,,,,,,,,,,,,,,,,,,,,
ZNPO_yy,-1645.28,110.67,,,,337.48,619.78,-6.64,-415.11,-111.86,-94.91,1.10,384.95,8864.41,3047.94,-43.70,-105.57,-96.08,-77.08,80.91,342.74,550.61,176.39,-9.99,-194.67,-92.84,-60.74,-244.96,448.96,-619.86,-176.49,70.15,86.49,179.27,127.63,252.68,-91.91,166.50,522.97,126.22,-716.21,-84.84,-77.73,-101.78,99.50,-117.00,-119.50,3757.48,12107.06,1029.20,498.76,-62.11
ZNPO_sy,5.38,-150.41,,,,510.62,-180.34,-94.00,-176.13,-95.82,244.96,1324.61,215.19,1624.05,15.16,-11.10,-32.18,-20.65,-24.29,-0.36,110.92,48.45,-62.76,-27.87,-187.47,58.84,157.41,-16.02,207.91,-75.08,-13.77,14.14,-61.65,25.64,-3.11,-27.85,-53.07,-29.04,20.62,38.27,201.03,124.05,30.67,58.82,-86.31,-78.83,26.12,-29.76,494.01,366.53,-41.64,5.62
ZNPO_qq,,,69.78,60.85,-17.41,93.98,179.33,-79.14,-378.73,92.70,219.89,314.29,685.57,124.63,-56.94,-92.59,-177.78,258.01,151.72,-41.52,4.36,323.50,6.93,-80.95,-209.76,132.02,486.50,-170.33,364.21,-147.70,13.70,72.55,1750.65,-79.73,-69.92,51.65,-12.59,568.27,-29.68,-44.93,-338.11,116.44,3.32,-104.39,33.07,-460.00,-18.49,923.58,119.72,-56.66,-49.15,-21.74
ZNPO_sq,,,375.49,74.61,-22.44,10.05,-153.90,113.05,-1083.59,106.04,1770.00,28.24,-20.47,-9.60,24.91,-1.01,-39.33,5.78,19.18,30.29,28.41,-25.55,-70.11,152.35,-255.73,235.21,-51.55,-17.67,100.11,-68.77,67.60,8.98,-32.77,2.31,29.25,-18.85,-56.27,54.73,119.69,-6.98,-4.79,15.16,28.14,13.05,-91.79,78.05,663.45,-37.04,-30.59,39.84,-4.50,13.96
ZFI,,,,,,,,,,,,,,,,,,,,,,,,,,,,,,,,,,,,,,,,,,,,,,,,,,,,
ZFI_yy,,,,,,,,,,,,,,,,97.45,,,,,,,,,,,,,-149.79,,,,,,,,,,,,,,,,,,,,,,,
ZFI_sy,,,,,,,,,,,,,,,,12.34,,,,,,,,,,,,,26.58,,,,,,,,,,,,,,,,,,,,,,,
ZFI_qq,,,,,,1481.58,-155.17,,,,,,45.13,46.14,57.21,79.85,,,,,,,,4435.09,-16.63,,,,,,,,,,,,,,,,,,,,,,,,,,,
ZFI_sq,,,,,,63.84,-28.95,,,,,,-12.82,5.72,75.20,-30.42,,,,,,,,38.55,14.37,,,,,,,,,,,,,,,,,,,,,,,,,,,
DTAR,,,,,,,,,,,,,,,,,,,,,,,,,,,,,,,,,,,,,,,,,,,,,,,,,,,,
DTAR_yy,-20.89,-24.82,,,,28.99,-6.03,68.07,-38.58,-29.61,-42.90,-41.45,55.82,68.24,123.03,18.86,,-5.70,-0.67,-9.92,,45.99,-8.40,26.03,,-8.59,24.05,-14.46,,3.78,-14.30,25.60,7.48,-13.50,11.53,,-41.32,-5.79,-3.83,,43.66,-15.55,-13.70,-4.66,-11.80,-19.81,-13.51,7.14,52.56,92.45,102.11,73.67
DTAR_sy,8.01,2.40,,,,-6.74,-8.11,-8.45,-43.38,-4.09,5.30,-5.74,13.34,-5.49,-16.73,-6.29,,-2.91,0.15,4.19,,-3.07,-1.93,-4.03,,0.02,12.82,10.45,,1.71,-14.66,-8.02,6.77,-3.77,5.85,,5.12,-4.15,0.69,,-0.96,7.99,-4.81,1.42,-10.24,1.16,4.84,3.59,6.74,2.34,14.01,5.87
DTAR_qq,,,21.58,8.95,-0.68,-1.96,-11.43,94.88,-63.70,12.36,-28.15,99.82,-3.41,21.32,-4.75,6.49,,,0.33,-3.43,,,-37.05,32.86,,,-14.57,-8.39,8.22,22.53,-29.45,34.27,-7.39,-1.38,-9.04,,,58.32,-7.15,-2.87,0.61,-6.93,-5.12,7.31,-6.92,-15.38,2.34,32.93,32.53,6.74,7.48,14.22
DTAR_sq,,,-9.84,-1.57,1.20,3.85,-11.16,-1.94,-37.42,75.93,-2.47,-12.22,-24.75,46.71,-14.07,-1.22,,,-11.37,2.77,,,-10.32,0.58,,,1.16,-1.54,-8.05,11.06,-15.12,6.11,6.74,0.09,-6.63,,,-8.74,-1.91,4.51,5.87,-0.50,-13.53,11.34,-6.30,12.13,-10.39,10.02,-3.45,7.52,-0.17,2.16
CG,,,,,,,,,,,,,,,,,,,,,,,,,,,,,,,,,,,,,,,,,,,,,,,,,,,,
CG_yy,-31.69,-33.37,,,,43.33,-8.55,158.51,-48.66,-38.61,-51.50,-62.25,82.43,112.17,196.12,31.25,,-9.02,-1.04,-15.41,,99.73,-12.71,47.36,,-16.94,41.53,-23.55,,7.75,-22.38,49.67,13.59,-24.19,19.28,,-56.10,-9.92,-6.24,,77.29,-20.80,-17.08,50.38,33.38,14.61,26.99,9.39,99.36,188.31,226.46,200.16
CG_sy,10.48,-20.00,,,,32.15,56.29,9.15,-59.01,-12.92,25.47,2.76,20.96,-9.76,-28.54,-17.27,,-7.02,-5.43,5.80,,-5.86,1.84,4.70,,3.54,25.37,-2.26,,-16.73,-39.66,-18.34,-1.79,-7.56,24.71,,0.45,-2.65,-13.44,,-2.07,-6.31,-8.12,-0.64,-5.23,-16.10,-8.97,6.77,25.42,32.40,14.30,4.68
CG_qq,,,31.37,13.56,-1.03,-2.93,-16.18,221.01,-80.35,16.08,-33.77,149.85,-5.02,35.01,-7.57,10.75,,,0.53,-5.34,,,-56.07,59.81,,,-25.14,-13.67,14.12,46.11,-46.08,66.47,-13.39,-2.48,-15.15,,,100.08,-11.69,-0.71,1.05,-10.61,-7.55,80.06,-10.37,-23.19,2.44,55.12,63.34,11.08,15.99,42.62
CG_sq,,,-44.90,42.47,21.40,38.67,-34.84,-0.50,-54.41,194.61,-6.11,-18.51,-46.34,119.80,-25.66,-5.65,,,-24.38,5.56,,,-18.19,8.52,,,-0.93,-15.39,-15.85,18.06,-28.20,14.50,1.19,11.13,-3.14,,,7.69,-13.88,7.51,-1.78,3.03,-15.54,16.25,-6.32,-8.79,-8.36,36.36,10.05,-3.72,-20.89,24.88
LDER,,,,,,,,,,,,,,,,,,,,,,,,,,,,,,,,,,,,,,,,,,,,,,,,,,,,
LDER_yy,540.28,-49.27,,,,32.00,9.64,-18.77,-61.88,-60.84,-62.16,17.06,70.36,30.87,195.44,8.91,,33.21,1.70,11.90,,57.65,-30.48,-8.64,,-18.25,27.81,1.64,,-17.77,21.84,20.66,37.38,-0.18,-23.88,,-59.63,-53.14,-53.45,,35.75,-31.46,-26.48,-33.44,-56.38,11.05,5.38,-29.09,109.31,153.57,151.79,333.56
LDER_sy,77.66,-46.71,,,,29.46,69.47,17.71,-39.43,-0.48,-11.55,51.33,85.96,16.26,34.02,3.05,,43.09,16.73,52.06,,1.08,42.62,33.34,,15.26,21.06,2.61,,-19.84,-36.11,-36.73,-17.02,-10.35,12.23,,-7.15,-8.52,-21.09,,-21.26,-1.99,23.02,6.33,1.00,-14.49,-5.91,-9.31,-0.79,-23.44,-40.83,-14.79
LDER_qq,,,-8.24,-1.80,41.39,3.61,-23.78,-27.24,-33.65,6.43,-26.34,125.06,-3.44,-18.24,66.28,-17.04,,,26.95,-8.72,,,-44.02,19.96,,,-12.47,-4.61,2.42,-3.84,29.70,-5.53,16.60,-30.13,-1.09,,,-18.90,-1.75,23.52,37.92,-59.05,5.38,11.83,-9.62,4.26,,-24.74,166.78,26.30,-0.70,29.58
LDER_sq,,,-34.21,2.26,21.00,59.03,-13.88,-28.97,-37.74,161.31,-23.46,21.54,-23.50,63.36,-11.77,-6.55,,,-28.03,21.74,,,1.55,13.83,,,6.66,-3.52,-7.28,-15.99,-14.98,-4.46,21.61,-9.24,6.43,,,-10.58,-8.20,-0.73,-3.37,11.30,15.23,-14.20,-8.22,-5.76,,-17.30,0.40,-27.27,-2.01,19.09
PZAT,,,,,,,,,,,,,,,,,,,,,,,,,,,,,,,,,,,,,,,,,,,,,,,,,,,,
PZAT_yy,-86.13,48.17,,,,-2.94,9.04,28.30,57.35,84.92,91.75,-15.83,-12.74,-19.54,-59.75,-15.02,,-35.55,-32.29,-39.20,,-53.70,13.68,-11.12,,32.58,-12.48,-0.16,,-39.84,-77.65,-73.72,-72.50,-53.06,4.10,,132.73,104.63,144.85,,-28.37,45.17,24.01,35.12,117.40,-18.50,-14.13,21.99,-61.82,-67.34,-67.43,-76.49
PZAT_sy,-1.42,-19.55,,,,0.03,-4.54,37.56,28.36,37.14,57.06,28.67,-4.01,3.70,-10.35,-17.81,,-33.53,-39.05,-37.15,,-12.87,-8.14,0.28,,27.17,16.45,14.75,,-6.85,-3.50,1.44,2.81,0.61,-5.08,,-13.35,-9.94,-7.47,,-0.26,14.68,20.76,4.29,-8.00,-14.43,-21.07,-8.23,6.44,26.87,25.73,32.29
PZAT_qq,,,11.59,3.01,-22.20,8.53,25.37,21.21,-4.59,27.54,30.00,-46.80,-1.09,17.61,-34.97,12.33,,,-31.68,0.87,,,67.73,-21.14,,,10.72,-10.04,-22.38,-22.20,-58.87,5.82,-18.79,32.81,-8.79,,,16.77,9.14,-19.42,-30.25,136.65,-6.76,-12.21,12.23,-11.28,-1.77,24.72,-64.88,-24.09,-2.05,-9.97
PZAT_sq,,,17.42,-13.99,69.40,-41.53,12.06,23.95,58.07,-37.53,28.33,1.55,17.92,-32.51,10.94,-6.90,,,1.74,-4.01,,,7.26,4.80,,,-1.78,3.26,-2.35,-5.95,1.75,8.55,-1.03,-7.96,-4.01,,,-4.33,-1.38,2.56,3.08,9.99,3.85,-11.42,-9.07,2.31,-4.21,2.99,5.46,21.94,-5.07,8.36
PELDR,,,,,,,,,,,,,,,,,,,,,,,,,,,,,,,,,,,,,,,,,,,,,,,,,,,,
PELDR_yy,35.72,21.56,,,,-23.62,-21.12,67.85,52.65,32.64,40.69,-48.87,-37.51,-13.65,-17.64,9.56,,28.31,45.05,30.43,,37.68,15.86,24.92,,-18.58,-12.34,-7.92,,-4.99,5.11,60.98,96.33,110.11,82.80,,20.29,2.36,-1.15,,-1.85,54.26,68.73,37.95,37.90,7.20,-3.44,15.84,17.15,-12.11,-4.43,-25.47
PELDR_sy,-7.05,19.93,,,,17.43,11.68,7.70,34.50,-4.08,-9.81,18.59,-29.08,19.04,2.96,-1.07,,3.45,-6.04,-7.69,,-10.49,2.92,-10.35,,-15.32,-8.98,-2.90,,-4.28,-0.56,1.12,17.52,9.72,-0.88,,1.01,9.67,-1.84,,3.82,-3.13,-1.49,-15.59,-10.48,-7.42,-0.70,4.91,-4.40,-3.69,-9.54,-5.20
PELDR_qq,,,-1.53,2.08,-6.61,-18.63,1.69,117.23,-15.07,-29.30,7.86,-21.05,3.79,-2.30,2.87,5.03,,,16.29,-5.55,,,-2.14,1.83,,,5.36,6.97,-18.60,3.57,16.56,63.83,-0.73,10.84,1.41,,,-5.68,-2.07,8.29,-1.87,48.23,7.12,-11.46,-1.91,15.23,-3.51,6.21,-0.80,-13.55,4.93,-17.17
PELDR_sq,,,25.13,-15.47,31.33,-15.46,19.00,-18.48,64.00,-39.71,11.89,7.19,-1.92,1.20,-3.22,2.99,,,-12.10,1.18,,,1.08,-11.87,,,8.64,-5.98,-9.64,3.71,12.85,-4.39,5.02,-3.18,1.95,,,5.13,-8.75,6.66,1.46,-1.90,-7.21,-8.61,7.61,1.45,-0.47,-3.44,-1.94,2.20,-6.51,1.19
TSF,,,,,,,,,,,,,,,,,,,,,,,,,,,,,,,,,,,,,,,,,,,,,,,,,,,,
TSF_yy,37.26,2.53,,,,-7.01,3.68,-36.14,10.16,5.41,10.15,57.15,-11.39,-19.31,-18.51,-8.73,,6.16,0.58,7.76,,-22.96,1.21,-15.29,,7.23,-10.30,12.06,,-5.70,12.94,-14.33,-1.72,14.10,-9.29,,22.78,-0.92,-2.81,,-17.22,4.96,2.78,-37.85,-36.83,-29.77,-31.77,-3.18,-20.45,-29.37,-34.54,-36.61
TSF_sy,-17.90,3.72,,,,8.13,4.27,23.78,70.81,16.48,2.19,8.85,-2.39,13.77,24.54,13.55,,9.50,6.96,4.40,,-1.14,-6.13,-2.86,,-12.90,-0.49,-1.82,,1.37,3.52,-1.21,2.74,10.92,1.13,,-5.99,-3.30,-5.41,,3.56,11.91,9.65,4.77,4.59,-13.60,-5.91,-5.45,-7.95,-1.93,-6.34,-11.45
TSF_qq,,,-8.21,-4.23,4.25,1.47,2.33,-41.01,79.83,-2.90,6.94,-15.84,1.39,-11.58,8.00,-5.74,,,2.33,0.98,,,34.43,-15.47,,,12.45,5.60,-4.93,-16.46,34.67,-19.90,9.06,-3.01,7.06,,,-21.73,5.02,-1.06,1.79,-0.77,2.84,-40.17,3.46,10.32,-0.09,-15.10,-14.99,-2.06,-7.39,-17.79
TSF_sq,,,20.46,-16.23,-0.31,7.50,16.16,-0.56,37.56,-26.69,1.90,5.92,23.35,-14.55,11.55,-3.43,,,8.96,-5.75,,,3.46,-2.46,,,18.20,-3.77,-1.07,-9.92,20.71,-8.17,2.88,-2.74,10.06,,,0.04,7.66,-2.34,-1.54,8.10,5.48,-6.68,-1.72,-10.70,14.87,-6.23,-4.31,-4.85,9.70,-11.35
ZKO,,,,,,,,,,,,,,,,,,,,,,,,,,,,,,,,,,,,,,,,,,,,,,,,,,,,
ZKO_yy,-20.09,-34.01,,,,50.98,15.28,44.47,-47.80,-41.13,-52.64,-25.14,86.09,62.30,136.57,16.22,,-9.73,-15.93,-23.12,,18.29,-16.67,12.13,,-3.69,24.16,-11.10,,6.58,-4.59,32.56,-8.25,-22.11,-10.44,,-44.10,-8.48,-6.10,,40.97,-19.99,-18.83,-11.09,-18.21,-22.22,-15.60,6.25,50.62,91.85,99.93,74.18
ZKO_sy,17.55,-4.42,,,,-9.17,-19.09,-6.82,-47.68,-12.92,-5.23,-13.29,27.52,6.53,5.94,11.50,,-7.45,-2.93,-1.63,,6.80,9.29,6.38,,-0.29,6.48,6.77,,11.48,-4.85,-4.52,-6.66,-10.60,0.50,,-0.33,6.38,8.67,,7.99,4.24,-0.80,-1.48,-5.60,-2.31,0.32,-0.50,-0.78,2.35,2.25,6.73
ZKO_qq,,,16.36,5.15,5.88,16.53,-11.15,31.78,-61.75,31.43,-28.52,108.29,-4.90,14.63,4.19,2.33,,,-2.96,-6.42,,,-31.64,25.93,,,-11.87,-9.84,18.93,12.78,-21.10,25.26,-17.68,-4.26,-9.28,,,56.74,-6.93,-4.80,1.51,-11.04,-5.58,4.28,-6.62,-15.40,2.45,31.28,32.38,7.76,6.76,14.37
ZKO_sq,,,-2.65,-8.52,-4.12,6.37,-13.28,5.37,-46.16,77.03,-5.63,-3.58,-20.83,47.88,-6.16,1.48,,,-1.57,2.84,,,0.72,0.10,,,7.55,0.38,5.27,-1.91,-8.20,0.72,2.92,-6.05,3.19,,,0.27,5.41,0.32,1.85,-3.22,0.32,-0.37,-2.41,0.16,3.03,-1.19,-2.69,3.33,2.93,3.14
OSF,,,,,,,,,,,,,,,,,,,,,,,,,,,,,,,,,,,,,,,,,,,,,,,,,,,,
OSF_yy,-8.50,-11.72,,,,11.31,-9.90,35.43,-13.46,-14.85,-28.76,-31.14,12.08,36.74,62.94,8.81,,1.60,13.18,11.50,,62.56,12.17,38.01,,-14.28,8.52,-13.60,,-6.09,-7.42,87.85,73.46,62.28,74.74,,-19.57,-3.77,-3.90,,29.65,34.91,43.73,26.62,22.72,-17.12,-18.81,23.33,48.21,36.22,53.02,-5.01
OSF_sy,-5.75,-2.45,,,,9.12,11.02,4.76,25.05,0.64,-4.03,11.66,5.30,9.63,-1.87,-8.41,,-3.92,7.66,-2.20,,0.04,-0.71,0.79,,1.44,-1.73,-7.32,,-7.40,-4.64,2.06,-0.25,3.82,1.54,,0.76,3.39,3.07,,1.77,-6.14,-4.22,-7.23,-2.29,-0.98,2.66,1.90,3.02,3.48,1.23,-1.34
OSF_qq,,,15.57,7.51,-4.82,-5.87,-6.46,61.61,-39.18,-7.39,-21.74,56.22,-1.01,12.99,-6.75,4.32,,,3.88,2.77,,,-28.32,26.45,,,-9.26,0.68,-13.24,18.47,-10.54,104.30,-19.88,10.84,-3.68,,,32.61,-3.81,7.49,-5.45,37.99,2.48,-5.31,-8.36,-6.81,0.40,43.84,10.13,-14.35,12.77,-10.70
OSF_sq,,,3.21,5.75,-4.82,5.04,5.02,-0.21,13.61,-15.47,0.15,16.10,7.14,-11.99,-10.36,8.36,,,0.45,-1.57,,,-0.31,-0.08,,,-3.42,-5.77,2.43,-0.67,-0.54,0.85,0.11,3.39,-2.72,,,6.10,-3.03,3.69,-4.60,-2.15,-1.04,0.43,0.48,-0.84,2.60,-0.32,1.58,-0.39,0.36,-2.85
NetDebt,7320000000,301000000,-561000000,2836000000,6228000000,10248000000,6687000000,5985000000,-13819000000,-2337000000,-10058000000,4850000000,8566000000,15882000000,12447000000,22385000000,,5449000000,4898000000,4037000000,,11468000000,-9927000000,2795000000,,5300000000,11008000000,13638000000,29643000000,25367000000,19255000000,40260000000,21742000000,-168000000,-627000000,,-18664000000,-3757000000,-2916000000,-2829000000,2669000000,-22865000000,-19493000000,36452000000,12455000000,13001000000,23502000000,44062000000,62109000000,77028000000,89965000000,129959000000
NetDebt_yy,,,,,,,,,,,,,,,,,,,,,,,,,,,,,,,,,,,,,,,,,,,,,,,,,,,,
NetDebt_sy,,,,,,,,,,,,,,,,,,,,,,,,,,,,,,,,,,,,,,,,,,,,,,,,,,,,
NetDebt_qq,,,,,,,,,,,,,,,,,,,,,,,,,,,,,,,,,,,,,,,,,,,,,,,,,,,,
NetDebt_sq,,,,,,,,,,,,,,,,,,,,,,,,,,,,,,,,,,,,,,,,,,,,,,,,,,,,
NetDebtEBITDA,,,,,,,,,,,,,,,,,,,,,,,,,,,,,,,,,,,,,,,,,,,,,,,,,,,,
NetDebtEBITDA_yy,-29.85,-95.89,,,,1148.60,1097.74,221.77,-705.44,-86.28,-38.04,-117.48,92.30,-1917.66,-2073.88,1546.25,,119.34,104.97,-82.84,,127.55,-325.53,-1.27,,-20.75,280.10,284.48,,220.76,13.29,406.67,38.05,-101.06,-105.87,,-147.43,-1047.43,-119.21,,112.10,-679.54,-810.38,14348.48,10172.73,203.61,267.31,-88.23,-82.82,101.09,48.17,106.05
NetDebtEBITDA_sy,-16.73,103.13,,,,-21.81,-4.62,-24.82,122.80,-14.14,1.54,-29.81,-50.99,-11.07,-8.30,16.23,,-18.19,3.41,40.67,,51.01,6.34,34.26,,-4.59,-2.95,-37.49,,-10.59,-48.52,-25.40,37.82,27.96,210.47,,50.63,10.65,-9.24,,-14.42,-9.16,-0.31,26.39,-6.70,-9.30,0.02,46.53,65.65,19.57,-12.06,-59.70
NetDebtEBITDA_qq,,,-191.87,454.57,128.51,67.74,-26.59,14.35,-529.96,103.80,231.42,-132.26,-89.45,-797.48,-259.90,123.63,,,-7.50,-18.43,,,-191.68,135.71,,,108.37,-23.77,112.56,-4.99,-26.41,240.93,-42.08,-100.73,-307.33,,,82.35,22.18,11.88,199.94,-1237.56,9.12,1479.12,-27.95,-88.53,46.75,-3.02,5.20,34.30,8.14,34.86
NetDebtEBITDA_sq,,,-37.52,17.87,-82.77,516.15,-23.77,-7.11,-48.93,137.45,-9.85,-35.79,-64.35,330.87,-7.04,-18.61,,,17.50,10.72,,,-17.25,39.78,,,-15.83,-9.97,0.43,17.48,-51.54,30.49,85.54,9.08,17.57,,,-19.88,-3.57,-4.95,16.53,-14.95,5.83,20.50,-13.98,-17.32,16.71,76.53,-2.76,-40.32,-14.16,-19.11
DebtFin,-3824000000,-7160000000,-10902000000,-9624000000,-4688000000,-2048000000,-3955000000,-47625000000,-32738000000,-21133000000,-22519000000,-21598000000,-16486000000,-17211000000,-12697000000,-9397000000,,-26419000000,-27024000000,-27970000000,,-32160000000,-29370000000,-31365000000,,-28794000000,-12672000000,-16079000000,-4443000000,-25881000000,-8642000000,-2502000000,-17343000000,-40291000000,-34779000000,,-36983000000,-41169000000,-35528000000,-24869000000,-30548000000,-53106000000,-47150000000,8349000000,-20267000000,-23494000000,-8379000000,-3585000000,-26977000000,-40429000000,-50698000000,-66299000000
DebtFin_yy,,,,,,,,,,,,,,,,,,,,,,,,,,,,,,,,,,,,,,,,,,,,,,,,,,,,
DebtFin_sy,,,,,,,,,,,,,,,,,,,,,,,,,,,,,,,,,,,,,,,,,,,,,,,,,,,,
DebtFin_qq,,,,,,,,,,,,,,,,,,,,,,,,,,,,,,,,,,,,,,,,,,,,,,,,,,,,
DebtFin_sq,,,,,,,,,,,,,,,,,,,,,,,,,,,,,,,,,,,,,,,,,,,,,,,,,,,,
DebtFinEBITDA,,,,,,,,,,,,,,,,,,,,,,,,,,,,,,,,,,,,,,,,,,,,,,,,,,,,
DebtFinEBITDA_yy,-472.14,-87.24,,,,89.52,69.64,-654.47,-1805.34,721.14,334.54,109.78,106.26,117.80,799.27,-236.36,,-186.53,-126.89,-183.13,,-31.62,-20.94,-59.92,,-53.53,29.92,59.61,,39.76,55.83,73.29,-634.76,-149.33,-625.41,,-17.81,47.60,51.85,,30.12,-65.24,-80.72,471.20,-1360.47,19.39,75.34,-104.18,95.41,41.60,-134.21,-1191.98
DebtFinEBITDA_sy,159.79,-223.63,,,,-282.38,18.69,-753.85,-125.89,-83.05,-68.72,-156.66,73.17,17.27,66.22,57.04,,83.32,48.76,73.32,,383.81,55.69,702.40,,13.86,446.86,-42.76,,-256.52,-284.58,-417.40,-68.18,-102.25,101.11,,23.87,66.18,-41.00,,103.75,-153.10,1452.54,221.64,492.91,99.06,696.94,286.65,560.55,-9563.75,-100.41,-26.78
DebtFinEBITDA_qq,,,24.95,38.10,49.31,55.47,-117.31,-1438.35,-28.00,114.52,-17.95,-35.85,-18.11,405.29,238.78,-109.73,,,-5.26,-2.43,,,3.28,-35.44,,,55.85,21.93,72.98,-546.79,67.63,52.80,-643.43,-119.47,5.81,,,2.38,13.46,36.42,-30.10,-130.84,5.35,230.59,-611.89,87.26,71.05,77.87,-461.63,-62.29,-16.11,-22.08
DebtFinEBITDA_sq,,,-563.32,104.88,-1911.69,34.77,-41.06,60.78,-525.91,47.14,-30.01,40.33,34.56,-62.99,46.92,24.11,,,-63.09,60.49,,,-125.46,637.09,,,-22.43,-11.37,-290.81,-19.31,8.52,-52.41,-1.10,-43.48,100.50,,,36.26,100.88,-5089.83,113.42,-4400.76,105.39,290.94,-34.60,-106.83,4662.50,89.67,11.73,-199.95,99.81,33893.33
SP1,,,,,,,,,,,,,,,,,,,,,,,,,,,,,,,,,,,,,,,,,,,,,,,,,,,,
SP1_yy,14.49,33.77,,,,-26.27,-21.84,-6.27,65.81,44.62,50.38,-8.01,-39.78,-15.74,-31.11,-6.38,,12.55,34.62,45.03,,37.43,34.62,23.09,,-11.01,-12.61,-2.82,,-11.88,-2.97,41.72,89.07,108.38,95.10,,43.84,5.14,2.34,,-8.03,68.60,77.06,42.41,50.04,6.53,-3.81,16.07,-1.60,-28.98,-23.45,-45.46
SP1_sy,-31.13,18.02,,,,45.59,60.72,22.05,28.14,-3.06,-14.41,44.58,-22.07,9.23,6.68,-17.61,,-5.92,-1.37,-7.50,,-1.67,-5.17,-10.32,,-9.36,-11.67,-5.29,,-8.68,-5.45,-0.86,1.96,6.13,3.06,,7.70,8.54,-2.65,,-11.06,-8.11,4.61,-2.11,5.96,10.67,-2.69,9.14,11.72,-11.55,-5.54,-16.99
SP1_qq,,,-0.68,2.25,-10.11,-19.23,5.28,22.62,59.02,-29.55,9.48,-24.99,4.11,-1.44,-10.50,1.94,,,7.05,9.83,,,4.86,0.41,,,2.98,11.67,-27.04,5.03,13.40,63.09,-2.67,15.76,6.17,,,-15.38,3.35,12.92,-6.86,55.12,8.53,-9.18,-1.88,10.14,-2.00,9.58,-16.81,-20.51,5.63,-21.92
SP1_sq,,,7.24,2.33,83.97,-27.88,18.38,-22.29,93.14,-45.44,4.52,31.26,4.11,-23.53,2.08,1.37,,,7.02,-4.93,,,3.21,-10.09,,,0.58,-3.60,-1.91,-3.98,4.13,1.09,0.87,-0.06,1.13,,,0.72,-9.29,4.25,-6.62,4.06,3.26,-2.45,1.08,8.68,-9.20,9.42,3.47,-13.96,-3.03,-3.84
SP2,,,,,,,,,,,,,,,,,,,,,,,,,,,,,,,,,,,,,,,,,,,,,,,,,,,,
SP2_yy,35.70,21.57,,,,-23.83,-21.13,-7.93,52.66,32.99,40.67,-6.79,-37.53,-14.27,-25.45,-5.63,,15.27,34.88,46.71,,44.88,29.84,21.95,,-13.29,-10.57,-2.66,,-13.73,-0.74,44.67,96.33,108.35,89.27,,32.18,-0.40,-3.02,,-6.07,66.01,74.82,39.62,43.33,6.94,-3.63,14.71,2.29,-24.87,-19.07,-40.25
SP2_sy,-9.92,21.38,,,,12.16,15.19,4.34,17.92,-0.63,6.43,16.18,-19.13,15.46,-2.17,-5.63,,4.62,-2.51,-6.90,,-13.46,-1.68,-8.73,,-11.98,-11.81,-10.40,,-4.09,2.54,7.99,18.45,7.02,-7.88,,1.54,7.18,6.23,,4.01,-4.81,-0.42,-5.04,-0.73,4.24,6.01,1.46,-0.67,-7.86,-13.52,-8.53
SP2_qq,,,-1.52,2.07,-6.61,-18.86,1.97,19.15,54.86,-29.32,7.87,-21.05,3.79,-3.00,-6.20,-0.06,,,9.76,8.71,,,-1.63,2.10,,,1.46,11.13,-26.87,4.62,16.74,61.96,-0.75,11.03,6.05,,,-16.34,3.26,14.20,-4.79,47.86,8.74,-8.79,-2.26,10.32,-2.01,8.57,-12.84,-18.98,5.56,-19.85
SP2_sq,,,1.72,5.53,31.93,-20.81,4.48,-4.42,49.11,-33.27,11.91,4.34,3.79,-4.73,-5.18,0.66,,,-11.65,-3.87,,,0.38,-10.76,,,0.57,-9.33,-11.10,18.32,7.52,-4.52,-2.49,6.90,-7.45,,,12.84,-8.26,-1.17,1.67,3.27,-4.03,-5.76,6.29,8.44,-2.40,-9.81,4.06,0.59,-8.39,-4.61
CAR,,,,,,,,,,,,,,,,,,,,,,,,,,,,,,,,,,,,,,,,,,,,,,,,,,,,
CAR_yy,1029.34,135.60,,,,-83.31,-62.48,-2.01,193.01,481.30,348.03,7.19,-61.80,-57.70,-67.87,-59.45,,70.07,44.48,171.23,,-2.54,48.06,-12.21,,4.39,-49.45,-32.94,,-44.88,-48.40,-82.17,258.76,106.54,192.86,,340.95,1.55,-2.66,,-56.77,58.20,55.26,-67.41,-28.85,-63.41,-78.02,-12.58,-46.85,-46.95,-6.40,45.26
CAR_sy,75.29,-18.78,,,,17.39,43.34,95.66,228.04,62.01,46.02,20.87,2.01,-5.60,21.71,1.66,,-12.65,-48.67,-40.71,,21.89,-2.70,-26.95,,-38.86,-32.16,-17.17,,6.45,53.03,70.54,62.13,33.96,15.65,,-12.58,-3.60,-6.89,,8.14,39.66,44.02,-4.83,-1.96,-23.05,-26.51,-4.02,-6.11,14.63,-25.27,-14.67
CAR_qq,,,-4.58,-29.64,-24.06,-67.26,114.50,83.73,127.09,-35.05,65.32,-56.04,-19.08,-28.07,25.58,-44.52,,,6.69,4.14,,,62.09,-38.25,,,-21.51,-18.08,-76.43,263.66,-26.52,-71.69,374.28,109.36,4.19,,,-51.78,-0.14,-27.97,24.64,76.46,-1.99,-84.88,172.11,-9.26,-41.13,-39.86,65.42,-9.42,3.88,-6.67
CAR_sq,,,1.87,-10.08,19.07,7.63,24.39,22.74,99.62,-46.85,12.12,1.60,68.48,-50.81,44.55,-15.14,,,-15.06,-1.97,,,-32.20,-26.40,,,-24.76,-10.14,16.75,34.86,8.17,0.14,10.99,11.43,-6.61,,,22.88,-9.80,8.12,-9.76,58.70,-6.98,-28.56,-7.04,24.55,-11.16,-6.70,-9.06,52.07,-42.08,6.54
QR,,,,,,,,,,,,,,,,,,,,,,,,,,,,,,,,,,,,,,,,,,,,,,,,,,,,
QR_yy,120.77,30.08,,,,-36.81,-4.94,-70.23,74.57,45.52,95.26,212.57,-48.55,-44.20,-64.26,-32.58,,5.32,12.91,65.13,,-10.63,33.73,-19.79,,8.04,-19.08,24.03,,-15.70,9.13,-33.95,15.78,31.80,5.90,,89.88,-0.48,-4.18,,-34.61,31.58,-3.34,-44.27,-45.34,-43.98,-40.30,-35.18,-44.62,-58.85,-57.35,-46.40
QR_sy,-11.21,9.81,,,,7.87,-2.52,3.14,91.98,0.12,2.86,12.37,-32.08,-1.15,11.89,-1.25,,9.60,-1.37,-8.52,,-6.35,-3.49,-1.94,,-2.33,1.33,-2.76,,-3.78,4.53,-0.92,-2.87,2.28,-6.21,,17.11,2.15,-2.94,,-4.06,-4.72,6.42,-9.28,0.56,1.29,-9.89,-4.33,-6.22,-3.78,-10.01,-0.14
QR_qq,,,-27.36,-7.77,7.78,-12.49,9.28,-71.12,532.01,-27.05,46.63,-53.76,4.03,-20.89,-6.09,-12.78,,,0.68,27.56,,,50.66,-23.49,,,12.84,17.27,-26.20,-13.69,46.09,-29.02,29.37,-1.75,17.38,,,-48.50,13.03,12.18,0.15,3.62,-16.97,-35.32,-1.78,6.20,-11.51,-29.78,-16.09,-21.08,-8.27,-11.76
QR_sq,,,3.82,-0.69,1.06,3.51,-6.17,5.08,88.11,-46.02,-3.60,14.79,13.71,-21.44,9.12,1.31,,,-1.81,-6.03,,,1.19,-4.53,,,4.99,-8.39,-5.02,5.32,14.06,-13.17,-6.89,10.91,4.59,,,-3.26,-0.61,4.30,-4.34,-3.91,11.00,-11.08,6.03,-3.21,-1.24,-5.60,3.94,-0.70,-7.64,4.75
CR,,,,,,,,,,,,,,,,,,,,,,,,,,,,,,,,,,,,,,,,,,,,,,,,,,,,
CR_yy,112.75,27.65,,,,-36.29,-7.67,-41.04,73.44,46.23,94.51,55.78,-47.21,-43.65,-57.76,-17.42,,18.37,19.87,38.84,,-19.15,13.34,-19.27,,3.55,-21.13,18.52,,-9.58,17.71,-27.60,13.53,33.37,-0.54,,75.44,1.42,-2.92,,-32.48,23.68,22.00,5.94,10.54,28.29,16.95,-7.40,-33.45,-48.27,-50.68,-41.82
CR_sy,-3.24,3.95,,,,7.90,5.70,10.90,72.38,5.95,3.62,7.43,-22.64,8.88,7.45,11.61,,0.93,2.83,-16.84,,4.07,7.74,10.20,,-7.77,-10.81,-8.87,,-4.87,-1.27,1.45,8.16,2.70,1.37,,-1.72,-2.95,-6.44,,2.11,1.26,13.07,-4.26,9.76,6.53,-7.12,9.94,-6.02,-5.21,-10.09,-14.05
CR_qq,,,-25.36,-8.67,5.94,-11.78,8.17,-41.68,211.63,-25.62,43.89,-53.29,5.60,-20.60,7.87,-8.69,,,9.23,5.77,,,53.13,-24.67,,,16.63,13.20,-17.74,-16.75,51.84,-30.37,28.98,-2.20,13.24,,,-43.46,8.39,7.33,2.65,3.57,6.91,-6.79,7.11,20.20,-2.55,-26.20,-23.03,-6.56,-7.09,-12.94
CR_sq,,,6.91,-0.81,4.18,-2.33,4.73,4.07,61.93,-39.97,2.43,7.89,16.62,-15.51,1.08,12.07,,,2.99,-9.37,,,6.62,-7.30,,,3.11,-5.29,-6.72,4.43,7.01,-2.68,-0.54,-0.85,5.63,,,-2.09,1.83,2.36,0.06,-2.91,13.71,-13.32,14.71,-5.77,-0.86,2.60,-1.94,-4.96,-5.96,-1.92
PP,,,,,,,,,,,,,,,,,,,,,,,,,,,,,,,,,,,,,,,,,,,,,,,,,,,,
PP_yy,200.79,135.60,,,,-83.31,-62.48,-2.01,193.01,481.30,348.03,7.19,-61.80,-57.70,-67.87,-59.45,,71.90,48.29,171.60,,-3.58,44.26,-2.42,,4.39,-49.45,-39.75,,-44.88,-48.40,-82.17,258.76,106.54,192.86,,340.95,1.55,-2.66,,-56.63,58.20,55.26,-77.02,-29.09,-63.41,-78.02,-12.58,-46.85,-46.95,-6.40,45.26
PP_sy,63.35,-13.81,,,,46.94,57.39,78.23,229.97,44.06,36.69,36.53,6.60,2.57,19.19,-3.29,,-15.17,-41.67,-35.76,,7.86,2.93,-32.82,,-38.94,-32.08,-11.31,,6.62,47.01,90.20,40.43,31.47,11.42,,-10.85,-11.17,-22.91,,-2.32,74.72,51.87,20.05,17.54,-20.91,-6.50,-31.21,-5.33,-12.85,-26.77,-14.67
PP_qq,,,-4.58,-29.64,-24.06,-67.26,114.50,83.73,127.09,-35.05,65.32,-56.04,-19.08,-28.07,25.58,-44.52,,,8.34,1.61,,,62.09,-31.27,,,-21.51,-18.08,-76.43,263.66,-26.52,-71.69,374.28,109.36,4.19,,,-51.78,-0.14,2.15,-11.83,75.88,-1.99,-84.88,172.11,-9.26,-41.13,-39.86,65.42,-9.42,3.88,-6.67
PP_sq,,,0.33,-7.15,3.19,52.85,7.46,5.15,91.05,-33.26,1.97,5.02,49.17,-35.79,18.48,-14.79,,,-18.53,-6.16,,,-22.25,-38.75,,,-13.51,-20.03,22.20,26.13,19.26,3.47,-9.77,18.08,1.07,,,17.65,-12.29,15.29,-17.89,110.43,-23.76,-8.87,-19.60,41.60,-9.88,-32.95,10.63,30.35,-24.26,-21.87
RCLR,,,,,,,,,,,,,,,,,,,,,,,,,,,,,,,,,,,,,,,,,,,,,,,,,,,,
RCLR_yy,82.11,17.64,,,,-8.93,-0.49,-76.47,4.95,-13.80,50.70,98.66,-40.72,-38.87,-47.19,93.60,,9.93,8.85,-3.34,,-27.53,-9.09,-29.69,,-0.72,19.23,87.12,,40.70,62.32,-5.00,-5.53,-3.59,-37.42,,-11.82,-9.93,-17.79,,-8.75,-46.35,-63.22,-25.56,-57.95,35.97,94.67,-39.55,-31.77,-53.18,-73.16,-64.11
RCLR_sy,-10.13,16.14,,,,5.27,2.85,4.29,45.84,-0.21,1.63,-4.91,-22.50,-12.30,-7.73,-1.56,,4.86,3.36,14.10,,1.06,11.83,-7.69,,-1.47,-4.86,-9.14,,0.21,-8.65,-4.60,-21.16,-13.91,-0.05,,10.35,16.02,3.79,,6.23,-22.65,-16.16,-16.03,-7.94,15.30,2.16,-6.78,-9.72,-6.81,-19.50,-6.05
RCLR_qq,,,-32.55,9.30,-0.44,24.07,-26.30,-74.15,344.01,1.90,28.86,-65.92,32.50,5.08,11.31,24.92,,,10.22,10.92,,,38.27,-14.21,,,66.06,34.65,5.23,-40.20,91.58,-21.20,4.65,-38.98,24.35,,,-37.67,13.50,16.03,11.17,-63.35,-22.21,134.87,-37.20,18.51,11.37,-27.07,-29.12,-18.67,-36.15,-2.49
RCLR_sq,,,-3.90,7.22,-1.19,3.40,-6.11,8.72,38.18,-29.25,-4.38,1.73,12.62,-19.94,0.60,8.53,,,-0.84,19.80,,,9.73,-1.12,,,5.95,-5.56,7.61,-6.93,-3.42,-1.38,-11.07,1.63,12.13,,,6.85,0.32,1.60,-2.45,-22.21,8.74,1.76,6.94,-2.57,-3.65,-7.14,3.56,0.58,-16.77,8.37
KP,,,,,,,,,,,,,,,,,,,,,,,,,,,,,,,,,,,,,,,,,,,,,,,,,,,,
KP_yy,173.30,27.92,,,,-33.77,-22.61,-41.14,49.76,49.72,61.39,44.84,-38.12,-31.37,-40.23,-15.52,,23.46,37.73,56.80,,-1.05,19.18,-5.06,,-0.89,-15.66,10.56,,-14.94,1.61,-30.55,31.17,53.05,24.09,,40.54,4.14,0.39,,-14.55,21.69,19.63,10.94,13.94,15.86,10.00,-3.71,-24.59,-36.12,-40.83,-46.05
KP_sy,-26.13,56.19,,,,9.96,19.16,18.33,121.98,19.80,-2.90,36.28,-21.19,17.38,4.12,-1.77,,-6.71,-1.00,-24.34,,1.07,17.36,8.86,,-16.16,-13.60,-10.77,,-9.55,-8.92,1.33,20.91,15.70,-6.00,,17.95,-9.92,-9.92,,-19.31,-2.43,10.63,-22.60,13.16,15.72,9.41,25.44,-5.62,-16.44,-22.95,-27.49
KP_qq,,,-9.53,-2.38,-2.46,-23.11,5.70,-25.75,148.17,-23.13,13.93,-33.37,6.03,-14.73,-0.78,-5.83,,,10.69,7.22,,,33.31,-14.59,,,13.45,11.96,-22.75,-13.31,35.52,-23.48,45.91,1.16,9.88,,,-25.04,5.92,6.88,0.70,6.74,4.14,-0.88,3.41,8.55,-1.13,-13.24,-19.01,-8.06,-8.42,-20.89
KP_sq,,,19.88,-7.75,18.45,-16.06,29.91,-8.39,122.21,-54.70,5.30,28.56,28.51,-32.53,-6.60,21.29,,,-0.88,-7.31,,,15.10,-14.02,,,18.62,-11.20,-24.84,14.24,19.44,-1.19,-10.32,9.32,-2.96,,,-16.51,-2.95,10.19,-9.62,0.94,10.04,-22.90,32.13,3.23,4.04,-11.61,-0.59,-8.61,-4.06,-16.81
PKKO,,,,,,,,,,,,,,,,,,,,,,,,,,,,,,,,,,,,,,,,,,,,,,,,,,,,
PKKO_yy,294.66,-29.30,,,,-44.40,-25.57,67.35,289.71,168.01,107.65,-36.59,-69.08,-43.51,-44.90,-12.48,,37.02,66.46,95.02,,4.86,-2.46,-22.96,,-8.54,-18.77,13.57,,-30.40,-15.00,-44.41,4.99,81.45,55.57,,48.88,-10.68,-34.10,,-77.13,-77.74,-75.54,-45.27,-28.84,-17.55,6.66,-18.97,8.64,17.11,19.24,5.37
PKKO_sy,-14.18,-25.52,,,,133.39,21.05,72.65,164.97,3.41,32.77,3.81,-15.63,18.71,28.15,13.47,,4.94,1.98,16.93,,10.15,-0.55,9.67,,-8.83,-10.63,-31.61,,6.71,7.12,28.79,48.20,-7.08,-9.34,,-7.45,-2.39,-2.19,,-13.55,-3.62,7.69,-13.45,-19.20,-5.50,-14.91,-11.22,23.94,-4.72,-22.33,-16.78
PKKO_qq,,,-10.80,-8.62,-8.29,-25.62,19.42,105.46,113.55,-48.85,-7.48,-37.26,4.13,-6.54,-9.76,-0.34,,,9.64,16.75,,,1.99,-7.79,,,-9.42,28.93,-24.42,-21.16,10.63,-15.67,42.75,36.26,-5.15,,,-18.25,-30.02,-38.55,-34.94,-20.45,-23.09,37.50,-15.42,-7.83,-0.51,4.46,13.41,-0.65,1.30,-7.69
PKKO_sq,,,63.91,-1.94,9.99,32.01,-14.99,39.86,68.81,-48.48,9.16,9.35,37.20,-27.51,17.84,-3.18,,,14.52,11.01,,,3.38,22.43,,,1.34,-6.31,-16.58,34.74,1.73,12.64,-4.01,-15.52,-0.74,,,-10.91,-0.54,-1.97,-0.47,-0.67,11.12,-21.21,-7.09,16.17,0.06,-17.79,29.70,-10.69,-18.43,-11.91
RN,,,,,,,,,,,,,,,,,,,,,,,,,,,,,,,,,,,,,,,,,,,,,,,,,,,,
RN_yy,-13.67,30.67,,,,40.63,7.93,-17.65,-31.01,-32.20,-30.46,-10.74,-0.56,27.21,37.91,-1.94,-19.37,-27.94,-33.72,-20.52,-0.24,8.23,9.98,15.54,-0.12,-16.19,-11.44,-25.99,-23.16,-2.65,-11.28,-0.74,-4.71,-28.71,-13.41,-1.04,30.63,88.57,146.46,262.55,294.74,376.45,420.95,258.72,260.63,151.00,36.04,30.68,-19.90,-28.84,-17.02,-22.27
RN_sy,-0.11,8.26,,,,8.08,2.65,7.49,0.89,-10.11,-9.86,-0.55,7.63,19.18,14.89,2.86,-2.97,-4.02,-8.15,-3.26,4.97,-6.57,-0.89,-10.45,-17.58,-8.14,-9.77,0.45,-10.53,-19.38,-10.11,-11.71,-8.34,10.81,3.43,7.73,4.41,1.36,0.90,-5.97,6.44,9.10,8.55,12.85,15.87,2.93,-2.53,-3.00,-7.81,3.69,8.45,3.32
RN_qq,,,19.33,17.07,14.20,-11.86,-8.41,-10.68,-4.32,-13.37,-6.06,14.65,6.59,10.81,1.84,-18.48,-12.35,-0.96,-6.33,-2.25,10.02,7.45,-4.82,2.68,-4.89,-9.84,0.58,-14.19,-1.25,14.24,-8.35,-4.00,-5.20,-14.54,11.33,9.72,25.14,23.36,45.52,61.39,36.25,48.89,59.11,11.13,36.98,3.63,-13.77,6.76,-16.04,-7.94,0.56,
RN_sq,,,6.43,-6.90,5.30,3.59,1.08,-2.51,-1.16,-7.72,1.36,7.56,6.97,2.19,-2.29,-3.70,0.91,1.08,-6.49,1.41,9.50,-10.04,-0.80,-8.37,0.79,0.27,-2.56,2.02,-10.24,-9.65,8.65,0.20,-6.81,9.23,1.41,4.36,-9.68,6.04,0.96,-2.75,2.23,8.69,0.45,1.10,4.97,-3.45,-4.87,0.61,-0.24,8.60,-0.51,
CRN,131000,100000,84000,72000,63000,71000,78000,87000,91000,105000,112000,98000,92000,83000,81000,100000,114000,115000,122000,125000,114000,106000,111000,108000,114000,126000,126000,146000,148000,130000,142000,148000,156000,182000,164000,149000,119000,97000,66000,41000,30000,20000,13000,11000,8000,8000,9000,9000,10000,11000,11000,11000
CRN_yy,15.93,-23.66,,,,-29.00,-7.14,20.83,44.44,47.89,43.59,12.64,1.10,-20.95,-27.68,2.04,23.91,38.55,50.62,25.00,,-7.83,-9.02,-13.60,,18.87,13.51,35.19,29.82,3.17,12.70,1.37,5.41,40.00,15.49,0.68,-23.72,-46.70,-59.76,-72.48,-74.79,-79.38,-80.30,-73.17,-73.33,-60.00,-30.77,-18.18,25.00,37.50,22.22,22.22
CRN_sy,,-7.50,,,,-8.11,-1.73,-6.99,-1.12,11.76,10.59,0.58,-6.82,-16.32,-13.30,-2.30,2.44,4.40,9.20,2.94,,7.23,0.56,12.00,,8.99,10.61,-0.51,11.79,23.71,11.62,13.33,9.17,-10.00,-7.69,-7.24,-5.04,-0.93,1.96,5.37,-11.50,-8.41,-6.25,-12.50,-8.00,-3.06,2.56,5.82,8.70,-3.16,-8.00,-4.00
CRN_qq,,,-16.00,-14.29,-12.50,12.70,9.86,11.54,4.60,15.38,6.67,-12.50,-6.12,-9.78,-2.41,23.46,14.00,0.88,6.09,2.46,-8.80,-7.02,4.72,-2.70,5.56,10.53,,15.87,1.37,-12.16,9.23,4.23,5.41,16.67,-9.89,-9.15,-20.13,-18.49,-31.96,-37.88,-26.83,-33.33,-35.00,-15.38,-27.27,,12.50,,11.11,10.00,,
CRN_sq,,,-6.49,7.51,-4.30,-4.49,,1.76,1.73,7.95,-1.05,-7.45,-5.75,-3.05,2.52,4.29,-1.18,-1.19,7.23,-1.69,-8.57,11.25,0.56,9.50,-0.51,-0.51,,-1.52,11.79,10.09,-7.92,,7.69,-9.24,-5.56,0.49,10.24,-5.31,-2.80,3.85,-7.41,-2.00,-0.51,-3.08,-2.65,,5.26,,,-8.00,,
CPZ,78000,53000,48000,41000,42000,47000,51000,117000,112000,124000,120000,74000,80000,83000,89000,93000,102000,100000,104000,108000,98000,110000,118000,125000,132000,143000,134000,127000,114000,94000,93000,97000,104000,119000,117000,113000,99000,84000,62000,37000,27000,20000,15000,14000,13000,12000,13000,14000,20000,26000,35000,44000
CPZ_yy,-36.07,-32.05,,,,-11.32,6.25,185.37,166.67,163.83,135.29,-36.75,-28.57,-33.06,-25.83,25.68,27.50,20.48,16.85,16.13,-3.92,10.00,13.46,15.74,34.69,30.00,13.56,1.60,-13.64,-34.27,-30.60,-23.62,-8.77,26.60,25.81,16.49,-4.81,-29.41,-47.01,-67.26,-72.73,-76.19,-75.81,-62.16,-51.85,-40.00,-13.33,,53.85,116.67,169.23,214.29
CPZ_sy,6.25,-19.38,,,,-7.30,-13.51,-9.17,-23.44,-3.70,-0.89,2.75,9.18,10.58,6.31,11.61,26.17,13.04,5.08,-6.00,-21.11,-11.15,-0.81,8.51,12.68,5.19,5.28,9.41,25.83,38.27,17.37,17.92,5.96,-7.14,-0.66,-8.81,-3.12,-8.97,-11.26,-12.00,-20.65,-8.10,1.12,2.27,15.85,11.88,9.23,,6.67,2.05,1.35,3.25
CPZ_qq,,,-9.43,-14.58,2.44,11.90,8.51,129.41,-4.27,10.71,-3.23,-38.33,8.11,3.75,7.23,4.49,9.68,-1.96,4.00,3.85,-9.26,12.24,7.27,5.93,5.60,8.33,-6.29,-5.22,-10.24,-17.54,-1.06,4.30,7.22,14.42,-1.68,-3.42,-12.39,-15.15,-26.19,-40.32,-27.03,-25.93,-25.00,-6.67,-7.14,-7.69,8.33,7.69,42.86,30.00,34.62,25.71
CPZ_sq,,,11.16,-7.34,6.67,-15.62,3.70,-2.68,-10.09,6.12,6.73,0.90,-4.46,7.48,2.61,5.93,8.00,-3.70,-4.62,-5.24,-9.36,8.45,6.49,3.66,-5.88,1.25,6.58,7.72,8.24,11.26,-9.52,8.22,-2.74,-2.50,-3.21,-0.66,3.33,-8.39,-5.63,-1.49,-6.82,6.10,3.83,-0.37,5.56,2.46,1.37,4.05,-1.30,-1.97,0.67,6.00
RZ,,,,,,,,,,,,,,,,,,,,,,,,,,,,,,,,,,,,,,,,,,,,,,,,,,,,
RZ_yy,67.22,150.81,,,,-3.05,41.33,103.09,120.37,40.39,20.82,-21.90,-59.89,-37.95,-59.23,-57.42,-35.02,-21.19,39.36,57.23,76.96,131.56,94.73,136.32,105.56,12.34,19.59,-7.21,31.14,257.70,447.77,1479.25,1742.35,82.70,-20.61,-79.01,-89.92,-21.07,63.34,273.92,694.21,525.07,-91.79,-98.78,-99.51,-99.72,-89.51,-65.33,-55.57,-49.95,-45.54,-43.59
RZ_sy,24.47,5.22,,,,-25.18,-0.92,15.20,5.95,11.59,11.13,-16.86,-10.78,-38.24,-40.26,-29.04,-19.70,58.26,-1.31,-18.83,-30.91,-25.16,28.69,22.84,28.97,-16.77,-34.58,-16.48,-25.72,-11.30,-3.49,-14.09,-13.99,-25.03,-16.50,-2.94,21.68,67.10,70.99,38.60,20.67,-2.93,-22.40,1.91,14.33,25.53,31.68,10.72,-22.26,-32.33,-34.93,-29.29
RZ_qq,,,-9.34,-1.98,15.07,-5.20,32.17,40.86,24.86,-39.61,13.74,-8.94,-35.87,-6.58,-25.26,-4.90,-2.13,13.29,32.16,7.30,10.16,48.24,11.14,30.21,-4.18,-18.99,18.32,1.03,35.42,120.98,81.19,191.27,57.98,-78.09,-21.26,-22.98,-24.16,71.60,62.93,76.33,61.09,35.06,-97.86,-73.88,-35.00,-22.31,-20.50,-13.64,-16.70,-12.49,-13.50,-10.55
RZ_sq,,,-13.53,3.45,4.47,-19.94,14.50,20.28,-3.92,-15.68,14.03,-10.01,3.12,-41.64,10.30,6.90,16.68,15.03,-31.22,-12.08,-0.68,24.60,18.27,-16.07,4.28,-19.59,-7.04,7.15,-7.26,-3.98,1.15,-4.62,-7.16,-16.30,12.65,10.87,16.39,14.95,15.27,-10.13,1.33,-7.53,-7.85,18.03,13.68,1.53,-3.33,-0.75,-20.19,-11.63,-7.04,7.85
CRZ,7000,3000,3000,3000,3000,3000,2000,2000,1000,2000,2000,2000,3000,3000,4000,5000,5000,4000,3000,3000,3000,2000,2000,1000,1000,2000,1000,1000,1000,0,0,0,0,0,0,0,1000,0,0,0,0,0,2000,9000,14000,17000,22000,25000,30000,35000,40000,45000
CRZ_yy,-41.67,-57.14,,,,,-33.33,-33.33,-66.67,-33.33,,,200.00,50.00,100.00,150.00,66.67,33.33,-25.00,-40.00,-40.00,-50.00,-33.33,-66.67,-66.67,,-50.00,,,-100.00,-100.00,-100.00,-100.00,,,,,,,,-100.00,,,,,,1000.00,177.78,114.29,105.88,81.82,80.00
CRZ_sy,-16.13,-7.69,,,,,-28.57,-15.38,-26.92,10.71,,,47.37,51.61,61.54,42.86,21.43,-36.17,,20.00,41.18,30.00,-19.05,-16.67,-20.83,,50.00,,,12.50,3.92,14.58,19.61,,,,,,,,-20.83,,,,,,-26.53,-5.26,27.78,52.94,52.78,44.44
CRZ_qq,,,,,,,-33.33,,-50.00,100.00,,,50.00,,33.33,25.00,,-20.00,-25.00,,,-33.33,,-50.00,,100.00,-50.00,,,-100.00,,,,,,,,-100.00,,,,,,350.00,55.56,21.43,29.41,13.64,20.00,16.67,14.29,12.50
CRZ_sq,,,,,,,-28.57,,-13.64,63.16,,,,,-10.64,-4.76,,-11.76,40.00,,,-18.75,,17.65,,26.32,6.25,,,5.88,,,,,,,,-12.50,,,,,,-22.45,-5.26,-5.56,5.88,,27.78,13.04,5.77,-5.45
RMO,,,,,,,,,,,,,,,,,,,,,,,,,,,,,,,,,,,,,,,,,,,,,,,,,,,,
RMO_yy,-26.10,57.98,,,,17.63,0.75,-43.70,-54.18,-60.55,-60.51,-19.20,6.11,46.22,69.31,38.56,19.22,0.29,-16.37,-28.60,-17.60,-12.76,-13.24,-0.41,-13.91,-24.97,-4.68,-2.76,15.02,63.21,41.00,43.91,15.94,-26.53,-24.83,-30.03,-23.13,13.73,54.45,169.20,294.60,331.99,307.84,147.08,75.88,40.24,-0.89,-8.86,-26.22,-36.48,-39.53,-42.32
RMO_sy,0.27,19.80,,,,-5.01,-3.32,-8.68,-16.42,-16.18,-12.52,-14.17,2.12,-0.99,-6.26,0.95,-17.85,-8.59,-0.94,3.24,12.83,3.53,-8.08,-6.82,-9.00,-2.49,3.90,-0.79,0.40,-8.13,-3.27,-5.60,-13.90,-7.67,-8.36,-2.82,5.69,8.87,7.55,2.02,1.06,-3.41,-5.15,-3.27,-5.24,-8.46,-5.17,-2.63,2.68,2.39,1.67,3.32
RMO_qq,,,8.92,8.09,3.68,-3.63,-6.71,-39.59,-15.64,-17.02,-6.63,23.60,10.79,14.36,8.11,1.16,-4.67,-3.80,-9.85,-13.64,10.02,1.86,-10.35,-0.87,-4.89,-11.23,13.89,1.12,12.50,25.96,-1.60,3.21,-9.37,-20.18,0.68,-3.93,-0.43,18.08,36.73,67.45,45.96,29.27,29.08,1.44,3.90,3.08,-8.77,-6.72,-15.89,-11.27,-13.15,-11.02
RMO_sq,,,-6.53,-1.34,7.56,-4.24,-4.86,-6.81,-1.55,-3.97,-0.71,-8.56,17.14,-6.89,-6.00,-1.54,-4.67,3.60,1.87,2.62,4.18,-4.95,-9.55,4.03,1.74,1.86,-3.62,-0.67,2.96,-6.79,1.47,-3.06,-6.09,-0.06,0.72,2.79,2.14,2.95,-0.50,-2.50,1.18,-1.60,-2.29,-0.57,-0.89,-4.93,1.23,2.08,4.52,-5.21,0.52,3.74
RMT,,,,,,,,,,,,,,,,,,,,,,,,,,,,,,,,,,,,,,,,,,,,,,,,,,,,
RMT_yy,-27.68,77.97,,,,40.37,-6.54,-40.77,-42.53,-44.44,-36.36,-20.10,-21.43,9.34,19.62,20.27,20.39,3.27,3.73,1.97,16.88,62.05,54.45,76.38,52.48,-12.15,0.90,-17.34,-11.04,35.43,10.14,32.27,43.72,13.06,57.99,38.33,29.45,60.74,70.05,199.62,334.02,425.85,467.16,322.83,273.38,194.43,94.13,45.45,-0.75,-22.56,-27.99,-35.07
RMT_sy,-23.92,58.11,,,,-1.89,2.22,-0.23,-4.18,-14.10,2.08,0.31,-7.14,-0.74,-14.51,-28.37,-35.23,-41.16,-32.80,-30.18,-11.29,9.11,0.29,11.45,-1.30,-9.29,-8.94,-8.56,-12.20,-13.79,-15.77,-18.72,-11.95,-2.67,4.47,11.75,-8.49,8.69,-5.89,-11.85,8.19,0.37,17.46,15.42,5.27,-12.53,-17.86,-9.12,1.28,25.28,37.68,10.82
RMT_qq,,,24.91,28.18,0.50,-12.77,-16.83,-18.76,-2.49,-15.67,-4.74,1.99,-4.11,17.35,4.22,2.55,-4.01,0.67,4.68,0.81,10.02,39.57,-0.23,15.13,-4.89,-19.58,14.58,-5.68,2.35,22.43,-6.81,13.27,11.21,-3.69,30.22,-0.82,4.07,19.59,37.76,74.75,50.76,44.89,48.58,30.28,33.13,14.26,-2.03,-2.39,-9.16,-10.85,-8.91,-11.98
RMT_sq,,,-11.83,6.48,9.86,-4.87,-8.14,3.93,5.51,-14.73,9.17,2.12,-2.33,-8.85,-5.97,-14.43,-11.68,-17.19,7.38,-11.09,12.21,1.84,-1.30,-1.19,-0.63,-6.39,-0.93,-0.77,-4.58,-8.09,-3.21,-4.24,3.36,1.59,3.90,2.43,-15.36,20.67,-10.04,-4.05,3.88,11.94,5.28,-5.72,-5.26,-6.99,-1.14,4.32,5.58,15.06,8.65,-16.04
RM,,,,,,,,,,,,,,,,,,,,,,,,,,,,,,,,,,,,,,,,,,,,,,,,,,,,
RM_yy,-26.85,66.81,,,,26.69,-2.36,-42.65,-50.41,-55.39,-52.89,-19.53,-4.71,31.98,49.68,31.40,19.68,1.41,-9.45,-19.11,-6.89,5.77,2.21,15.16,-0.44,-22.16,-3.47,-6.12,8.57,56.18,31.55,34.72,15.50,-24.16,-16.61,-18.69,-12.84,26.69,65.37,180.12,306.10,345.84,323.78,161.07,88.37,49.10,4.21,-6.07,-25.00,-35.82,-39.01,-41.99
RM_sy,-12.91,26.15,,,,3.31,-1.84,-3.61,-4.62,-13.06,-13.07,-15.15,-11.57,-10.23,-9.37,-16.24,-21.34,-19.02,-18.39,-10.77,14.47,5.57,3.40,11.04,-9.41,-4.08,-5.09,-5.28,-6.40,-15.37,-8.39,-19.08,-24.28,-5.31,-11.49,4.66,7.30,15.72,17.14,7.21,8.99,-5.87,-4.51,-1.98,1.21,-1.50,0.27,-2.85,-6.98,9.71,4.90,3.18
RM_qq,,,15.45,15.48,2.49,-7.28,-11.02,-32.18,-11.38,-16.59,-6.03,15.85,4.94,15.53,6.57,1.70,-4.42,-2.11,-4.84,-9.14,10.01,11.20,-8.04,2.37,-4.89,-13.06,14.04,-0.44,9.99,25.07,-3.94,1.96,-5.70,-17.88,5.61,-0.59,1.09,19.36,37.86,68.39,46.56,31.04,31.03,3.74,5.75,3.72,-8.41,-6.49,-15.57,-11.25,-12.96,-11.07
RM_sq,,,0.78,-0.77,2.20,1.08,-4.24,-2.56,1.14,-7.87,-4.25,-4.89,5.40,-6.48,-3.34,-12.09,-1.03,-3.71,-2.58,-3.89,26.97,-11.20,-4.59,3.22,3.59,-5.98,-5.59,3.02,2.37,-14.99,2.19,-9.00,-4.21,6.31,-4.48,7.60,-1.79,14.65,-3.31,-1.52,-0.17,-0.97,-1.92,1.08,3.08,-3.62,-0.15,-2.07,-1.30,13.67,-4.53,-3.68
COP,138000,103000,87000,75000,66000,74000,80000,89000,92000,107000,114000,100000,95000,86000,85000,105000,119000,119000,125000,128000,117000,108000,113000,109000,115000,128000,127000,147000,149000,,,,,,,,120000,,,,,,15000,20000,22000,25000,31000,34000,40000,46000,51000,56000
COP_yy,10.40,-25.36,,,,-28.16,-8.05,18.67,39.39,44.59,42.50,12.36,3.26,-19.63,-25.44,5.00,25.26,38.37,47.06,21.90,-1.68,-9.24,-9.60,-14.84,-1.71,18.52,12.39,34.86,29.57,,,,,,,,,,,,,,,,,,106.67,70.00,81.82,84.00,64.52,64.71
COP_sy,7.81,-23.19,,,,,-3.60,4.37,8.82,11.79,9.35,8.84,-6.76,-0.42,11.11,10.26,32.85,16.10,5.38,-0.78,-6.91,-1.46,-3.65,3.91,-3.52,1.48,4.55,6.77,25.51,,,,,,,,,,,,,,,,,,-2.68,9.31,22.69,7.09,10.24,
COP_qq,,,-15.53,-13.79,-12.00,12.12,8.11,11.25,3.37,16.30,6.54,-12.28,-5.00,-9.47,-1.16,23.53,13.33,,5.04,2.40,-8.59,-7.69,4.63,-3.54,5.50,11.30,-0.78,15.75,1.36,,,,,,,,,,,,,,,33.33,10.00,13.64,24.00,9.68,17.65,15.00,10.87,9.80
COP_sq,,,4.72,-7.21,-0.97,3.92,0.94,0.47,3.26,6.76,-1.27,,-11.54,14.01,10.17,-0.77,6.59,,,-6.57,,5.47,-2.22,0.76,-7.14,10.93,0.73,2.90,9.15,,,,,,,,,,,,,,,-5.36,-3.64,6.72,,6.30,8.15,-6.85,2.94,-3.57
CSP,60000,50000,39000,34000,24000,27000,29000,-28000,-20000,-17000,-6000,26000,15000,3000,-4000,12000,17000,19000,21000,20000,19000,-2000,-5000,-16000,-17000,-15000,-7000,20000,35000,,,,,,,,21000,,,,,,0,6000,9000,13000,18000,20000,20000,20000,16000,12000
CSP_yy,1900.00,-16.67,,,,-46.00,-25.64,-182.35,-183.33,-162.96,-120.69,192.86,175.00,117.65,33.33,-53.85,13.33,533.33,625.00,66.67,11.76,-110.53,-123.81,-180.00,-189.47,-650.00,-40.00,225.00,305.88,,,,,,,,,,,,,,,,,,,233.33,122.22,53.85,-11.11,-40.00
CSP_sy,-411.11,95.65,,,,-100.00,55.56,67.86,45.83,225.00,25.00,188.89,138.46,20.00,200.00,87.50,240.00,316.67,533.33,166.67,123.53,24.00,-42.11,-20.00,-31.58,-9.68,36.36,-18.75,,,,,,,,,,,,,,,,,,,,-50.00,-75.00,-650.00,-50.00,-1000.00
CSP_qq,,,-22.00,-12.82,-29.41,12.50,7.41,-196.55,28.57,15.00,64.71,533.33,-42.31,-80.00,-233.33,400.00,41.67,11.76,10.53,-4.76,-5.00,-110.53,-150.00,-220.00,-6.25,11.76,53.33,385.71,75.00,,,,,,,,,,,,,,,,50.00,44.44,38.46,11.11,,,-20.00,-25.00
CSP_sq,,,-800.00,-55.56,14.29,83.33,-100.00,-12.50,-44.44,138.46,-220.00,233.33,-37.50,20.00,,150.00,13.33,47.06,52.00,5.26,-5.00,-18.42,-29.03,45.45,-18.75,7.69,7.14,-13.33,,,,,,,,,,,,,,,,,,-125.00,-500.00,133.33,,,-20.00,-100.00
