,2010/Q4,2011/Q4,2012/Q4,2013/Q4,2014/Q1,2014/Q2,2014/Q3,2014/Q4,2015/Q1,2015/Q2,2015/Q3,2015/Q4,2016/Q1,2016/Q2,2016/Q3,2016/Q4,2017/Q1,2017/Q2,2017/Q3,2017/Q4,2018/Q1,2018/Q2
QuoteCurrent,,,,,,,,,,,,,,,,,,,,,,
QuoteCurrent_yy,,,,,,,,,,,,,,,,,,,,,,
QuoteCurrent_sy,,,,,,,,,,,,,,,,,,,,,,
QuoteCurrent_qq,,,,,,,,,,,,,,,,,,,,,,
QuoteCurrent_sq,,,,,,,,,,,,,,,,,,,,,,
ShareAmountCurrent,18265036000,18265036000,18265036000,18265036000,19853300000,19853300000,19853300000,19853300000,19853300000,19853300000,19853300000,19853300000,19853300000,19853300000,19853300000,19853300000,19853300000,19853300000,19853300000,19853300000,19853300000,19853300000
ShareAmountCurrent_yy,,,,,,,,,,,,,,,,,,,,,,
ShareAmountCurrent_sy,,,,,,,,,,,,,,,,,,,,,,
ShareAmountCurrent_qq,,,,,,,,,,,,,,,,,,,,,,
ShareAmountCurrent_sq,,,,,,,,,,,,,,,,,,,,,,
WKCurrent,,,,,,,,,,,,,,,,,,,,,,
WKCurrent_yy,,3.97,72.37,1.74,,,,1.34,23.71,-1.30,0.63,2.62,6.76,7.79,8.27,18.86,18.63,10.66,9.30,4.37,8.13,7.75
WKCurrent_sy,,,,,,,,,,,,,,,,,,,,,,
WKCurrent_qq,,,,,-17.37,13.65,2.82,4.96,0.87,-9.33,4.83,7.04,4.94,-8.46,5.29,17.52,4.73,-14.60,3.99,12.22,8.50,-14.90
WKCurrent_sq,,,,,,,,,,,,,,,,,,,,,,
CWKCurrent,,,,,,,,,,,,,,,,,,,,,,
CWKCurrent_yy,,-3.82,-41.98,-1.71,,,,-1.32,-19.17,1.32,-0.62,-2.56,-6.33,-7.23,-7.63,-15.87,-15.70,-9.63,-8.51,-4.19,-7.51,-7.20
CWKCurrent_sy,,-15.85,20.41,-23.56,,,,-5.06,-35.07,-14.00,-6.45,-15.74,-14.23,-12.21,-14.74,-6.90,-7.48,-6.12,-4.59,-5.70,-5.90,1.05
CWKCurrent_qq,,,,,21.03,-12.01,-2.74,-4.73,-0.86,10.30,-4.61,-6.58,-4.71,9.24,-5.02,-14.91,-4.52,17.11,-3.84,-10.89,-7.83,17.51
CWKCurrent_sq,,,,,40.28,-24.04,-9.96,-1.05,-4.07,0.61,-2.05,-10.87,-2.35,2.98,-4.87,-2.68,-2.96,4.49,-3.32,-3.81,-3.16,12.21
WKGrahamCurrent,,,,,,,,,,,,,,,,,,,,,,
WKGrahamCurrent_yy,,-5.03,64.28,-17.89,,,,-23.99,-12.66,-48.57,-38.87,-20.53,-9.33,-4.76,-5.63,7.27,4.99,-9.01,-11.10,-29.83,-21.17,-25.40
WKGrahamCurrent_sy,,,,,,,,,,,,,,,,,,,,,,
WKGrahamCurrent_qq,,,,,-14.89,6.27,-5.42,-9.22,-4.38,-23.61,1.46,5.20,5.32,-18.45,0.64,16.78,3.00,-35.91,-1.26,2.75,9.47,-40.66
WKGrahamCurrent_sq,,,,,,,,,,,,,,,,,,,,,,
CWKGrahamCurrent,,,,,,,,,,,,,,,,,,,,,,
CWKGrahamCurrent_yy,,,,,,,,,,,,,,,,,,,,,,
CWKGrahamCurrent_sy,,,,,,,,,,,,,,,,,,,,,,
CWKGrahamCurrent_qq,,,,,,,,,,,,,,,,,,,,,,
CWKGrahamCurrent_sq,,,,,,,,,,,,,,,,,,,,,,
PCurrent,,,,,,,,,,,,,,,,,,,,,,
PCurrent_yy,,30.63,-11.48,4.19,,,,-8.69,0.72,2.06,-1.19,-4.04,-0.63,3.23,2.98,5.57,4.90,8.24,13.82,16.14,19.07,16.08
PCurrent_sy,,,,,,,,,,,,,,,,,,,,,,
PCurrent_qq,,,,,-10.14,-3.21,2.36,2.56,-0.88,-1.92,-0.90,-0.40,2.65,1.89,-1.14,2.11,1.99,5.13,3.96,4.20,4.56,2.49
PCurrent_sq,,,,,,,,,,,,,,,,,,,,,,
CPCurrent,,,,,,,,,,,,,,,,,,,,,,
CPCurrent_yy,,-23.45,12.96,-4.02,,,,9.51,-0.71,-2.02,1.20,4.22,0.63,-3.13,-2.89,-5.28,-4.67,-7.61,-12.14,-13.90,-16.01,-13.85
CPCurrent_sy,,9.40,-10.32,-1.28,,,,5.02,-17.49,-4.41,0.29,-11.91,-9.13,-11.25,-9.86,3.53,-2.19,-2.75,-6.95,-9.10,-2.75,-3.68
CPCurrent_qq,,,,,11.29,3.32,-2.31,-2.50,0.89,1.96,0.91,0.40,-2.58,-1.86,1.16,-2.06,-1.96,-4.88,-3.81,-4.03,-4.36,-2.43
CPCurrent_sq,,,,,24.95,-12.28,-4.20,0.02,-1.83,1.63,0.50,-12.15,1.27,-0.74,2.07,0.90,-4.32,-1.31,-2.33,-1.43,2.37,-2.26
ZCurrent,,,,,,,,,,,,,,,,,,,,,,
ZCurrent_yy,,204.43,410.09,-78.12,,,,12.40,22.49,30.13,25.24,19.02,77.40,109.76,85.53,139.19,88.74,62.41,53.34,-10.05,2.84,1.24
ZCurrent_sy,,,,,,,,,,,,,,,,,,,,,,
ZCurrent_qq,,,,,-20.44,-4.84,21.57,22.13,-13.30,1.09,17.01,16.07,29.22,19.53,3.49,49.63,1.97,2.85,-2.29,-12.22,16.57,1.26
ZCurrent_sq,,,,,,,,,,,,,,,,,,,,,,
CZCurrent,,,,,,,,,,,,,,,,,,,,,,
CZCurrent_yy,,-67.15,-80.40,357.04,,,,-11.04,-18.36,-23.15,-20.15,-15.98,-43.63,-52.33,-46.10,-58.19,-47.02,-38.43,-34.78,11.17,-2.76,-1.23
CZCurrent_sy,,-59.62,-65.46,238.29,,,,-32.03,-66.36,-66.79,-70.06,-53.22,-46.90,-26.58,-11.17,31.46,57.69,32.16,18.60,-10.07,-13.08,8.76
CZCurrent_qq,,,,,25.70,5.09,-17.75,-18.12,15.34,-1.07,-14.54,-13.84,-22.61,-16.34,-3.37,-33.17,-1.93,-2.77,2.34,13.92,-14.22,-1.24
CZCurrent_sq,,,,,58.59,-22.58,-0.35,-44.45,-21.50,-23.57,-10.17,-13.19,-10.90,5.67,8.68,28.47,6.88,-11.44,-2.47,-2.58,3.30,10.81
ZOCurrent,,,,,,,,,,,,,,,,,,,,,,
ZOCurrent_yy,,178.26,-24.32,4.54,,,,-3.47,9.46,14.72,17.62,26.95,72.75,103.87,81.91,127.79,85.05,59.45,57.86,-14.15,-2.59,-4.76
ZOCurrent_sy,,,,,,,,,,,,,,,,,,,,,,
ZOCurrent_qq,,,,,-19.01,-3.59,11.47,10.90,-8.16,1.05,14.28,19.70,24.97,19.25,1.98,49.88,1.53,2.75,0.96,-18.49,15.20,0.47
ZOCurrent_sq,,,,,,,,,,,,,,,,,,,,,,
CZOCurrent,,,,,,,,,,,,,,,,,,,,,,
CZOCurrent_yy,,-64.06,32.14,-4.34,,,,3.60,-8.64,-12.83,-14.98,-21.23,-42.11,-50.95,-45.03,-56.10,-45.96,-37.28,-36.65,16.48,2.66,4.99
CZOCurrent_sy,,-49.34,6.30,18.53,,,,-7.07,-38.73,-48.00,-48.49,-53.88,-40.28,-17.83,-8.13,38.51,59.74,36.44,25.46,-2.36,-3.39,11.48
CZOCurrent_qq,,,,,23.47,3.73,-10.29,-9.83,8.88,-1.04,-12.50,-16.46,-19.98,-16.14,-1.94,-33.28,-1.50,-2.68,-0.95,22.68,-13.19,-0.47
CZOCurrent_sq,,,,,9.62,-2.91,-5.24,-7.84,-27.73,-17.60,-6.13,-17.50,-6.42,13.38,4.95,24.39,7.92,-3.16,-3.50,-3.20,6.78,11.75
EVCurrent,,,,,,,,,,,,,,,,,,,,,,
EVCurrent_yy,,2.59,-19.46,2.46,,,,0.69,4.26,6.41,4.66,3.33,0.94,0.17,-0.10,0.57,-0.27,2.84,4.58,5.36,8.85,9.69
EVCurrent_sy,,,,,,,,,,,,,,,,,,,,,,
EVCurrent_qq,,,,,0.01,1.42,1.48,-2.18,3.54,3.52,-0.19,-3.42,1.15,2.73,-0.46,-2.78,0.32,5.93,1.23,-2.06,3.64,6.75
EVCurrent_sq,,,,,,,,,,,,,,,,,,,,,,
EVPCurrent,,,,,,,,,,,,,,,,,,,,,,
EVPCurrent_yy,,-21.46,-9.01,-1.66,,,,10.27,3.51,4.26,5.92,7.68,1.58,-2.96,-2.99,-4.74,-4.93,-4.99,-8.11,-9.28,-8.58,-5.50
EVPCurrent_sy,,1.54,4.07,13.49,,,,18.93,-9.19,-7.56,-9.65,-36.77,-32.84,-33.73,-32.11,1.60,2.37,4.25,13.40,-4.76,1.45,-1.00
EVPCurrent_qq,,,,,11.29,4.79,-0.86,-4.62,4.46,5.55,0.72,-3.03,-1.45,0.83,0.69,-4.79,-1.64,0.77,-2.62,-6.00,-0.88,4.16
EVPCurrent_sq,,,,,26.16,-2.14,-3.21,-0.46,-3.68,-0.39,-5.40,-30.34,2.31,-1.71,-3.09,4.26,3.09,0.09,5.41,-12.44,9.81,-2.33
EVEBITCurrent,,,,,,,,,,,,,,,,,,,,,,
EVEBITCurrent_yy,,-63.13,6.43,-1.99,,,,4.32,-4.75,-7.24,-11.02,-18.61,-41.57,-50.86,-45.08,-55.85,-46.10,-35.50,-33.75,22.73,11.75,15.17
EVEBITCurrent_sy,,-36.14,-2.34,26.63,,,,-19.25,-50.35,-40.79,-46.54,-46.65,-30.98,-18.17,-3.01,23.89,38.52,20.37,8.19,-11.11,-12.66,13.34
EVEBITCurrent_qq,,,,,23.47,5.20,-8.96,-11.79,12.74,2.45,-12.66,-19.31,-19.06,-13.85,-2.39,-35.14,-1.19,3.10,0.26,20.16,-10.03,6.25
EVEBITCurrent_sq,,,,,22.01,-23.94,-3.97,-9.40,-24.98,-9.28,-13.30,-9.58,-2.94,7.56,2.75,15.50,8.51,-6.53,-7.65,-5.11,6.63,21.29
EVEBITDACurrent,,,,,,,,,,,,,,,,,,,,,,
EVEBITDACurrent_yy,,-47.29,-1.75,5.28,,,,4.71,-6.01,-9.06,-14.25,-16.34,-33.81,-41.92,-37.79,-46.87,-38.38,-28.87,-27.05,15.69,7.39,10.16
EVEBITDACurrent_sy,,-12.16,39.50,-2.02,,,,-22.04,-39.90,-37.86,-42.12,-30.59,-22.72,-15.30,-5.10,15.27,17.81,10.57,9.68,-14.57,-9.48,11.12
EVEBITDACurrent_qq,,,,,20.45,5.31,-3.80,-14.19,8.12,1.89,-9.28,-16.28,-14.46,-10.59,-2.84,-28.51,-0.78,3.21,-0.36,13.38,-7.90,5.87
EVEBITDACurrent_sq,,,,,15.86,-9.59,-2.89,-23.36,-10.69,-6.51,-9.55,-8.09,-0.55,2.47,1.33,11.64,1.64,-3.83,0.51,-13.05,7.69,18.06
ROE,,,,,,,,,,,,,,,,,,,,,,
ROE_yy,,193.02,195.93,-78.49,,,,10.87,-0.95,31.82,24.43,15.98,66.09,94.50,71.36,101.28,59.11,46.78,40.25,-13.83,-4.89,-6.05
ROE_sy,,247.44,-25.40,-26.00,,,,29.42,82.52,191.00,213.01,19.48,34.96,16.75,-9.39,-30.47,-39.39,-43.75,-29.23,-12.84,-7.03,1.05
ROE_qq,,,,,-3.74,-16.22,18.23,16.28,-14.00,11.49,11.60,8.39,23.15,30.57,-1.68,27.31,-2.65,20.44,-6.05,-21.78,7.45,18.98
ROE_sq,,,,,-39.02,-30.07,3.75,192.53,-14.00,11.49,11.60,11.66,-2.86,-3.55,-13.39,-14.32,-15.32,-10.48,8.96,5.52,-9.67,-2.71
ROA,,,,,,,,,,,,,,,,,,,,,,
ROA_yy,,172.84,513.12,-79.34,,,,2.50,4.29,21.51,13.87,16.38,66.08,102.33,76.31,110.48,69.89,46.06,36.28,-17.71,-9.80,-15.87
ROA_sy,,324.38,22.69,-30.76,,,,-10.79,69.44,197.52,219.40,44.05,58.82,40.27,24.69,-10.13,-31.30,-43.18,-36.10,-17.49,-18.87,-18.37
ROA_qq,,,,,-12.68,-13.50,22.70,10.60,-11.15,0.78,14.98,13.03,26.80,22.79,0.19,34.93,2.35,5.56,-6.52,-18.52,12.19,-1.54
ROA_sq,,,,,-48.46,-32.89,-0.50,159.20,-2.11,17.84,6.82,16.90,7.93,4.07,-5.04,-15.74,-17.49,-13.93,6.78,8.80,-18.87,-13.40
OPM,,,,,,,,,,,,,,,,,,,,,,
OPM_yy,,113.02,-14.55,0.29,,,,5.71,8.70,12.38,18.95,32.39,73.80,97.46,76.72,115.70,76.38,47.28,38.70,-26.09,-18.19,-17.97
OPM_sy,,97.22,-24.92,9.24,,,,10.93,22.35,12.38,8.75,21.79,39.88,26.13,11.53,-12.02,-28.15,-34.21,-22.78,-11.59,-9.70,-5.62
OPM_qq,,,,,-9.84,-0.32,8.89,8.02,-7.29,3.06,15.25,20.22,21.71,17.09,3.15,46.74,-0.47,-2.23,-2.87,-21.80,10.17,-1.97
OPM_sq,,,,,-15.94,12.20,8.89,8.02,-7.29,3.06,5.37,20.98,6.48,-7.08,-6.83,-4.57,-13.04,-14.92,9.36,9.26,-11.18,-11.07
ROS,,,,,,,,,,,,,,,,,,,,,,
ROS_yy,,132.45,476.66,-79.01,,,,23.25,21.54,27.33,26.69,23.93,78.42,103.24,80.23,126.61,79.94,50.13,34.75,-22.56,-13.61,-12.79
ROS_sy,,237.35,-8.33,-0.80,,,,3.62,89.37,197.97,192.00,37.09,29.65,16.35,27.40,-12.46,-25.17,-28.11,-19.12,-12.46,-11.93,-14.56
ROS_qq,,,,,-11.34,-1.71,18.66,19.20,-12.58,2.98,18.06,16.59,25.87,17.31,4.69,46.60,-0.05,-2.13,-6.03,-15.75,11.50,-1.20
ROS_sq,,,,,-39.44,-34.55,-11.17,194.29,10.68,2.98,-12.95,38.16,4.67,-7.58,-4.69,-5.07,-10.52,-11.21,7.23,2.75,-9.98,-13.86
RS,,,,,,,,,,,,,,,,,,,,,,
RS_yy,,401.65,9.88,2.10,,,,3.38,9.79,18.97,29.02,29.97,63.45,80.98,58.89,62.73,32.29,15.46,11.72,-0.20,10.34,5.89
RS_sy,,173.16,-17.02,8.34,,,,8.39,32.17,18.97,11.39,28.76,45.61,30.98,22.55,-12.96,-27.76,-22.53,-11.66,-0.76,-1.67,-25.71
RS_qq,,,,,-8.52,-3.53,6.66,9.83,-2.84,4.53,15.66,10.64,22.19,15.74,1.55,13.32,-0.67,1.01,-1.74,1.23,9.83,-3.06
RS_sq,,,,,-20.32,16.14,6.66,9.83,-2.84,4.53,-0.14,26.96,9.87,-5.97,-6.57,-9.83,-8.81,0.83,6.55,1.29,-9.64,-23.82
GPM,,,,,,,,,,,,,,,,,,,,,,
GPM_yy,,94.40,418.72,-76.36,,,,14.77,16.76,25.98,22.52,27.19,76.51,95.94,78.38,130.92,86.14,57.18,40.91,-28.77,-21.10,-20.70
GPM_sy,,227.82,-15.67,6.35,,,,-5.88,76.91,144.27,82.82,51.72,55.79,40.16,28.27,-8.96,-26.18,-31.55,-19.94,-11.41,-14.75,-18.32
GPM_qq,,,,,-11.91,-3.24,18.90,13.25,-10.38,4.40,15.62,17.57,24.37,15.90,5.26,52.20,0.25,-2.14,-5.63,-23.06,11.04,-1.64
GPM_sq,,,,,-40.92,-24.39,35.50,55.49,11.05,4.40,1.41,29.04,14.03,-6.07,-7.19,-8.41,-7.54,-12.91,8.55,1.35,-11.03,-16.56
RBS,,,,,,,,,,,,,,,,,,,,,,
RBS_yy,,22.92,3.36,10.55,,,,3.33,7.03,10.16,17.86,14.55,25.91,33.99,26.88,31.69,19.77,8.24,5.40,-0.75,3.72,3.29
RBS_sy,,24.71,-5.38,16.91,,,,-1.07,32.52,15.46,18.57,21.82,29.26,26.29,19.54,2.58,-11.88,-9.66,-5.11,2.65,5.15,-6.83
RBS_qq,,,,,-2.94,0.17,0.34,5.92,0.54,3.10,7.36,2.94,10.50,9.72,1.66,6.85,0.50,-0.85,-1.00,0.61,5.02,-1.26
RBS_sq,,,,,-22.26,17.08,1.96,6.61,4.14,2.00,4.70,9.53,10.50,-0.34,-0.89,-6.01,-5.07,2.17,4.10,1.67,-2.76,-9.48
ROPA,,,,,,,,,,,,,,,,,,,,,,
ROPA_yy,,149.85,-9.07,-1.20,,,,-12.11,-6.82,6.91,6.92,24.20,61.63,96.77,72.95,100.37,66.60,43.35,40.35,-21.48,-14.55,-20.85
ROPA_sy,,187.64,-21.78,-12.26,,,,-4.95,15.88,33.16,25.85,60.03,63.70,42.48,17.30,-21.82,-32.55,-49.52,-38.87,-20.32,-17.27,-3.52
ROPA_qq,,,,,-11.17,-12.27,12.26,0.46,-5.82,0.65,12.28,16.69,22.56,22.54,-1.31,35.19,1.91,5.43,-3.38,-24.36,10.89,-2.33
ROPA_sq,,,,,-21.62,7.52,12.26,0.46,-4.44,23.56,6.10,27.75,-2.25,7.54,-12.65,-14.85,-15.67,-19.52,5.77,11.00,-12.44,-6.14
ZNPO,,,,,,,,,,,,,,,,,,,,,,
ZNPO_yy,,6.26,381.45,-76.45,,,,-22.97,3.96,-4.23,19.37,31.29,30.54,45.59,3.62,35.73,17.59,15.46,27.72,15.86,47.13,21.11
ZNPO_sy,,337.18,27.03,-21.19,,,,-38.55,2.23,53.36,156.78,61.89,62.86,51.54,24.97,15.85,5.18,-12.02,-21.44,-35.75,-33.36,-5.09
ZNPO_qq,,,,,-11.02,0.22,-0.62,-13.08,20.08,-7.68,23.87,-4.39,19.40,2.96,-11.84,25.24,3.44,1.10,-2.48,13.61,31.35,-16.78
ZNPO_sq,,,,,-32.42,-24.41,-26.28,63.18,12.42,13.40,23.43,2.88,13.10,5.52,1.80,-4.63,2.68,-11.74,-9.10,-22.01,6.51,25.70
ZFI,,,,,,,,,,,,,,,,,,,,,,
ZFI_yy,,-39.70,86.95,0.64,,,,-38.16,-6.57,-10.77,16.29,109.93,-1.79,-4.58,0.56,-36.62,11.24,4.49,4.80,49.95,38.64,-7.06
ZFI_sy,,-25.10,34.54,-24.81,,,,65.43,25.42,13.79,14.91,-28.98,1.21,3.71,-20.58,1.92,-3.20,-18.98,25.08,-7.18,-18.52,14.21
ZFI_qq,,,,,-13.39,20.59,-23.32,-22.78,30.86,15.17,-0.08,39.40,-38.78,11.90,5.31,-12.13,7.44,5.10,5.62,25.73,-0.66,-29.55
ZFI_sq,,,,,13.73,4.86,-1.32,40.57,-13.78,-4.86,-0.35,-13.12,22.87,-2.51,-23.69,11.50,16.69,-18.40,17.82,-17.26,2.43,14.38
DTAR,,,,,,,,,,,,,,,,,,,,,,
DTAR_yy,,2.54,-37.06,4.39,,,,8.01,-4.61,7.27,8.37,-0.28,0.18,-3.14,-2.39,-4.13,-6.51,0.44,2.50,4.47,5.60,8.78
DTAR_sy,,-0.79,-4.26,-12.25,,,,11.12,3.21,7.27,8.37,-5.33,-8.36,-14.33,-12.77,-10.45,-2.33,0.51,6.79,12.83,6.70,6.66
DTAR_qq,,,,,9.75,-2.86,-3.36,4.83,-3.07,9.24,-2.37,-3.54,-2.63,5.63,-1.61,-5.26,-5.04,13.48,0.41,-3.45,-4.01,16.90
DTAR_sq,,,,,4.35,5.11,-3.36,4.83,-3.07,9.24,-2.37,-8.42,-6.17,2.11,-0.59,-5.99,2.34,5.08,5.62,-0.66,-3.22,5.04
CG,,,,,,,,,,,,,,,,,,,,,,
CG_yy,,9.88,-69.60,8.54,,,,16.96,-9.43,16.46,18.40,-0.57,0.36,-6.83,-5.10,-8.36,-12.48,0.97,5.46,9.46,11.36,21.48
CG_sy,,6.01,-12.50,-23.35,,,,17.94,1.04,16.46,18.40,-10.43,-11.74,-25.67,-21.43,-19.22,-8.81,-0.76,10.89,24.99,16.15,20.31
CG_qq,,,,,21.02,-5.96,-6.74,10.19,-6.29,20.93,-5.19,-7.46,-5.41,12.26,-3.42,-10.64,-9.66,29.50,0.88,-7.25,-8.10,41.27
CG_sq,,,,,9.38,4.92,-6.74,10.19,-6.29,20.93,-5.19,-16.64,-7.66,1.84,0.22,-14.30,4.25,10.84,11.99,-3.41,-3.12,14.80
LDER,,,,,,,,,,,,,,,,,,,,,,
LDER_yy,,6.99,-78.04,31.65,,,,16.13,0.59,45.58,29.33,-3.83,-5.93,-15.16,-13.12,-10.70,-13.77,6.87,9.35,10.71,25.46,11.26
LDER_sy,,-58.43,29.15,-46.58,,,,47.12,-12.04,53.03,17.44,-4.17,-16.09,-24.59,-28.89,-7.69,-8.67,5.34,30.47,25.43,36.40,57.87
LDER_qq,,,,,14.30,-16.35,7.23,13.27,-1.00,21.07,-4.74,-15.77,-3.17,9.19,-2.45,-13.42,-6.50,35.33,-0.18,-12.34,5.95,20.01
LDER_sq,,,,,83.22,-41.37,25.37,9.24,9.54,2.00,-3.79,-10.86,-4.08,-8.34,-9.27,15.72,-5.10,5.73,12.38,11.25,3.19,22.38
PZAT,,,,,,,,,,,,,,,,,,,,,,
PZAT_yy,,-6.21,113.78,-20.45,,,,-7.69,-3.66,-19.11,-12.32,10.73,7.11,16.09,13.77,2.27,6.81,-7.89,-8.72,-2.51,-17.17,-3.89
PZAT_sy,,39.32,-17.08,19.55,,,,-26.80,-15.85,-32.66,-29.40,21.37,26.06,41.45,35.98,13.80,9.75,0.08,-13.00,-11.84,-15.65,-13.59
PZAT_qq,,,,,-1.53,11.60,-5.91,-10.72,2.76,-6.30,2.00,12.74,-0.59,1.55,-0.04,1.35,3.81,-12.42,-0.95,8.25,-11.80,1.62
PZAT_sq,,,,,-12.07,17.09,-2.72,-26.92,1.09,-6.30,2.00,25.63,5.00,5.14,-1.95,5.13,1.26,-4.13,-14.76,6.53,-3.11,-1.78
PELDR,,,,,,,,,,,,,,,,,,,,,,
PELDR_yy,,3.82,0.94,4.86,,,,-1.18,3.80,-1.25,-2.27,-7.39,-3.14,-5.44,-4.58,5.04,2.26,3.28,2.84,-4.06,5.10,-1.89
PELDR_sy,,19.13,5.81,2.36,,,,-3.87,-1.87,1.79,2.04,6.10,6.62,2.68,3.92,1.22,1.73,1.34,2.57,0.02,1.35,-1.94
PELDR_qq,,,,,-6.35,0.41,1.64,3.40,-1.63,-4.48,0.59,-2.02,2.89,-6.75,1.50,7.86,0.16,-5.82,1.07,0.62,9.73,-12.08
PELDR_sq,,,,,-1.14,-1.04,-1.56,-0.18,0.92,2.65,-1.33,3.79,1.42,-1.14,-0.13,1.10,1.92,-1.53,1.08,-1.41,3.28,-4.72
TSF,,,,,,,,,,,,,,,,,,,,,,
TSF_yy,,-2.45,-0.01,5.33,,,,-2.26,5.56,6.88,1.40,-1.21,-2.52,-2.98,-2.93,0.25,1.23,2.22,0.76,-0.85,3.20,-6.24
TSF_sy,,22.57,4.53,0.82,,,,-6.00,0.75,8.27,5.40,10.03,3.77,1.27,1.50,0.49,2.53,0.55,1.87,-0.63,0.35,-3.96
TSF_qq,,,,,-4.61,-3.36,6.29,-0.24,3.02,-2.15,0.83,-2.81,1.65,-2.62,0.89,0.37,2.65,-1.67,-0.55,-1.23,6.84,-10.66
TSF_sq,,,,,-0.42,-5.31,3.05,-3.25,6.72,1.76,0.32,1.00,0.65,-0.69,0.55,-0.01,2.69,-2.61,1.87,-2.46,3.70,-6.80
ZKO,,,,,,,,,,,,,,,,,,,,,,
ZKO_yy,,-17.42,-38.73,5.94,,,,4.53,0.69,38.62,23.67,22.84,2.65,7.96,4.92,-18.12,-10.14,-4.48,-6.12,16.48,0.69,-6.99
ZKO_sy,,-24.25,-4.63,7.47,,,,14.15,-23.50,2.93,8.49,-13.19,-9.51,-2.15,-8.40,23.55,18.79,7.03,3.82,-3.43,-6.93,0.60
ZKO_qq,,,,,16.24,-13.35,10.46,-6.05,11.98,19.28,-1.45,-6.68,-6.43,25.45,-4.22,-27.18,2.69,33.35,-5.86,-9.65,-11.22,23.18
ZKO_sq,,,,,41.08,-24.24,4.94,1.76,-5.45,1.93,10.61,-18.57,-1.44,10.22,3.54,9.84,-5.24,-0.69,0.43,2.17,-8.68,7.35
OSF,,,,,,,,,,,,,,,,,,,,,,
OSF_yy,,-17.97,28.00,1.35,,,,-2.36,4.34,17.99,9.09,15.57,1.83,9.41,6.12,-10.26,-2.98,-3.93,-6.85,7.54,-3.09,-13.14
OSF_sy,,13.60,-5.95,7.18,,,,22.86,3.84,5.08,12.72,-10.51,2.87,-0.96,0.21,0.34,5.49,2.48,-3.04,-2.66,-7.48,-9.07
OSF_qq,,,,,3.48,-6.98,9.50,-7.37,10.59,5.19,1.24,-1.87,-2.56,13.02,-1.80,-17.01,5.34,11.91,-4.78,-4.20,-5.07,0.30
OSF_sq,,,,,-3.78,8.93,-1.52,19.04,-18.68,10.22,5.64,-5.49,-6.52,6.13,6.88,-5.37,-1.73,3.10,1.13,-5.00,-6.59,1.33
NetDebt,739746924000,810767598000,395171000000,455668982000,515476000000,552127070000,500892339000,530132348000,529898824000,618983976000,632279752000,583802000000,583806859000,643377247000,651194354000,625106000000,609388000000,728419000000,773911000000,765561000000,796141000000,950072000000
NetDebt_yy,,,,,,,,,,,,,,,,,,,,,,
NetDebt_sy,,,,,,,,,,,,,,,,,,,,,,
NetDebt_qq,,,,,,,,,,,,,,,,,,,,,,
NetDebt_sq,,,,,,,,,,,,,,,,,,,,,,
NetDebtEBITDA,,,,,,,,,,,,,,,,,,,,,,
NetDebtEBITDA_yy,,-43.69,-40.55,18.48,,,,11.31,-7.32,-4.19,3.43,-10.83,-27.75,-39.73,-35.87,-43.43,-35.50,-21.69,-17.11,34.48,28.89,30.98
NetDebtEBITDA_sy,,-46.33,-21.30,19.16,,,,18.99,-24.50,-24.34,-29.83,-25.88,-18.26,-11.74,-10.55,-18.70,-13.38,-12.89,-1.49,5.41,-3.33,20.30
NetDebtEBITDA_qq,,,,,25.35,11.22,-14.00,-7.16,4.37,14.97,-7.16,-19.96,-15.44,-4.09,-1.20,-29.41,-3.58,16.46,4.58,14.52,-7.59,18.35
NetDebtEBITDA_sq,,,,,44.91,-10.34,0.36,-8.75,-8.05,-10.15,-6.92,-3.62,1.42,-2.99,-5.67,-12.40,8.06,-2.44,6.68,-6.26,-0.90,21.40
DebtFin,518918574000,571247187000,168676000000,209624051000,227954000000,254394673000,282315907000,240723635000,306944981000,375088898000,371288682000,302924000000,325188945000,378548075000,369366253000,313847000000,320003000000,435599000000,460937000000,417936000000,492471000000,635632000000
DebtFin_yy,,,,,,,,,,,,,,,,,,,,,,
DebtFin_sy,,,,,,,,,,,,,,,,,,,,,,
DebtFin_qq,,,,,,,,,,,,,,,,,,,,,,
DebtFin_sq,,,,,,,,,,,,,,,,,,,,,,
DebtFinEBITDA,,,,,,,,,,,,,,,,,,,,,,
DebtFinEBITDA_yy,,-43.44,-63.98,27.70,,,,9.86,21.40,26.00,7.76,1.89,-30.53,-41.48,-38.05,-45.27,-39.20,-20.41,-12.96,46.22,51.83,46.54
DebtFinEBITDA_sy,,-46.44,26.84,41.80,,,,19.19,16.63,40.39,15.70,-30.00,-33.86,-31.20,-21.72,-20.61,-8.56,2.01,2.40,8.56,3.86,9.54
DebtFinEBITDA_qq,,,,,20.49,15.88,5.20,-25.21,33.14,20.28,-10.03,-29.28,-9.22,1.32,-4.76,-37.52,0.84,32.63,4.16,4.97,4.71,28.01
DebtFinEBITDA_sq,,,,,15.06,-21.43,8.95,21.02,12.59,-5.43,-10.21,-26.78,6.38,-1.62,2.17,-25.75,22.52,9.75,2.56,-21.28,17.21,15.76
SP1,,,,,,,,,,,,,,,,,,,,,,
SP1_yy,,-0.67,108.88,-4.32,,,,-6.59,3.63,-14.88,-11.78,-5.93,-0.81,1.35,1.14,9.61,7.97,0.57,-0.78,-7.68,-3.76,-6.61
SP1_sy,,35.60,16.87,1.49,,,,-7.77,12.16,0.01,-1.56,16.14,7.92,4.45,6.26,-8.18,-3.12,-0.55,2.41,-0.54,-5.23,-11.35
SP1_qq,,,,,-10.97,7.35,-0.87,-1.40,-1.24,-11.82,2.73,5.14,4.14,-9.90,2.52,13.95,2.58,-16.08,1.15,6.03,6.94,-18.56
SP1_sq,,,,,-13.47,12.22,-2.34,-2.75,5.23,0.06,-3.88,14.74,-2.21,-3.15,-2.21,-0.85,3.18,-0.59,0.70,-3.71,-1.68,-7.02
SP2,,,,,,,,,,,,,,,,,,,,,,
SP2_yy,,3.84,0.90,4.80,,,,-1.14,3.85,-1.24,-2.27,-7.35,-3.13,-5.43,-4.57,5.05,2.31,3.34,2.91,-4.10,4.72,-2.23
SP2_sy,,20.97,5.66,2.60,,,,-4.06,-1.83,2.74,2.57,6.27,6.26,2.34,3.92,1.20,1.75,1.41,2.35,0.05,0.98,-2.19
SP2_qq,,,,,-6.36,0.44,1.66,3.40,-1.63,-4.49,0.59,-1.97,2.85,-6.76,1.51,7.92,0.16,-5.81,1.08,0.57,9.38,-12.06
SP2_sq,,,,,-1.35,-1.74,-1.16,0.14,0.94,2.83,-1.33,3.76,0.93,-0.97,0.20,1.04,1.48,-1.30,1.13,-1.23,2.42,-4.40
CAR,,,,,,,,,,,,,,,,,,,,,,
CAR_yy,,129.02,8.15,-0.41,,,,85.71,63.38,4.04,-9.12,-36.20,12.28,-6.89,-21.34,8.24,0.68,-10.71,-41.25,-43.54,-59.45,-4.00
CAR_sy,,-0.45,57.39,27.30,,,,-45.18,-22.46,-12.52,19.70,100.69,34.03,14.08,50.18,44.77,42.80,48.74,-4.54,-8.58,-18.43,-18.56
CAR_qq,,,,,-40.98,-16.28,43.57,161.79,-48.08,-46.69,25.42,83.78,-8.62,-55.79,5.95,152.89,-15.01,-60.79,-30.29,143.03,-38.95,-7.18
CAR_sq,,,,,-3.85,-36.44,-24.30,18.50,36.00,-28.29,3.58,98.68,-9.17,-38.97,36.36,91.53,-10.41,-36.43,-12.49,83.42,-20.07,-36.53
QR,,,,,,,,,,,,,,,,,,,,,,
QR_yy,,25.35,0.30,21.17,,,,-0.58,26.07,-7.74,-14.67,-22.79,-8.79,-20.70,-10.88,31.52,11.37,16.56,9.63,-23.23,7.88,-6.90
QR_sy,,24.62,9.30,22.72,,,,-15.17,-10.28,-0.37,-9.95,11.85,-0.56,27.10,47.85,13.84,20.13,-6.09,-5.44,-3.97,4.06,-4.64
QR_qq,,,,,-20.82,10.01,8.95,4.76,0.41,-19.49,0.75,-5.21,18.61,-30.00,13.23,39.90,0.43,-26.74,6.51,-2.04,41.15,-36.78
QR_sq,,,,,1.39,-25.75,10.59,1.89,7.24,-17.54,-0.05,26.56,-4.65,5.39,16.26,-2.56,0.62,-17.62,17.07,-1.04,9.03,-24.50
CR,,,,,,,,,,,,,,,,,,,,,,
CR_yy,,14.16,2.72,18.76,,,,-5.31,15.76,-3.79,-7.60,-22.27,-11.79,-19.38,-16.60,18.08,9.00,13.44,12.12,-12.89,20.01,-4.64
CR_sy,,34.55,20.90,-3.68,,,,-0.60,4.44,3.36,-10.42,6.35,3.03,9.72,15.30,12.52,6.48,-4.30,0.64,-16.51,-6.73,-9.27
CR_qq,,,,,-20.46,1.05,6.50,10.63,-2.77,-16.02,2.28,-6.93,10.34,-23.24,5.80,31.78,1.85,-20.11,4.57,2.39,40.31,-36.52
CR_sq,,,,,0.62,-4.63,8.33,-4.38,5.72,-5.62,-6.11,13.52,2.42,0.51,-1.33,10.78,-3.08,-9.67,3.76,-8.09,8.27,-12.13
PP,,,,,,,,,,,,,,,,,,,,,,
PP_yy,,96.57,17.04,-8.34,,,,83.52,154.26,81.90,-38.73,-37.00,-24.85,-45.24,-15.80,8.24,-6.00,-16.67,-46.96,-43.54,-59.45,-4.00
PP_sy,,-16.96,57.44,29.50,,,,-46.13,-34.49,-15.89,-7.63,120.71,58.64,24.53,56.22,31.64,20.10,36.26,-10.35,-8.58,-19.25,-18.58
PP_qq,,,,,-40.79,-15.16,111.46,72.75,-17.96,-39.30,-28.77,77.61,-2.13,-55.77,9.52,128.33,-15.01,-60.79,-30.29,143.03,-38.95,-7.18
PP_sq,,,,,13.58,-44.90,-3.64,-10.66,38.11,-29.26,5.83,113.45,-0.73,-44.47,32.75,79.87,-9.43,-36.99,-12.66,83.42,-20.00,-36.47
RCLR,,,,,,,,,,,,,,,,,,,,,,
RCLR_yy,,7.63,-8.10,38.62,,,,-34.25,-9.45,-25.07,-3.09,-13.85,4.85,-7.64,-9.96,12.26,1.60,9.46,0.82,8.22,36.45,-5.09
RCLR_sy,,31.69,8.64,14.28,,,,-25.55,-10.26,9.18,1.94,23.88,7.61,-5.26,17.28,-9.68,5.93,4.35,-4.50,-14.26,-6.42,-17.73
RCLR_qq,,,,,-19.23,18.97,-9.54,-24.36,11.24,-1.56,17.00,-32.75,35.38,-13.28,14.05,-16.16,22.52,-6.57,5.04,-10.00,54.48,-35.01
RCLR_sq,,,,,-5.35,-12.96,5.66,-14.46,14.09,5.89,-1.35,3.95,-0.89,-6.78,22.12,-19.95,16.24,-8.18,11.77,-28.13,26.86,-19.27
KP,,,,,,,,,,,,,,,,,,,,,,
KP_yy,,157.84,63.55,210.29,,,,-17.68,909.09,-146.88,-91.28,-131.10,-77.48,-1493.33,-2217.65,273.38,248.00,55.65,65.00,-133.20,140.61,-75.00
KP_sy,,399.45,76.66,-2.14,,,,3.42,-2.95,-20.42,-42.72,19.92,39.32,64.89,86.90,7.36,5.45,0.89,13.48,-7.05,-8.31,-17.27
KP_qq,,,,,-93.92,93.94,204.69,129.23,-25.50,-109.01,156.67,-917.65,153.96,-737.33,24.69,166.94,8.30,-181.23,40.57,36.51,885.00,-159.08
KP_sq,,,,,1.39,-0.53,18.41,-13.40,-4.85,-18.44,-14.76,81.28,10.54,-3.46,-3.39,4.13,8.58,-7.64,8.67,-14.71,7.12,-16.67
PKKO,,,,,,,,,,,,,,,,,,,,,,
PKKO_yy,,151.15,54.89,218.45,,,,-0.15,1107.50,-149.44,-90.00,-134.81,-73.71,-1706.82,-2530.77,307.02,292.13,52.96,64.87,-130.93,133.73,-83.69
PKKO_sy,,102.82,55.12,1.00,,,,-31.52,-48.64,125.10,-29.91,52.60,140.68,117.63,159.58,25.31,8.34,0.45,8.95,-1.80,22.07,-15.43
PKKO_qq,,,,,-93.90,122.50,192.13,151.92,-26.26,-109.11,159.09,-976.92,155.70,-725.98,20.50,174.68,5.51,-175.10,40.64,34.23,897.26,-159.02
PKKO_sq,,,,,-1.67,-73.74,219.43,-16.98,-26.26,15.11,-0.54,80.74,16.31,4.09,18.64,-12.75,0.56,-3.49,28.67,-21.36,25.00,-33.14
RN,,,,,,,,,,,,,,,,,,,,,,
RN_yy,,0.16,15.69,-14.38,,,,-5.50,-3.70,26.19,19.26,14.14,8.62,-2.21,-3.65,-8.08,-5.37,-3.68,0.20,2.67,-1.24,-8.72
RN_sy,,-13.37,10.86,-13.78,,,,26.92,13.69,18.93,23.97,5.46,5.20,6.43,-4.76,-9.46,-13.95,-16.48,-11.64,-6.04,-2.64,-0.08
RN_qq,,,,,0.20,-14.96,4.55,6.08,2.11,11.43,-1.19,1.52,-2.82,0.32,-2.65,-3.14,0.05,2.10,1.27,-0.75,-3.76,-5.63
RN_sq,,,,,13.24,-5.48,-0.91,19.67,1.43,-1.13,3.29,1.81,1.18,0.03,-7.57,-3.22,-3.84,-2.91,-2.21,2.91,-0.37,-0.35
CRN,42000,42000,37000,43000,43000,50000,48000,45000,44000,40000,40000,40000,41000,41000,42000,43000,43000,42000,42000,42000,44000,46000
CRN_yy,,,-11.90,16.22,,,,4.65,2.33,-20.00,-16.67,-11.11,-6.82,2.50,5.00,7.50,4.88,2.44,,-2.33,2.33,9.52
CRN_sy,,,-11.67,16.04,,,,-21.95,-12.73,-15.79,-18.97,-4.17,-5.21,-5.21,4.26,10.87,16.48,19.78,,5.88,1.89,-0.92
CRN_qq,,,,,,16.28,-4.00,-6.25,-2.22,-9.09,,,2.50,,2.44,2.38,,-2.33,,,4.76,4.55
CRN_sq,,,,,,3.64,1.75,-17.24,,,,,-1.09,,7.69,4.08,,2.83,,,,
CPZ,93000,86000,81000,68000,76000,87000,84000,87000,87000,85000,87000,89000,90000,92000,97000,98000,97000,93000,91000,91000,87000,94000
CPZ_yy,,-7.53,-5.81,-16.05,,,,27.94,14.47,-2.30,3.57,2.30,3.45,8.24,11.49,10.11,7.78,1.09,-6.19,-7.14,-10.31,1.08
CPZ_sy,,-22.06,-3.77,-9.15,,,,19.42,5.81,-5.75,-5.95,-15.06,-12.20,-12.20,-3.16,12.77,8.33,6.25,-4.58,-7.55,3.21,11.11
CPZ_qq,,,,,11.76,14.47,-3.45,3.57,,-2.30,2.35,2.30,1.12,2.22,5.43,1.03,-1.02,-4.12,-2.15,,-4.40,8.05
CPZ_sq,,,,,11.51,12.26,-3.45,-1.19,,,-3.66,-10.76,2.13,,6.25,3.92,-1.89,-1.92,-4.58,,9.52,5.59
RZ,,,,,,,,,,,,,,,,,,,,,,
RZ_yy,,10.27,-2.41,3.26,,,,6.28,7.20,8.24,-7.07,-2.61,-3.26,-2.87,8.16,6.55,5.21,8.73,2.07,-6.78,-15.37,-22.37
RZ_sy,,-8.77,7.79,-3.83,,,,-2.97,-19.07,-6.64,-8.43,2.26,-5.10,-2.06,-1.64,-3.19,7.15,3.18,4.87,0.58,-11.50,-8.10
RZ_qq,,,,,1.17,-1.81,8.35,-1.26,2.04,-0.86,-6.98,3.49,1.36,-0.45,3.58,1.94,0.09,2.88,-2.76,-6.89,-9.14,-5.62
RZ_sq,,,,,23.34,-14.05,-2.15,-6.46,2.87,-0.84,-4.02,4.46,-4.54,2.33,-3.61,2.81,5.66,-1.46,-2.04,-1.39,-7.03,2.33
CRZ,34000,31000,32000,31000,31000,31000,29000,29000,29000,29000,31000,30000,30000,30000,29000,28000,28000,27000,28000,30000,33000,35000
CRZ_yy,,-8.82,3.23,-3.12,,,,-6.45,-6.45,-6.45,6.90,3.45,3.45,3.45,-6.45,-6.67,-6.67,-10.00,-3.45,7.14,17.86,29.63
CRZ_sy,,9.52,-8.70,4.76,,,,6.82,27.78,8.14,7.95,-6.38,2.17,-3.23,-1.05,4.55,-8.51,-2.22,-4.26,,13.95,9.09
CRZ_qq,,,,,,,-6.45,,,,6.90,-3.23,,,-3.33,-3.45,,-3.57,3.70,7.14,10.00,6.06
CRZ_sq,,,,,,,2.33,,,,2.15,-7.37,,,4.44,-2.13,,2.33,2.27,2.22,6.52,-2.04
RMO,,,,,,,,,,,,,,,,,,,,,,
RMO_yy,,-5.57,3.50,-0.06,,,,-8.14,-11.96,-0.66,-3.65,4.07,9.16,10.18,9.51,-1.75,-5.00,-6.77,-6.82,3.80,5.22,-2.17
RMO_sy,,3.70,9.81,-13.86,,,,16.76,12.74,14.54,16.82,1.69,-8.67,-12.09,-16.80,-14.16,-8.15,-12.46,-11.17,-9.67,-14.25,-8.79
RMO_qq,,,,,0.95,-9.03,3.07,-2.96,-3.24,2.65,-0.03,4.82,1.48,3.60,-0.64,-5.96,-1.87,1.67,-0.69,4.76,-0.54,-5.47
RMO_sq,,,,,8.41,0.29,0.43,6.93,4.68,1.88,2.44,-6.92,-5.99,-1.93,-3.04,-3.97,0.60,-6.53,-1.62,-2.35,-4.51,-0.58
RMT,,,,,,,,,,,,,,,,,,,,,,
RMT_yy,,24.81,7.29,-2.02,,,,-9.02,-11.25,-11.47,-15.37,-16.13,-10.89,-5.44,-4.21,-1.69,-2.84,-0.59,3.82,4.81,6.85,2.93
RMT_sy,,19.53,-3.83,-17.99,,,,-11.93,2.31,-0.33,0.82,7.38,1.65,2.51,-0.80,-9.35,-1.26,0.46,5.97,7.41,-0.18,-1.14
RMT_qq,,,,,-2.76,-5.21,0.35,-1.65,-5.13,-5.45,-4.06,-2.54,0.80,0.33,-2.82,0.04,-0.39,2.66,1.48,1.00,1.55,-1.11
RMT_sq,,,,,-13.28,0.96,-1.20,1.80,0.75,-1.65,-0.05,8.43,-4.63,-0.82,-3.28,-0.92,3.88,0.91,2.03,0.43,-3.46,-0.06
RM,,,,,,,,,,,,,,,,,,,,,,
RM_yy,,17.25,6.33,-1.53,,,,-8.80,-11.43,-8.97,-12.75,-11.86,-6.68,-2.26,-1.49,-1.74,-3.32,-1.90,1.52,4.65,6.54,1.80
RM_sy,,15.90,-2.66,-16.01,,,,-2.28,-0.71,1.74,-4.34,-2.82,-4.75,-3.37,-4.44,-7.35,-1.22,0.19,5.79,8.93,4.13,0.16
RM_qq,,,,,-1.84,-6.18,1.03,-1.98,-4.67,-3.57,-3.17,-0.98,0.93,0.99,-2.40,-1.23,-0.69,2.47,1.01,1.81,1.10,-2.09
RM_sq,,,,,-2.32,-3.99,3.84,0.34,-0.75,-1.62,-2.36,1.94,-2.72,-0.19,-3.45,-1.17,3.72,1.23,1.95,1.76,-0.85,-2.63
COP,76000,73000,69000,74000,74000,81000,77000,74000,73000,69000,71000,70000,71000,71000,71000,71000,71000,69000,70000,72000,77000,81000
COP_yy,,-3.95,-5.48,7.25,,,,,-1.35,-14.81,-7.79,-5.41,-2.74,2.90,,1.43,,-2.82,-1.41,1.41,8.45,17.39
COP_sy,,1.04,-16.49,19.75,,,,,-1.03,-3.08,-4.62,-9.09,-4.17,-2.65,,7.78,,,-4.17,-4.12,2.11,5.43
COP_qq,,,,,,9.46,-4.94,-3.90,-1.35,-5.48,2.90,-1.41,1.43,,,,,-2.82,1.45,2.86,6.94,5.19
COP_sq,,,,,,0.52,,1.54,-3.03,-1.56,-1.59,-3.23,2.22,,,,,-3.16,,1.09,4.30,
CSP,-17000,-13000,-12000,6000,-2000,-6000,-7000,-13000,-14000,-16000,-16000,-19000,-19000,-21000,-26000,-27000,-26000,-24000,-21000,-19000,-10000,-13000
CSP_yy,,23.53,7.69,150.00,,,,-316.67,-600.00,-166.67,-128.57,-46.15,-35.71,-31.25,-62.50,-42.11,-36.84,-14.29,19.23,29.63,61.54,45.83
CSP_sy,,141.18,228.57,17.39,,,,-22.22,-2.50,,-5.13,9.52,2.56,21.05,2.70,-26.09,-10.00,-8.70,36.84,29.41,22.22,4.76
CSP_qq,,,,,-133.33,-200.00,-16.67,-85.71,-7.69,-14.29,,-18.75,,-10.53,-23.81,-3.85,3.70,7.69,12.50,9.52,47.37,-30.00
CSP_sq,,,,,-25.93,-5.00,2.63,7.69,-7.14,-2.56,,24.32,,15.00,-17.39,-10.53,5.88,16.67,23.81,-15.38,,
