,2005/Q1,2005/Q2,2005/Q3,2005/Q4,2006/Q1,2006/Q2,2006/Q3,2006/Q4,2007/Q1,2007/Q2,2007/Q3,2007/Q4,2008/Q1,2008/Q2,2008/Q3,2008/Q4,2009/Q1,2009/Q2,2009/Q3,2009/Q4,2010/Q1,2010/Q2,2010/Q3,2010/Q4,2011/Q1,2011/Q2,2011/Q3,2011/Q4,2012/Q1,2012/Q2,2012/Q3,2012/Q4,2013/Q1,2013/Q2,2013/Q3,2013/Q4,2014/Q1,2014/Q2,2014/Q3,2014/Q4,2015/Q1,2016/Q1,2016/Q2,2016/Q3,2016/Q4,2017/Q1,2017/Q2,2017/Q3,2017/Q4,2018/Q1,2018/Q2
IncomeRevenues,21199000,-17399000,13515000,-9539000,1150000,,,,,,,,26620000,35460000,50741000,63918000,56635000,51883000,48735000,33865000,27601000,31689000,24194000,16452000,17500000,17850000,19290000,6304000,,,,,,,,,459000,413000,606000,604000,413000,2786000,-259000,292000,323000,137000,134000,123000,1956000,1714000,1337000
IncomeRevenues_yy,,,,,-94.58,100.00,-100.00,100.00,-100.00,,,,,,,,112.75,46.31,-3.95,-47.02,-51.27,-38.92,-50.36,-51.42,-36.60,-43.67,-20.27,-61.68,-100.00,-100.00,-100.00,-100.00,,,,,,,,,-10.02,574.58,,,,-95.08,151.74,-57.88,505.57,1151.09,897.76
IncomeRevenues_sy,,,,,6.10,100.00,29.92,100.00,66.32,,,,,,,,13.49,1.98,-26.14,-25.70,-8.88,-15.47,36.00,28.32,0.53,53.64,28.58,17.55,49.73,11.46,9.48,-10.04,,,,,,,,,-3.60,7.40,,,,4.23,1.53,5.79,3.54,7.07,0.05
IncomeRevenues_qq,,-182.07,177.68,-170.58,112.06,-100.00,,,,,,,,33.21,43.09,25.97,-11.39,-8.39,-6.07,-30.51,-18.50,14.81,-23.65,-32.00,6.37,2.00,8.07,-67.32,-100.00,,,,,,,,,-10.02,46.73,-0.33,-31.62,,-109.30,212.74,10.62,-57.59,-2.19,-8.21,1490.24,-12.37,-22.00
IncomeRevenues_sq,,-3.30,41.83,-8.06,10.05,6.76,,,,,,,,13.25,-10.87,1.99,-9.10,-2.31,-18.73,3.65,9.24,3.08,8.52,-0.23,-5.62,4.22,2.46,21.40,-4.22,,,,,,,,,12.21,-13.93,3.84,-2.50,,5.82,5.51,-0.82,-3.61,0.09,-4.50,-1.02,3.26,-3.32
IncomeCostOfSales,,,,,,,,,,,,,,55019000,40058000,57953000,49284000,42004000,40255000,26744000,25728000,30118000,23163000,16723000,15555000,15145000,15339000,10024000,,,,,,,,,366000,477000,370000,777000,477000,2485000,415000,409000,327000,240000,94000,60000,1034000,932000,540000
IncomeCostOfSales_yy,,,,,,,,,,,,,,,,,,-23.66,0.49,-53.85,-47.80,-28.30,-42.46,-37.47,-39.54,-49.71,-33.78,-40.06,-100.00,-100.00,-100.00,-100.00,,,,,,,,,30.33,420.96,,,,-90.34,-77.35,-85.33,216.21,288.33,474.47
IncomeCostOfSales_sy,,,,,,,,,,,,,,,,,,-23.66,-54.95,-25.23,-48.93,-28.30,-29.70,96.31,-13.90,58.10,10.80,-3.66,80.90,-13.22,-15.82,-65.40,,,,,,,,,-10.96,10.34,,,,-20.33,-0.74,-11.98,-10.06,-15.38,-2.38
IncomeCostOfSales_qq,,,,,,,,,,,,,,,-27.19,44.67,-14.96,-14.77,-4.16,-33.56,-3.80,17.06,-23.09,-27.80,-6.98,-2.64,1.28,-34.65,-100.00,,,,,,,,,30.33,-22.43,110.00,-38.61,,-83.30,-1.45,-20.05,-26.61,-60.83,-36.17,1623.33,-9.86,-42.06
IncomeCostOfSales_sq,,,,,,,,,,,,,,,-21.56,-6.76,-16.70,-20.00,3.67,-21.48,8.91,-10.09,12.29,29.59,-22.28,1.32,5.25,5.68,-13.79,,,,,,,,,5.74,-20.21,7.66,-8.66,,-2.86,-0.72,-9.64,-10.02,-3.41,-13.38,-1.34,-9.86,5.26
IncomeDistributionExpenses,,,,,,,,,,,,,,2252000,1692000,1518000,1418000,1373000,1795000,2022000,1395000,1280000,564000,398000,353000,470000,271000,393000,,,,,,,,,,,,,,,,,,,,,466000,409000,712000
IncomeDistributionExpenses_yy,,,,,,,,,,,,,,,,,,-39.03,6.09,33.20,-1.62,-6.77,-68.58,-80.32,-74.70,-63.28,-51.95,-1.26,-100.00,-100.00,-100.00,-100.00,,,,,,,,,,,,,,,,,,,
IncomeDistributionExpenses_sy,,,,,,,,,,,,,,,,,,-39.03,-40.02,-94.14,-100.00,-52.92,-55.67,75.62,-74.70,-19.54,7.53,-36.37,-12.98,-95.84,-100.00,-100.00,,,,,,,,,,,,,,,,,,,
IncomeDistributionExpenses_qq,,,,,,,,,,,,,,,-24.87,-10.28,-6.59,-3.17,30.74,12.65,-31.01,-8.24,-55.94,-29.43,-11.31,33.14,-42.34,45.02,-100.00,,,,,,,,,,,,,,,,,,,,,-12.23,74.08
IncomeDistributionExpenses_sq,,,,,,,,,,,,,,,9.96,-24.05,-8.29,5.01,-18.96,-77.80,-31.01,66.07,-48.52,-3.23,-47.22,49.90,2.22,2.26,-79.09,,,,,,,,,,,,,,,,,,,,,-12.57,-16.03
IncomeAdministrativExpenses,,,,,,,,,,,,,,4788000,5054000,5142000,3962000,4940000,4982000,4951000,4350000,4746000,4023000,5435000,2909000,2747000,2383000,-552000,1344000,683000,541000,492000,726000,1456000,931000,726000,935000,924000,668000,596000,924000,1307000,878000,699000,1076000,455000,480000,308000,1328000,750000,1026000
IncomeAdministrativExpenses_yy,,,,,,,,,,,,,,,,,,3.17,-1.42,-3.71,9.79,-3.93,-19.25,9.78,-33.13,-42.12,-40.77,-110.16,-53.80,-75.14,-77.30,189.13,-45.98,113.18,72.09,47.56,28.79,-36.54,-28.25,-17.91,-1.18,41.45,,,,-65.19,-45.33,-55.94,23.42,64.84,113.75
IncomeAdministrativExpenses_sy,,,,,,,,,,,,,,,,,,-5.70,-1.61,-27.98,-20.93,-1.05,4.13,12.62,28.74,26.82,10.37,7.62,2.16,6.12,3.72,-1.34,-2.03,7.30,17.17,8.08,16.28,2.43,-11.38,-0.22,-1.40,4.34,,,,-8.28,-8.64,-2.30,10.10,5.35,13.58
IncomeAdministrativExpenses_qq,,,,,,,,,,,,,,,5.56,1.74,-22.95,24.68,0.85,-0.62,-12.14,9.10,-15.23,35.10,-46.48,-5.57,-13.25,-123.16,343.48,-49.18,-20.79,-9.06,47.56,100.55,-36.06,-22.02,28.79,-1.18,-27.71,-10.78,55.03,,-32.82,-20.39,53.93,-57.71,5.49,-35.83,331.17,-43.52,36.80
IncomeAdministrativExpenses_sq,,,,,,,,,,,,,,,5.07,25.27,-27.55,6.78,-0.72,4.32,-12.88,9.10,-1.46,15.25,-3.13,1.23,-3.84,13.55,-10.56,4.01,-4.98,5.84,-0.11,13.42,-9.69,20.12,-9.00,5.03,-6.26,14.30,-7.10,,-3.67,-2.49,2.63,-9.20,5.49,-8.16,9.94,-9.58,1.25
IncomeGrossProfit,21199000,-17399000,13515000,-9539000,1150000,-4129000,-798000,-9294000,-637000,-4227000,-434000,-681000,61000,-40000,3937000,-695000,1971000,3566000,1703000,148000,-3872000,-4455000,-3556000,-6104000,-1317000,-512000,1297000,-3561000,-1344000,-683000,-541000,-492000,-726000,-1456000,-931000,-726000,-842000,-988000,-432000,-769000,-988000,-1006000,-1552000,-816000,-1080000,-558000,-440000,-245000,-872000,-377000,-941000
IncomeGrossProfit_yy,,,,,-94.58,76.27,-105.90,2.57,-155.39,-2.37,45.61,92.67,109.58,99.05,1007.14,-2.06,3131.15,9015.00,-56.74,121.29,-296.45,-224.93,-308.81,-4224.32,65.99,88.51,136.47,41.66,-2.05,-33.40,-141.71,86.18,45.98,-113.18,-72.09,-47.56,-15.98,32.14,53.60,-5.92,-17.34,-1.82,,,,44.53,71.65,69.98,19.26,32.44,-113.86
IncomeGrossProfit_sy,,,,,25.80,59.78,54.52,-27.34,38.07,-2.37,36.36,65.07,-29.95,-20.94,-149.52,-0.51,-9.07,25.49,-2.69,3.41,36.75,-15.27,38.20,-10.96,22.26,23.45,-8.60,-14.35,-2.05,13.02,13.36,28.19,24.65,19.37,19.34,1.44,24.22,10.62,25.91,9.79,7.26,0.16,,,,7.65,4.09,17.09,9.52,9.67,-6.25
IncomeGrossProfit_qq,,-182.07,177.68,-170.58,112.06,-459.04,80.67,-1064.66,93.15,-563.58,89.73,-56.91,108.96,-165.57,9942.50,-117.65,383.60,80.92,-52.24,-91.31,-2716.22,-15.06,20.18,-71.65,78.42,61.12,353.32,-374.56,62.26,49.18,20.79,9.06,-47.56,-100.55,36.06,22.02,-15.98,-17.34,56.28,-78.01,-28.48,,-54.27,47.42,-32.35,48.33,21.15,44.32,-255.92,56.77,-149.60
IncomeGrossProfit_sq,,-21.30,10.44,-19.09,30.24,,80.67,-6.91,-0.58,1.94,19.68,-50.02,8.55,-0.67,4.08,5.46,4.95,21.37,-23.51,-2.97,33.55,-2.02,5.60,-6.94,15.06,-2.62,-2.48,-10.19,14.53,-13.48,15.38,3.61,-10.03,4.22,-0.24,-2.35,-0.32,23.08,-3.75,-3.25,-1.99,,-16.19,13.22,-22.60,17.71,-7.25,11.32,-24.82,31.39,-17.38
IncomeOtherOperatingIncome,152000,-162000,12000,-170000,-5000,5000,14000,6000,0,111000,0,105000,100000,2538000,7729000,382000,114000,664000,912000,905000,339000,9534000,2019000,-117000,322000,3146000,1449000,-1181000,2000,2000,8000,2000,9000,151000,15000,9000,612000,21000,44000,0,21000,132000,231000,0,21000,153000,120000,61000,379000,267000,245000
IncomeOtherOperatingIncome_yy,,,,,-103.29,103.09,16.67,103.53,100.00,2120.00,-100.00,1650.00,,2186.49,,263.81,14.00,-73.84,-88.20,136.91,197.37,1335.84,121.38,-112.93,-5.01,-67.00,-28.23,-909.40,-99.38,-99.94,-99.45,100.17,350.00,7450.00,87.50,350.00,6700.00,-86.09,193.33,-100.00,-96.57,528.57,,,,15.91,-48.05,,1704.76,74.51,104.17
IncomeOtherOperatingIncome_sy,,,,,-26.47,103.09,16.67,138.13,100.00,-85.21,-32.09,130.77,,46.58,,-21.74,29.37,,133.33,-32.00,43.85,-60.90,-14.85,28.81,-18.76,6.25,-35.42,-5.39,-2.68,47.45,-19.67,-35.21,-9.42,-42.90,-6.84,34.72,43.62,0.57,-40.97,-22.40,-57.50,18.36,,,,-0.66,-35.94,,-52.63,12.22,-25.74
IncomeOtherOperatingIncome_qq,,-206.58,107.41,-1516.67,97.06,200.00,180.00,-57.14,-100.00,,-100.00,,-4.76,2438.00,204.53,-95.06,-70.16,482.46,37.35,-0.77,-62.54,2712.39,-78.82,-105.79,375.21,877.02,-53.94,-181.50,100.17,,300.00,-75.00,350.00,1577.78,-90.07,-40.00,6700.00,-96.57,109.52,-100.00,,,75.00,-100.00,,628.57,-21.57,-49.17,521.31,-29.55,-8.24
IncomeOtherOperatingIncome_sq,,33.73,-98.62,42.86,8.14,140.00,-15.67,-18.43,101.52,,-19.70,,-8.45,15.46,15.38,-49.57,-15.16,31.58,24.52,-18.02,8.82,-50.09,44.07,98.24,-29.25,19.92,16.81,32.79,-24.41,,-15.20,8.48,-33.33,0.70,-0.96,158.63,-43.04,-11.76,-50.00,83.33,,,23.26,-75.00,,-33.42,-2.16,-22.32,106.12,-29.55,54.75
IncomeOtherOperatingCosts,19954000,-15768000,13615000,-9418000,1812000,-1737000,0,42000,56000,35000,2000,21000,117000,41000,2926000,1110000,816000,1243000,981000,1244000,1622000,9960000,1457000,17551000,159000,1224000,639000,493000,90000,48000,15000,11000,30000,163000,523000,30000,60000,107000,0,3000,107000,131000,213000,0,43000,18000,38000,122000,0,10000,1000
IncomeOtherOperatingCosts_yy,,,,,-90.92,88.98,-100.00,100.45,-96.91,102.01,,-50.00,108.93,17.14,146200.00,5185.71,597.44,2931.71,-66.47,12.07,98.77,701.29,48.52,1310.85,-90.20,-87.71,-56.14,-97.19,-43.40,-96.08,-97.65,-97.77,-66.67,239.58,3386.67,172.73,100.00,-34.36,-100.00,-90.00,78.33,22.43,,,,-86.26,-82.16,,-100.00,-44.44,-97.37
IncomeOtherOperatingCosts_sy,,,,,-81.17,13.72,-16.13,-28.31,413.90,102.01,,141.54,-38.18,50.72,75.36,-18.98,70.28,50.57,44.02,-30.49,-17.39,-42.17,-46.30,-4.42,-77.57,56.29,30.20,29.91,128.97,34.38,3.12,-58.73,-54.17,-3.95,12.72,27.37,-2.84,-8.87,-1.95,9.88,-33.33,-5.07,,,,23.23,-2.31,,65.73,15.30,13.21
IncomeOtherOperatingCosts_qq,,-179.02,186.35,-169.17,119.24,-195.86,100.00,,33.33,-37.50,-94.29,950.00,457.14,-64.96,7036.59,-62.06,-26.49,52.33,-21.08,26.81,30.39,514.06,-85.37,1104.60,-99.09,669.81,-47.79,-22.85,-81.74,-46.67,-68.75,-26.67,172.73,443.33,220.86,-94.26,100.00,78.33,-100.00,,3466.67,,62.60,-100.00,,-58.14,111.11,221.05,-100.00,,-90.00
IncomeOtherOperatingCosts_sq,,-74.63,6.02,326.12,-78.67,-67.24,-84.00,,-33.34,-28.03,-34.82,280.25,-76.00,27.27,-18.49,120.15,-77.97,52.33,9.01,54.55,-57.78,-26.65,-15.00,118.58,-53.97,266.94,-47.62,166.67,-55.04,15.19,-23.33,74.06,-74.29,96.81,-27.52,92.68,-81.82,11.06,-23.44,,-56.56,,0.35,-50.00,,-56.71,4.99,-18.93,204.27,,-18.83
IncomeEBIT,1397000,-1793000,-88000,-291000,-667000,-2387000,-784000,-9330000,-693000,-4151000,-436000,-597000,44000,2457000,8740000,-1423000,1269000,2987000,1634000,-191000,-5155000,-4881000,-2994000,-23772000,-1154000,1410000,2107000,-5235000,-1432000,-729000,-548000,-501000,-747000,-1468000,-1439000,-747000,-290000,-1074000,-388000,-772000,-1074000,-1005000,-1534000,-816000,-1102000,-423000,-358000,-306000,-493000,-120000,-697000
IncomeEBIT_yy,,,,,-147.75,-33.13,-790.91,-3106.19,-3.90,-73.90,44.39,93.60,106.35,159.19,2104.59,-138.36,2784.09,21.57,-81.30,86.58,-506.23,-263.41,-283.23,-12346.07,77.61,128.89,170.37,77.98,-24.09,-151.70,-126.01,90.43,47.84,-101.37,-162.59,-49.10,61.18,26.84,73.04,-3.35,-270.34,6.42,,,,57.91,76.66,62.50,55.26,71.63,-94.69
IncomeEBIT_sy,,,,,65.20,77.52,80.27,92.07,61.49,-73.90,-1.94,93.60,-16.50,-96.44,-76.40,30.02,-20.14,25.18,-4.39,-20.00,43.49,8.22,64.76,24.63,36.14,48.30,15.67,-17.19,-18.38,35.66,5.95,69.72,26.20,15.16,8.48,12.76,48.59,32.59,25.89,-5.83,-12.07,10.05,,,,11.74,7.84,18.72,-5.40,-8.93,8.11
IncomeEBIT_qq,,-228.35,95.09,-230.68,-129.21,-257.87,67.16,-1090.05,92.57,-498.99,89.50,-36.93,107.37,5484.09,255.72,-116.28,189.18,135.38,-45.30,-111.69,-2598.95,5.32,38.66,-693.99,95.15,222.18,49.43,-348.46,72.65,49.09,24.83,8.58,-49.10,-96.52,1.98,48.09,61.18,-270.34,63.87,-98.97,-39.12,,-52.64,46.81,-35.05,61.62,15.37,14.53,-61.11,75.66,-480.83
IncomeEBIT_sq,,53.43,-101.98,-101.46,34.26,41.13,67.16,0.84,67.27,-3.14,38.02,-19.11,22.70,-66.42,30.95,3.80,-29.55,3.12,-28.96,22.43,45.65,-1.17,29.10,-36.45,30.04,-10.44,15.49,-28.14,39.90,-2.44,13.76,2.16,-0.64,9.44,1.98,-5.94,18.51,38.77,-14.67,-11.87,19.83,,-5.02,3.29,-35.05,36.44,-14.79,16.94,-53.56,55.78,-23.65
IncomeFinanceIncome,2479000,,,,,2556000,18894000,6116000,543000,6076000,569000,640000,20000,233000,463000,1248000,2207000,2721000,-2705000,-1461000,203000,-12000,654000,112000,422000,589000,386000,90000,536000,6424000,-5278000,555000,1009000,60597000,-59049000,891000,967000,1011000,632000,463000,1011000,18000,1025000,715000,320000,413000,461000,341000,3206000,568000,315000
IncomeFinanceIncome_yy,,,,,-100.00,,,,,137.72,-96.99,-89.54,-96.32,-96.17,-18.63,95.00,10935.00,1067.81,-684.23,-217.07,-90.80,-100.44,124.18,107.67,107.88,5008.33,-40.98,-19.64,27.01,990.66,-1467.36,516.67,88.25,843.29,-1018.78,60.54,-4.16,-98.33,101.07,-48.04,4.55,-98.22,,,,2194.44,-55.02,-52.31,901.88,37.53,-31.67
IncomeFinanceIncome_sy,,,,,-13.64,,,,,37.27,56.16,-88.58,40.00,100.00,1.80,-77.39,161.32,-21.74,-94.83,45.81,-72.97,18.76,117.71,162.50,103.94,207.55,84.87,21.10,10.20,41.26,-21.18,100.75,-6.59,-19.09,-37.71,-25.76,-27.72,-8.56,49.03,-13.68,-31.58,-0.40,,,,3.81,-9.09,-12.96,-32.61,-11.38,-3.47
IncomeFinanceIncome_qq,,-100.00,,,,,639.20,-67.63,-91.12,1018.97,-90.64,12.48,-96.88,1065.00,98.71,169.55,76.84,23.29,-199.41,45.99,113.89,-105.91,5550.00,-82.87,276.79,39.57,-34.47,-76.68,495.56,1098.51,-182.16,110.52,81.80,5905.65,-197.45,101.51,8.53,4.55,-37.49,-26.74,118.36,,5594.44,-30.24,-55.24,29.06,11.62,-26.03,840.18,-82.28,-44.54
IncomeFinanceIncome_sq,,-33.56,,,,,68.57,-67.63,-50.00,-2.31,24.52,34.61,-54.01,44.83,-8.16,-30.24,76.84,-72.57,7.12,-8.82,12.50,-15.90,47.83,32.65,3.00,18.01,-15.54,-34.13,53.19,-1.34,-29.16,110.52,-30.52,20.79,-51.96,21.82,-8.22,36.63,-1.27,-15.00,-32.43,,26.92,-9.09,-10.24,1.46,-12.92,,-13.52,-3.25,3.38
IncomeFinanceCosts,994000,-5548000,2503000,197000,-542000,,,,,,,,230000,616000,63000,-32000,247000,4951000,1411000,-1457000,976000,934000,1008000,698000,1055000,1244000,1595000,1534000,1310000,1329000,921000,841000,358000,1199000,-8000,240000,2018000,14674000,2000,68000,1561000,255000,998000,46000,23666000,491000,383000,289000,172000,287000,290000
IncomeFinanceCosts_yy,,,,,-154.53,100.00,-100.00,-100.00,100.00,,,,,,,,7.39,703.73,2139.68,-4453.12,295.14,-81.14,-28.56,147.91,8.09,33.19,58.23,119.77,24.17,6.83,-42.26,-45.18,-72.67,-9.78,-100.87,-71.46,463.69,1123.85,125.00,-71.67,-22.65,-83.66,,,,92.55,-61.62,528.26,-99.27,-41.55,-24.28
IncomeFinanceCosts_sy,,,,,-98.46,5.39,50.15,-8.14,220.00,,,,,,,,7.39,-5.29,34.72,-48.45,-16.12,12.71,-12.24,84.87,36.95,80.98,100.57,102.29,45.99,78.23,0.94,21.96,,-6.40,-0.89,-13.43,-8.49,12.96,-8.69,-6.33,-16.32,-0.10,,,,14.19,31.82,44.48,6.33,4.43,
IncomeFinanceCosts_qq,,-658.15,145.12,-92.13,-375.13,100.00,,,,,,,,167.83,-89.77,-150.79,871.88,1904.45,-71.50,-203.26,166.99,-4.30,7.92,-30.75,51.15,17.91,28.22,-3.82,-14.60,1.45,-30.70,-8.69,-57.43,234.92,-100.67,3100.00,740.83,627.16,-99.99,3300.00,2195.59,,291.37,-95.39,51347.83,-97.93,-22.00,-24.54,-40.48,66.86,1.05
IncomeFinanceCosts_sq,,-8.85,-90.91,-25.20,-81.38,100.00,,,,,,,,-12.04,-11.39,15.30,-20.45,-6.29,5.95,-21.16,11.28,4.49,14.21,45.45,51.15,21.42,1.53,14.57,9.21,-2.94,-0.27,14.09,2.36,0.15,-6.52,1.46,-2.02,10.78,-6.10,16.74,-19.60,,22.86,-15.05,19.43,-2.88,8.52,-4.86,23.92,,2.99
IncomeOtherIncome,1476000,2324000,1624000,2352000,1150000,,,1907000,,,,,,,,,,,,,,,,,0,,,,5837000,,5828000,0,,,-3204000,0,-13105000,13141000,59000,-5000,28000,-107000,-341000,,,,,,-10000,-5000,2000
IncomeOtherIncome_yy,,,,,-22.09,-100.00,-100.00,-18.92,-100.00,,,-100.00,,,,,,,,,,,,,,,,,,,,,-100.00,,-154.98,,,,101.84,,100.21,-482.14,,,,100.00,100.00,,,,
IncomeOtherIncome_sy,,,,,38.96,160.25,-100.00,-100.00,-100.00,,,-100.00,,,,,,,,,,,,,,,,,,,,,-100.00,,42.10,,,,100.00,,86.33,-17.97,,,,-30.59,100.00,,,,
IncomeOtherIncome_qq,,57.45,-30.12,44.83,-51.11,-100.00,,,-100.00,,,,,,,,,,,,,,,,,,,,,-100.00,,-100.00,,,,100.00,,200.27,-99.55,-108.47,660.00,,-218.69,100.00,,,,,,50.00,140.00
IncomeOtherIncome_sq,,128.72,-65.06,-27.58,-100.00,-100.00,,,-100.00,,,,,,,,,,,,,,,,,,,,,-105.78,,-29.64,,,,98.27,,100.00,-31.56,-96.63,-18.68,,-71.64,-12.79,,,,,,98.26,9.50
IncomeNetGrossProfit,4358000,3600000,-967000,1864000,1025000,-1523000,18110000,-1307000,-150000,1925000,133000,43000,-166000,2074000,9140000,-143000,3229000,757000,-2482000,-195000,-5928000,-5827000,-3348000,-24358000,-1787000,755000,898000,-6679000,3631000,-1471000,-919000,-787000,-96000,57930000,-63684000,-96000,-14446000,-1596000,301000,-382000,-1596000,-1349000,-1848000,301000,-24448000,-501000,-280000,-254000,2531000,156000,-670000
IncomeNetGrossProfit_yy,,,,,-76.48,-142.31,1972.80,-170.12,-114.63,226.40,-99.27,103.29,-10.67,7.74,6772.18,-432.56,2045.18,-63.50,-127.16,-36.36,-283.59,-869.75,-34.89,-12391.28,69.85,112.96,126.82,72.58,303.19,-294.83,-202.34,88.22,-102.64,4038.14,-6829.71,87.80,-14947.92,-102.76,100.47,-297.92,88.95,15.48,,,,62.86,84.85,-184.39,110.35,131.14,-139.29
IncomeNetGrossProfit_sy,,,,,30.26,81.44,208.23,127.52,361.96,-4.23,-11.94,63.85,-83.33,-19.11,-81.33,-96.64,14.96,32.56,23.63,13.16,72.42,-14.98,117.65,91.85,49.18,99.21,-6.90,-7.96,52.16,-2.18,8.50,21.25,-43.27,-4.45,34.39,64.17,30.33,10.80,24.68,-27.60,1.63,-1.14,,,,3.35,-16.49,20.72,-11.62,-19.28,-32.26
IncomeNetGrossProfit_qq,,-17.39,-126.86,292.76,-45.01,-248.59,1289.10,-107.22,88.52,1383.33,-93.09,-67.67,-486.05,1349.40,340.69,-101.56,2358.04,-76.56,-427.87,92.14,-2940.00,1.70,42.54,-627.54,92.66,142.25,18.94,-843.76,154.36,-140.51,37.53,14.36,87.80,60443.75,-209.93,99.85,-14947.92,88.95,118.86,-226.91,-317.80,,-36.99,116.29,-8222.26,97.95,44.11,9.29,1096.46,-93.84,-529.49
IncomeNetGrossProfit_sq,,56.33,-83.71,-172.57,87.30,-56.80,86.74,12.80,88.52,-8.86,-13.63,3.30,-115.91,1.85,4.52,1.84,46.26,-6.84,-31.88,7.36,39.56,-10.31,75.68,-10.86,-15.16,9.19,-10.55,-10.30,99.31,-27.30,20.15,-1.27,-9.76,13.64,-9.61,23.89,0.31,20.78,2.28,-10.95,47.08,,-15.32,24.53,-12.73,26.34,-9.76,35.62,-59.68,71.18,-21.46
IncomeExtraordinarProfit,,,,,,,,,,,,,,,,,,,,,,,,,,,,,,,,,,,,,,,,,,,,,,,,,,,
IncomeExtraordinarProfit_yy,,,,,,,,,,,,,,,,,,,,,,,,,,,,,,,,,,,,,,,,,,,,,,,,,,,
IncomeExtraordinarProfit_sy,,,,,,,,,,,,,,,,,,,,,,,,,,,,,,,,,,,,,,,,,,,,,,,,,,,
IncomeExtraordinarProfit_qq,,,,,,,,,,,,,,,,,,,,,,,,,,,,,,,,,,,,,,,,,,,,,,,,,,,
IncomeExtraordinarProfit_sq,,,,,,,,,,,,,,,,,,,,,,,,,,,,,,,,,,,,,,,,,,,,,,,,,,,
IncomeBeforeTaxProfit,4358000,3600000,-967000,1864000,1025000,-1523000,18110000,-1307000,-150000,1925000,133000,43000,-166000,2074000,9140000,-143000,3229000,757000,-2482000,-195000,-5928000,-5827000,-3348000,-24358000,-1787000,755000,898000,-6679000,3631000,-1471000,-919000,-787000,-96000,57930000,-63684000,-96000,-14446000,-1596000,301000,-382000,-1596000,-1349000,-1848000,301000,-24448000,-501000,-280000,-254000,2531000,156000,-670000
IncomeBeforeTaxProfit_yy,,,,,-76.48,-142.31,1972.80,-170.12,-114.63,226.40,-99.27,103.29,-10.67,7.74,6772.18,-432.56,2045.18,-63.50,-127.16,-36.36,-283.59,-869.75,-34.89,-12391.28,69.85,112.96,126.82,72.58,303.19,-294.83,-202.34,88.22,-102.64,4038.14,-6829.71,87.80,-14947.92,-102.76,100.47,-297.92,88.95,15.48,,,,62.86,84.85,-184.39,110.35,131.14,-139.29
IncomeBeforeTaxProfit_sy,,,,,30.26,81.44,208.23,127.52,361.96,-4.23,-11.94,63.85,-83.33,-19.11,-81.33,-96.64,14.96,32.56,13.77,13.16,72.42,-14.98,117.65,91.85,49.18,99.21,-6.90,-7.96,52.16,-2.18,8.50,21.25,-43.27,-4.45,34.39,64.17,30.33,10.80,24.68,-27.60,1.63,-1.14,,,,3.35,-16.49,20.72,-11.62,-19.28,-32.26
IncomeBeforeTaxProfit_qq,,-17.39,-126.86,292.76,-45.01,-248.59,1289.10,-107.22,88.52,1383.33,-93.09,-67.67,-486.05,1349.40,340.69,-101.56,2358.04,-76.56,-427.87,92.14,-2940.00,1.70,42.54,-627.54,92.66,142.25,18.94,-843.76,154.36,-140.51,37.53,14.36,87.80,60443.75,-209.93,99.85,-14947.92,88.95,118.86,-226.91,-317.80,,-36.99,116.29,-8222.26,97.95,44.11,9.29,1096.46,-93.84,-529.49
IncomeBeforeTaxProfit_sq,,56.33,-83.71,-172.57,87.30,-56.80,86.74,12.80,88.52,-8.86,-13.63,3.30,-115.91,1.85,4.52,1.84,46.26,-6.84,-31.88,7.36,39.56,-10.31,75.68,-10.86,-15.16,9.19,-10.55,-10.30,99.31,-27.30,20.15,-1.27,-9.76,13.64,-9.61,23.89,0.31,20.78,2.28,-10.95,47.08,,-15.32,24.53,-12.73,26.34,-9.76,35.62,-59.68,71.18,-21.46
IncomeDiscontinuedProfit,,,,,,,,,,,,,,,,,,,,,,,,,,,,,,,,482000,,,,-8100000,,,,,,,,,,,,,,,
IncomeDiscontinuedProfit_yy,,,,,,,,,,,,,,,,,,,,,,,,,,,,,,,,,,,,-1780.50,,,,100.00,,,,,,,,,,,
IncomeDiscontinuedProfit_sy,,,,,,,,,,,,,,,,,,,,,,,,,,,,,,,,,,,,50.65,,,,100.00,,,,,,,,,,,
IncomeDiscontinuedProfit_qq,,,,,,,,,,,,,,,,,,,,,,,,,,,,,,,,,-100.00,,,,100.00,,,,,,,,,,,,,,
IncomeDiscontinuedProfit_sq,,,,,,,,,,,,,,,,,,,,,,,,,,,,,,,,,-37.27,,,,100.00,,,,,,,,,,,,,,
IncomeNetProfit,4730000,2447000,1347000,1567000,1783000,1885000,20072000,3002000,-641000,-2754000,-87000,-6515000,11000,1883000,5565000,1149000,2592000,1019000,-1816000,50000,-5967000,-6173000,-3494000,-24064000,-2188000,853000,601000,-4799000,4279000,-3823000,1532000,-1052000,-610000,49303000,-62643000,-610000,-14293000,-1549000,297000,-257000,-1549000,-1188000,-1675000,122000,-24285000,-399000,-263000,-194000,2525000,182000,-551000
IncomeNetProfit_yy,,,,,-62.30,-22.97,1390.13,91.58,-135.95,-246.10,-100.43,-317.02,101.72,168.37,6496.55,117.64,23463.64,-45.88,-132.63,-95.65,-330.21,-705.79,-92.40,-48228.00,63.33,113.82,117.20,80.06,295.57,-548.18,154.91,78.08,-114.26,1389.64,-4188.97,42.02,-2243.11,-103.14,100.47,57.87,89.16,23.31,,,,66.41,84.30,-259.02,110.40,145.61,-109.51
IncomeNetProfit_sy,,,,,27.74,203.07,205.78,108.27,324.13,-18.68,-41.74,-71.98,-86.01,-57.34,-79.32,-26.76,33.63,30.81,13.09,10.25,114.04,-16.14,105.18,83.10,43.30,97.57,-9.42,-4.32,50.41,7.31,21.73,24.98,-14.44,-4.48,31.66,62.93,15.94,1.87,17.67,7.68,2.23,20.35,,,,-9.10,-23.13,22.84,-5.04,-20.95,-50.73
IncomeNetProfit_qq,,-48.27,-44.95,16.33,13.78,5.72,964.83,-85.04,-121.35,-329.64,96.84,-7388.51,100.17,17018.18,195.54,-79.35,125.59,-60.69,-278.21,102.75,-12034.00,-3.45,43.40,-588.72,90.91,138.99,-29.54,-898.50,189.16,-189.34,140.07,-168.67,42.02,8182.46,-227.06,99.03,-2243.11,89.16,119.17,-186.53,-502.72,,-40.99,107.28,-20005.74,98.36,34.09,26.24,1401.55,-92.79,-402.75
IncomeNetProfit_sq,,68.31,-51.86,-129.34,73.32,5.72,95.46,-3.03,77.86,-23.19,-4.16,16.32,-52.42,11.38,1.82,6.07,35.75,5.98,-36.22,-5.67,52.28,-10.16,43.89,-15.71,-15.74,9.19,-7.46,-22.31,99.32,-43.51,20.68,1.96,1.36,9.02,-9.17,12.65,0.18,23.59,-2.69,-7.84,-3.31,,-27.03,16.94,-10.61,38.34,-6.81,28.09,-80.34,75.90,-34.11
IncomeShareholderNetProfit,875000,2432000,-1576000,1053000,687000,3274000,19123000,-106000,-363000,-1190000,361000,-5923000,11000,1883000,5565000,1149000,1610000,533000,-1632000,-293000,-4189000,-4392000,-2464000,-16231000,-1802000,194000,41000,-3617000,4133000,-3865000,1195000,-605000,-610000,53458000,-63047000,-610000,-14293000,-1549000,297000,-257000,-1549000,-1188000,-1675000,122000,-24285000,-399000,-263000,-194000,2525000,182000,-551000
IncomeShareholderNetProfit_yy,,,,,-21.49,34.62,1313.39,-110.07,-152.84,-136.35,-98.11,-5487.74,103.03,258.24,1441.55,119.40,14536.36,-71.69,-129.33,-125.50,-360.19,-924.02,-50.98,-5439.59,56.98,104.42,101.66,77.72,329.36,-2092.27,2814.63,83.27,-114.76,1483.13,-5375.90,-0.83,-2243.11,-102.90,100.47,57.87,89.16,23.31,,,,66.41,84.30,-259.02,110.40,145.61,-109.51
IncomeShareholderNetProfit_sy,,,,,30.84,197.19,224.10,108.21,291.92,-18.68,-38.87,-41.67,-86.01,-55.26,-81.09,-28.67,33.63,30.81,13.06,10.25,114.04,-13.64,100.51,82.62,33.88,102.83,-5.05,-6.86,54.82,-3.33,21.73,24.98,-22.78,19.89,33.28,47.32,26.81,1.86,17.67,5.97,2.23,18.42,,,,-9.10,-16.76,38.37,-5.04,-20.95,-50.73
IncomeShareholderNetProfit_qq,,177.94,-164.80,166.81,-34.76,376.56,484.09,-100.55,-242.45,-227.82,130.34,-1740.72,100.19,17018.18,195.54,-79.35,40.12,-66.89,-406.19,82.05,-1329.69,-4.85,43.90,-558.73,88.90,110.77,-78.87,-8921.95,214.27,-193.52,130.92,-150.63,-0.83,8863.61,-217.94,99.03,-2243.11,89.16,119.17,-186.53,-502.72,,-40.99,107.28,-20005.74,98.36,34.09,26.24,1401.55,-92.79,-402.75
IncomeShareholderNetProfit_sq,,118.20,-90.02,-132.25,84.62,76.32,95.46,-3.03,74.99,-19.05,-0.33,16.32,-52.05,10.48,1.82,6.07,30.54,5.98,-36.22,-5.67,52.28,-10.16,44.14,-15.71,-15.74,8.96,-14.65,-27.88,54.41,-55.94,22.50,-1.34,1.36,19.56,-9.17,12.65,0.18,20.67,-2.69,-7.84,-3.27,,-21.56,2.27,-10.61,38.34,-12.14,28.05,-80.34,74.91,-36.40
BalanceNoncurrentAssets,180906000,180069000,,129168000,139772000,9324000,,31000,25000,22000,,16000,49765000,33495000,,35019000,62642000,87926000,,95492000,93332000,83941000,,78922000,90605000,85371000,,52441000,21059000,61656000,68289000,12549000,6496000,266000,3550000,6496000,21131000,19716000,20155000,20122000,19716000,19314000,24106000,18935000,13275000,12827000,4113000,18495000,25898000,20095000,25058000
BalanceNoncurrentAssets_yy,,,,,-22.74,-94.82,,-99.98,-99.98,-99.76,,-48.39,198960.00,152150.00,,218768.75,25.88,162.50,,172.69,48.99,-4.53,,-17.35,-2.92,1.70,,-33.55,-76.76,-27.78,,-76.07,-69.15,-99.57,-94.80,-48.23,225.29,7312.03,467.75,209.76,-6.70,-2.04,,,,-33.59,-82.94,-2.32,95.09,56.66,509.24
BalanceNoncurrentAssets_sy,,,,,-18.36,-44.63,,274.19,125.48,232.85,,6.58,16.46,17.26,,3.14,4.64,2.47,,-3.53,26.18,11.54,,17.12,14.22,9.54,,1.36,37.50,33.42,,8.53,10.72,17.37,19.95,14.68,5.49,2.43,4.11,8.16,3.16,3.47,,,,-0.52,-3.75,0.14,5.01,2.44,0.48
BalanceNoncurrentAssets_qq,,-0.46,-100.00,,8.21,-93.33,-100.00,,-19.35,-12.00,-100.00,,310931.25,-32.69,-100.00,,78.88,40.36,-100.00,,-2.26,-10.06,-100.00,,14.80,-5.78,-100.00,,-59.84,192.78,10.76,-81.62,-48.23,-95.91,1234.59,82.99,225.29,-6.70,2.23,-0.16,-2.02,,24.81,-21.45,-29.89,-3.37,-67.93,349.67,40.03,-22.41,24.70
BalanceNoncurrentAssets_sq,,1.50,-100.00,,-2.56,-0.46,-100.00,,-0.96,1.71,-100.00,,-0.61,-1.33,-100.00,,-0.28,0.65,-72.41,,-0.15,-4.73,-67.81,,-1.06,2.92,-100.00,,5.91,3.35,-0.61,-1.00,7.68,1.90,1.55,0.38,1.39,-0.16,0.36,2.46,2.02,,-1.99,-0.54,-3.05,-0.07,-0.84,0.02,0.28,-0.07,-0.20
BalanceIntangibleAssets,61000,1286000,,1644000,1738000,1703000,,2000,2000,2000,,,34937000,11565000,,13608000,32744000,57493000,,55681000,53925000,48857000,,40051000,39636000,39365000,,21777000,20324000,21282000,21212000,1846000,,0,0,0,5690000,5690000,5791000,5777000,9423000,5740000,5726000,5712000,54000,41000,35000,36000,1168000,949000,1151000
BalanceIntangibleAssets_yy,,,,,2749.18,32.43,,-99.88,-99.88,-99.88,,-100.00,1746750.00,578150.00,,,-6.28,397.13,,309.18,64.69,-15.02,,-28.07,-26.50,-19.43,,-45.63,-48.72,-45.94,,-91.52,-100.00,-100.00,-100.00,-100.00,,,,,65.61,-39.09,,,,-99.29,-99.39,-99.37,2062.96,2214.63,3188.57
BalanceIntangibleAssets_sy,,,,,22.13,139.08,,217.84,320.13,94.79,,-81.00,103.62,7.83,,,-6.28,,,-10.00,-30.15,-36.03,,-28.07,-19.52,10.43,,2.83,-0.01,-0.85,,-2.00,-1.44,-1.11,-5.34,0.70,,,,,1.09,-2.23,,,,-32.32,-4.49,-0.40,,-0.18,-0.33
BalanceIntangibleAssets_qq,,2008.20,-100.00,,5.72,-2.01,-100.00,,,,-100.00,,,-66.90,-100.00,,140.62,75.58,-100.00,,-3.15,-9.40,-100.00,,-1.04,-0.68,-100.00,,-6.67,4.71,-0.33,-91.30,-100.00,,,,,,1.78,-0.24,63.11,,-0.24,-0.24,-99.05,-24.07,-14.63,2.86,3144.44,-18.75,21.29
BalanceIntangibleAssets_sq,,-78.69,-100.00,,-3.28,7.69,-100.00,,,,-100.00,,,-8.02,-100.00,,-2.50,-4.99,-63.63,,-6.27,-8.76,-100.00,,-3.12,-0.68,-100.00,,-2.08,-0.87,-0.76,-0.04,-0.62,,,,,,-0.05,-0.16,-0.87,,-0.92,-0.61,-7.06,-1.50,-0.04,0.98,-0.04,-0.10,-3.07
BalanceProperty,106737000,109029000,,101399000,101477000,7280000,,29000,23000,20000,,16000,13037000,20891000,,20699000,29134000,28900000,,38022000,37392000,33520000,,34933000,34066000,33161000,,28971000,438000,37839000,44943000,10140000,2939000,266000,199000,2939000,3876000,3733000,4015000,3876000,,3577000,3432000,3283000,3089000,2551000,2422000,2323000,6400000,6294000,6206000
BalanceProperty_yy,,,,,-4.93,-93.32,,-99.97,-99.98,-99.73,,-44.83,56582.61,104355.00,,129268.75,123.47,38.34,,83.69,28.34,15.99,,-8.12,-8.89,-1.07,,-17.07,-98.71,14.11,,-65.00,571.00,-99.30,-99.56,-71.02,31.88,1303.38,1917.59,31.88,-100.00,,,,,-28.68,-29.43,-29.24,107.19,146.73,156.23
BalanceProperty_sy,,,,,-21.68,-53.92,,13.50,56.47,57.04,,-37.32,3.14,1.25,,3.75,-1.11,-4.58,,-7.13,-8.91,-11.13,,-11.53,-13.78,-6.94,,0.12,7.68,3.48,,-2.16,-1.71,2.10,11.06,14.02,-0.50,5.90,-2.82,-2.53,-2.78,,,,,-7.34,-3.59,-6.75,0.88,-7.66,-1.95
BalanceProperty_qq,,2.15,-100.00,,0.08,-92.83,-100.00,,-20.69,-13.04,-100.00,,81381.25,60.24,-100.00,,40.75,-0.80,-100.00,,-1.66,-10.36,-100.00,,-2.48,-2.66,-100.00,,-98.49,8539.04,18.77,-77.44,-71.02,-90.95,-25.19,1376.88,31.88,-3.69,7.55,-3.46,-100.00,,-4.05,-4.34,-5.91,-17.42,-5.06,-4.09,175.51,-1.66,-1.40
BalanceProperty_sq,,-2.49,-100.00,,-6.15,-5.83,-100.00,,-0.03,1.02,-100.00,,-1.48,-0.90,-100.00,,-1.94,-2.61,-58.53,,-1.61,-1.24,-95.90,,-0.88,-2.36,-100.00,,-0.12,-1.04,-0.90,-0.34,-1.66,0.35,-0.47,0.27,-0.51,-0.11,-0.65,-0.76,-1.15,,-1.26,-1.13,-5.01,-1.58,-3.02,-2.12,-1.79,-1.96,-0.06
BalanceNoncurrentReceivables,,,,,,,,,,,,,0,42000,,0,3000,623000,,683000,849000,890000,,915000,902000,1787000,,792000,,882000,857000,,,0,0,,,484000,486000,486000,484000,,,,,,,5700000,6954000,1442000,1584000
BalanceNoncurrentReceivables_yy,,,,,,,,,,,,,,,,,,1383.33,,,28200.00,42.86,,33.97,6.24,100.79,,-13.44,-100.00,-50.64,,-100.00,,-100.00,-100.00,,,,,,,-100.00,,,,,,,,,
BalanceNoncurrentReceivables_sy,,,,,,,,,,,,,,,,,,136.36,,,-83.89,-35.38,,-34.03,-96.89,-93.59,,-7.42,-98.68,-50.64,,1.88,,-20.28,3.77,,,,,,,,,,,,,,,,
BalanceNoncurrentReceivables_qq,,,,,,,,,,,,,,,-100.00,,,20666.67,-100.00,,24.30,4.83,-100.00,,-1.42,98.12,-100.00,,-100.00,,-2.83,-100.00,,,,,,,0.41,,-0.41,,,,,,,,22.00,-79.26,9.85
BalanceNoncurrentReceivables_sq,,,,,,,,,,,,,,,-100.00,,,7.14,-50.00,,5.40,-3.80,-100.00,,-5.39,-4.17,-100.00,,,,-8.55,,,,,,,,0.21,,-0.20,,,,,,,,-0.58,,0.28
BalanceNoncurrInvestments,72520000,68043000,,25645000,36062000,,,,,,,,,0,,,0,716000,,0,65000,65000,,1135000,14014000,9114000,,297000,297000,297000,297000,0,3557000,0,3351000,3557000,11275000,9472000,9531000,9525000,9472000,8951000,13729000,8900000,8929000,8930000,334000,9054000,9957000,9948000,14481000
BalanceNoncurrInvestments_yy,,,,,-50.27,-100.00,,-100.00,-100.00,,,,,,,,,,,,,-90.92,,,21460.00,13921.54,,-73.83,-97.88,-96.74,,-100.00,1097.64,-100.00,1028.28,,216.98,,184.42,167.78,-15.99,-5.50,,,,-0.23,-97.57,1.73,11.51,11.40,4235.63
BalanceNoncurrInvestments_sy,,,,,-29.41,-100.00,,170.83,42.27,,,,,,,,,,,,,-55.56,,,63.97,97.00,,-2.62,19.79,14.48,,-10.54,25.60,18.25,19.10,,7.60,,3.69,16.94,4.02,3.20,,,,-9.05,-6.96,-0.99,,9.88,
BalanceNoncurrInvestments_qq,,-6.17,-100.00,,40.62,-100.00,,,,,,,,,,,,,-100.00,,,,-100.00,,1134.71,-34.97,-100.00,,,,,-100.00,,-100.00,,6.15,216.98,-15.99,0.62,-0.06,-0.56,,53.38,-35.17,0.33,0.01,-96.26,2610.78,9.97,-0.09,45.57
BalanceNoncurrInvestments_sq,,110.47,-100.00,,,-50.00,,,,,,,,,,,,,-100.00,,,,-79.16,,-1.26,-15.20,-100.00,,,,,-5.47,,1.32,,-3.28,3.63,-0.33,2.02,8.58,1.28,,,-2.04,0.16,-1.34,,,,,-2.50
BalanceOtherNoncurrentAssets,1588000,1711000,,480000,495000,341000,,,,,,,1791000,997000,,712000,761000,194000,,1106000,1101000,609000,,1888000,1987000,1944000,,604000,,1356000,980000,563000,,0,0,0,290000,337000,332000,458000,337000,1046000,1219000,1040000,1203000,1305000,1322000,1382000,1419000,1462000,1636000
BalanceOtherNoncurrentAssets_yy,,,,,-68.83,-80.07,,-100.00,-100.00,-100.00,,,,,,,-57.51,-80.54,,55.34,44.68,213.92,,70.71,80.47,219.21,,-68.01,-100.00,-30.25,,-6.79,,-100.00,-100.00,-100.00,,,,,16.21,210.39,,,,24.76,8.45,32.88,17.96,12.03,23.75
BalanceOtherNoncurrentAssets_sy,,,,,-21.32,-6.42,,-27.08,35.00,-18.23,,,,,,,27.92,18.80,,22.07,47.31,5.00,,1.36,1.36,79.44,,3.10,41.56,37.52,,48.78,,13.07,-7.58,24.40,,,,,12.18,3.18,,,,4.45,-2.23,18.59,2.58,-2.24,-6.60
BalanceOtherNoncurrentAssets_qq,,7.75,-100.00,,3.12,-31.11,-100.00,,,,,,,-44.33,-100.00,,6.88,-74.51,-100.00,,-0.45,-44.69,-100.00,,5.24,-2.16,-100.00,,-100.00,,-27.73,-42.55,-100.00,,,,,16.21,-1.48,37.95,-26.42,,16.54,-14.68,15.67,8.48,1.30,4.54,2.68,3.03,11.90
BalanceOtherNoncurrentAssets_sq,,-21.42,-100.00,,,-7.45,-100.00,,,,,,,9.86,-100.00,,-10.87,10.81,-100.00,,-0.45,-0.28,-75.13,,,7.34,-100.00,,-1.49,,-5.33,-5.34,1.18,,,,,0.36,0.70,1.79,,,4.17,-0.40,-7.14,1.08,0.96,3.56,-2.61,,-3.84
BalanceCurrentAssets,106823000,123322000,,132798000,122002000,157533000,,63170000,54711000,87598000,,10443000,34207000,49560000,,64126000,70770000,70021000,,53091000,47198000,54536000,,23043000,28035000,30826000,,35306000,24552000,45731000,42148000,30499000,57728000,59573000,58764000,57728000,38606000,38192000,38278000,37872000,38192000,36426000,29257000,34470000,15376000,15018000,22417000,7621000,7597000,13707000,7635000
BalanceCurrentAssets_yy,,,,,14.21,27.74,,-52.43,-55.16,-44.39,,-83.47,-37.48,-43.42,,514.06,106.89,41.29,,-17.21,-33.31,-22.11,,-56.60,-40.60,-43.48,,53.22,-12.42,48.35,,-13.62,135.13,30.27,39.42,89.28,-33.12,-35.89,-34.86,-34.40,-1.07,-4.62,,,,-58.77,-23.38,-77.89,-50.59,-8.73,-65.94
BalanceCurrentAssets_sy,,,,,-3.20,12.39,,151.76,62.26,50.63,,2.83,13.24,-2.84,,-3.10,-10.87,-19.91,,-15.52,-0.98,6.26,,19.68,28.80,45.20,,71.06,33.54,36.23,,16.86,9.28,0.35,-7.47,9.34,6.98,8.34,1.95,-4.26,-14.56,10.31,,,,14.38,5.63,3.38,-9.40,-1.62,-14.46
BalanceCurrentAssets_qq,,15.45,-100.00,,-8.13,29.12,-100.00,,-13.39,60.11,-100.00,,227.56,44.88,-100.00,,10.36,-1.06,-100.00,,-11.10,15.55,-100.00,,21.66,9.96,-100.00,,-30.46,86.26,-7.83,-27.64,89.28,3.20,-1.36,-1.76,-33.12,-1.07,0.23,-1.06,0.84,,-19.68,17.82,-55.39,-2.33,49.27,-66.00,-0.31,80.43,-44.30
BalanceCurrentAssets_sq,,-9.22,-100.00,,-11.76,20.26,-100.00,,7.96,7.10,-100.00,,3.81,-3.44,-100.00,,-2.67,-10.02,-74.13,,3.45,-3.64,-64.50,,19.70,3.79,-100.00,,-1.95,1.15,-7.83,-3.38,-2.06,5.58,0.95,1.39,-0.62,-2.71,0.23,-1.06,-3.90,,1.84,2.32,0.79,-0.21,1.37,-1.10,-0.76,1.24,-3.42
BalanceInventory,4000000,6758000,,3926000,4527000,5854000,,,,,,,14000,548000,,339000,559000,712000,,773000,638000,653000,,660000,548000,650000,,541000,,7906000,22458000,120000,,0,5269000,0,,,,,,,,,,,,,7000,7000,7000
BalanceInventory_yy,,,,,13.18,-13.38,,-100.00,-100.00,-100.00,,,,,,,3892.86,29.93,,128.02,14.13,-8.29,,-14.62,-14.11,-0.46,,-18.03,-100.00,1116.31,,-77.82,,-100.00,-76.54,-100.00,,,-100.00,,,,,,,,,,,,
BalanceInventory_sy,,,,,-24.75,-2.26,,37.54,145.84,-9.15,,,,,,,11.30,-1.43,,-90.97,-26.40,-90.84,,-24.64,-14.11,-9.09,,22.05,-2.02,-20.54,,-19.84,,7.84,-64.03,-39.82,,,-44.79,,,,,,,,,,,,
BalanceInventory_qq,,68.95,-100.00,,15.31,29.31,-100.00,,,,,,,3814.29,-100.00,,64.90,27.37,-100.00,,-17.46,2.35,-100.00,,-16.97,18.61,-100.00,,-100.00,,184.06,-99.47,-100.00,,,-100.00,,,,,,,,,,,,,,,
BalanceInventory_sq,,-19.77,-100.00,,35.45,20.26,-100.00,,,,,,,-28.06,-100.00,,-3.45,2.28,-97.96,,-13.66,,-100.00,,13.50,,-100.00,,-0.28,,-2.78,-35.90,-16.61,,,-24.38,,,,,,,,,,,,,,,
BalanceCurrentReceivables,16513000,26530000,,6727000,8856000,8488000,,16000,130000,55000,,6000,28745000,46758000,,57002000,62241000,62268000,,44240000,40218000,45845000,,15321000,16936000,16384000,,16904000,5264000,19166000,27000,11165000,3713000,5176000,0,3713000,752000,642000,983000,510000,642000,3393000,3352000,3314000,13167000,1888000,1835000,1800000,6494000,1215000,6627000
BalanceCurrentReceivables_yy,,,,,-46.37,-68.01,,-99.76,-98.53,-99.35,,-62.50,22011.54,84914.55,,949933.30,116.53,33.17,,-22.39,-35.38,-26.37,,-65.37,-57.89,-64.26,,10.33,-68.92,16.98,,-33.95,-29.46,-72.99,-100.00,-66.74,-79.75,-87.60,,-86.26,-14.63,428.50,,,,-44.36,-45.26,-45.68,-50.68,-35.65,261.14
BalanceCurrentReceivables_sy,,,,,-5.12,-22.98,,227.22,25.86,12.37,,-5.88,81.44,32.01,,10.12,9.29,-33.28,,-22.39,-14.42,-14.95,,29.02,25.45,53.14,,47.82,32.64,29.48,,11.07,12.08,-12.26,-36.82,7.96,12.47,7.77,,-0.18,-14.47,14.58,,,,9.29,27.88,16.78,8.86,8.60,6.28
BalanceCurrentReceivables_qq,,60.66,-100.00,,31.65,-4.16,-100.00,,712.50,-57.69,-100.00,,478983.35,62.66,-100.00,,9.19,0.04,-100.00,,-9.09,13.99,-100.00,,10.54,-3.26,-100.00,,-68.86,264.10,-99.86,41251.85,-66.74,39.40,-100.00,,-79.75,-14.63,53.12,-48.12,25.88,,-1.21,-1.13,297.31,-85.66,-2.81,-1.91,260.78,-81.29,445.43
BalanceCurrentReceivables_sq,,9.83,-100.00,,-11.04,5.56,-100.00,,3.54,1.07,-100.00,,1.05,8.13,-100.00,,-0.26,-6.30,-85.17,,1.26,-9.01,-59.85,,7.63,1.34,-100.00,,-1.85,5.46,-4.14,-2.62,-2.29,9.30,5.38,,-0.18,0.04,1.18,-1.35,1.54,,-3.63,3.94,0.03,8.02,3.10,-1.35,0.82,1.99,0.69
BalanceCurrentInvestments,,,,,,2192000,,3095000,11014000,20052000,,1019000,,0,,0,0,1327000,,5084000,2325000,4501000,,3929000,7406000,12965000,,14020000,17368000,18464000,18917000,18944000,43204000,24836000,34064000,43204000,37653000,36944000,36935000,37243000,36944000,31914000,25866000,31121000,344000,13062000,20100000,5746000,587000,12160000,783000
BalanceCurrentInvestments_yy,,,,,,,,,,814.78,,-67.08,-100.00,-100.00,,-100.00,,,,,,239.19,,-22.72,218.54,188.05,,256.83,134.51,42.41,,35.12,148.76,34.51,80.07,128.06,-12.85,48.75,8.43,-13.80,-1.88,-13.62,,,,-59.07,-22.29,-81.54,70.64,-6.91,-96.10
BalanceCurrentInvestments_sy,,,,,,,,,,143.62,,-67.08,0.46,5.98,,-53.27,,,,,,-15.12,,-22.72,-18.83,9.81,,-3.18,-16.20,-7.04,,21.87,25.12,-0.40,20.14,-7.60,-12.85,-8.93,-3.08,-39.71,-39.73,-10.67,,,,-28.39,-29.15,-47.42,-15.20,-35.60,-50.76
BalanceCurrentInvestments_qq,,,,,,,-100.00,,255.86,82.06,-100.00,,-100.00,,,,,,-100.00,,-54.27,93.59,-100.00,,88.50,75.06,-100.00,,23.88,6.31,2.45,0.14,128.06,-42.51,37.16,26.83,-12.85,-1.88,-0.02,0.83,-0.80,,-18.95,20.32,-98.89,3697.09,53.88,-71.41,-89.78,1971.55,-93.56
BalanceCurrentInvestments_sq,,,,,,,-100.00,,255.86,-45.42,-100.00,,-5.86,,,,,,-100.00,,1.09,-21.30,-100.00,,3.68,5.90,-100.00,,-1.70,0.59,-8.42,3.84,0.84,0.38,1.00,-0.76,-2.51,-1.92,-2.63,-0.55,-4.79,,-2.05,-2.18,-16.08,-1.22,-1.98,-1.78,-11.65,-0.07,-19.52
BalanceCash,86239000,90034000,,122145000,108619000,140999000,,60059000,43567000,67491000,,9418000,5262000,2254000,,6238000,7654000,5714000,,2994000,3015000,3537000,,3133000,3145000,827000,,3841000,1920000,195000,746000,270000,10811000,29561000,19431000,10811000,201000,606000,360000,119000,606000,1119000,39000,35000,83000,68000,482000,75000,243000,325000,218000
BalanceCash_yy,,,,,25.95,56.61,,-50.83,-59.89,-52.13,,-84.32,-87.92,-96.66,,-33.77,45.46,153.50,,-52.00,-60.61,-38.10,,4.64,4.31,-76.62,,22.60,-38.95,-76.42,,-92.97,463.07,15059.49,2504.69,3904.07,-98.14,-97.95,-98.15,-98.90,201.49,84.65,,,,-93.92,1135.90,114.29,192.77,377.94,-54.77
BalanceCash_sy,,,,,-50.42,47.15,,93.86,80.88,115.14,,-33.81,-62.49,-75.58,,-47.05,-36.80,-25.34,,17.96,-4.22,49.06,,74.64,67.54,47.03,,10.26,-0.68,2.12,,-16.31,-15.35,-31.34,15.00,59.42,0.43,10.16,-23.92,21.56,-20.59,-28.78,,,,31.34,12.38,-19.53,-25.06,-11.39,-16.07
BalanceCash_qq,,4.40,-100.00,,-11.07,29.81,-100.00,,-27.46,54.91,-100.00,,-44.13,-57.16,-100.00,,22.70,-25.35,-100.00,,0.70,17.31,-100.00,,0.38,-73.70,-100.00,,-50.01,-89.84,282.56,-63.81,3904.07,173.43,-34.27,-44.36,-98.14,201.49,-40.59,-66.94,409.24,,-96.51,-10.26,137.14,-18.07,608.82,-84.44,224.00,33.74,-32.92
BalanceCash_sq,,-21.64,-100.00,,-33.01,3.20,-100.00,,-27.46,-8.01,-100.00,,-14.27,-47.34,-100.00,,-19.89,-33.79,-100.00,,-25.22,11.75,-96.57,,-27.38,4.53,-100.00,,-8.56,-11.41,-29.34,2.46,1.16,13.14,-8.88,-4.89,-15.98,0.36,-4.74,-4.71,-7.70,,48.95,-9.20,-10.05,-15.06,11.73,-25.77,-0.34,6.32,22.49
BalanceOtherCurrentAssets,71000,,,,,,,,,,,,186000,,,547000,316000,,,,1002000,,,,,,,,,,,,,,,,,,,,,,,,1782000,,,,266000,,
BalanceOtherCurrentAssets_yy,,,,,-100.00,,,,,,,,,,,,69.89,,,-100.00,217.09,,,,-100.00,,,,,,,,,,,,,,,,,,,,,,,,-85.07,,
BalanceOtherCurrentAssets_sy,,,,,-25.49,,,,,,,,,,,,-30.88,,,-31.14,-21.12,,,,5.30,,,,,,,,,,,,,,,,,,,,,,,,13.20,,
BalanceOtherCurrentAssets_qq,,-100.00,,,,,,,,,,,,-100.00,,,-42.23,-100.00,,,,-100.00,,,,,,,,,,,,,,,,,,,,,,,,-100.00,,,,-100.00,
BalanceOtherCurrentAssets_sq,,-29.19,,,,,,,,,,,,-6.63,,,26.23,-14.29,,,,-19.44,,,,,,,,,,,,,,,,,,,,,,,,9.91,,,,19.38,
BalanceAssetsForSale,,0,,50621000,45368000,155994000,,126812000,129747000,39825000,,34629000,,0,,,1000,237000,,,867000,499000,,0,,,,18584000,59265000,0,0,60452000,5980000,16796000,5980000,5980000,,,,,,,,,,,,,,,
BalanceAssetsForSale_yy,,,,,,,,150.51,185.99,-74.47,,-72.69,-100.00,-100.00,,-100.00,,,,,86600.00,110.55,,,-100.00,-100.00,,,,,,225.29,-89.91,,,-90.11,-100.00,-100.00,-100.00,-100.00,,,,,,,,,,,
BalanceAssetsForSale_sy,,,,,,,,25.26,-100.00,-74.47,,257.60,-100.00,-68.89,,-100.00,,,,,-50.12,-53.49,,,-4.89,40.65,,,,,,-87.51,-87.51,,,376.79,-100.00,82.05,-99.56,-99.82,,,,,,,,,,,
BalanceAssetsForSale_qq,,,,,-10.38,243.84,-100.00,,2.31,-69.31,-100.00,,-100.00,,,,,23600.00,-100.00,,,-42.45,-100.00,,,,,,218.90,-100.00,,,-90.11,180.87,-64.40,,-100.00,,,,,,,,,,,,,,
BalanceAssetsForSale_sq,,,,,-52.31,-100.00,-100.00,,-48.85,-69.31,-100.00,,-100.00,,,,,1.72,-100.00,,,-42.45,-100.00,,,,,,-10.48,,,,-95.06,,,,-30.18,,,,,,,,,,,,,,
BalanceTotalAssets,287729000,303391000,,312587000,307142000,322851000,,190013000,184483000,127445000,,45088000,83972000,83055000,,99145000,133413000,158184000,,148583000,141397000,138976000,,101965000,118640000,116197000,,106331000,104876000,107387000,110437000,103500000,70204000,76635000,68294000,70204000,59737000,57908000,58433000,57994000,57908000,55740000,53363000,53405000,28651000,27845000,26530000,26116000,33495000,33802000,32693000
BalanceTotalAssets_yy,,,,,6.75,6.41,,-39.21,-39.94,-60.53,,-76.27,-54.48,-34.83,,119.89,58.88,90.46,,49.86,5.98,-12.14,,-31.38,-16.09,-16.39,,4.28,-11.60,-7.58,,-2.66,-33.06,-28.64,-38.16,-32.17,-14.91,-24.44,-14.44,-17.39,-3.06,-3.74,,,,-50.04,-50.28,-51.10,16.91,21.39,23.23
BalanceTotalAssets_sy,,,,,-17.71,-0.75,,203.96,67.14,129.14,,7.80,17.82,8.79,,1.49,0.05,-6.40,,-5.41,3.85,-3.46,,17.84,23.18,27.33,,17.60,36.20,26.40,,5.74,4.70,4.81,5.21,11.46,11.66,9.00,7.80,-0.08,-3.06,4.88,,,,-1.81,2.75,1.48,0.54,3.92,-0.73
BalanceTotalAssets_qq,,5.44,-100.00,,-1.74,5.11,-100.00,,-2.91,-30.92,-100.00,,86.24,-1.09,-100.00,,34.56,18.57,-100.00,,-4.84,-1.71,-100.00,,16.35,-2.06,-100.00,,-1.37,2.39,2.84,-6.28,-32.17,9.16,-10.88,2.80,-14.91,-3.06,0.91,-0.75,-0.15,,-4.26,0.08,-46.35,-2.81,-4.72,-1.56,28.25,0.92,-3.28
BalanceTotalAssets_sq,,-1.16,-100.00,,-2.67,12.85,-100.00,,1.86,5.28,-100.00,,2.09,-2.16,-100.00,,-0.43,-0.31,-73.29,,4.03,-4.18,-56.88,,4.33,1.04,-100.00,,2.71,2.56,-2.03,-0.86,-0.18,2.20,2.29,2.80,0.24,-0.79,0.91,-0.51,1.02,,-1.46,0.74,-0.16,-0.45,-0.86,,-0.94,0.92,-1.21
BalanceCapital,207022000,208517000,,208041000,208902000,211796000,,92357000,91994000,90811000,,7149000,5749000,27918000,,38644000,54741000,55298000,,49109000,44920000,40414000,,21789000,21516000,21156000,,16778000,21377000,-6453000,3054000,4140000,65653000,56833000,65898000,65653000,56929000,55392000,55689000,55432000,55392000,50268000,48109000,47536000,23251000,22852000,22589000,22395000,25388000,25582000,24304000
BalanceCapital_yy,,,,,0.91,1.57,,-55.61,-55.96,-57.12,,-92.26,-93.75,-69.26,,440.55,852.18,98.07,,27.08,-17.94,-26.92,,-55.63,-52.10,-47.65,,-23.00,-0.65,-130.50,,-75.32,207.12,980.72,2057.76,1485.82,-13.29,-2.54,-15.49,-15.57,-2.70,-9.25,,,,-54.54,-53.05,-52.89,9.19,11.95,7.59
BalanceCapital_sy,,,,,-8.96,1.57,,224.55,64.36,197.03,,4.27,15.24,2.68,,0.11,1.75,-4.30,,2.21,2.12,-0.19,,19.22,25.47,22.95,,29.43,27.70,14.82,,8.87,9.40,4.13,1.18,10.70,6.63,9.17,7.99,4.98,3.68,-2.42,,,,-2.39,3.28,3.40,2.90,1.12,-0.99
BalanceCapital_qq,,0.72,-100.00,,0.41,1.39,-100.00,,-0.39,-1.29,-100.00,,-19.58,385.61,-100.00,,41.65,1.02,-100.00,,-8.53,-10.03,-100.00,,-1.25,-1.67,-100.00,,27.41,-130.19,147.33,35.56,1485.82,-13.43,15.95,-0.37,-13.29,-2.70,0.54,-0.46,-0.07,,-4.29,-1.19,-51.09,-1.72,-1.15,-0.86,13.36,0.76,-5.00
BalanceCapital_sq,,3.14,-100.00,,4.60,3.50,-100.00,,4.94,3.76,-100.00,,-0.89,-2.09,-100.00,,-1.80,0.98,-24.22,,2.48,-3.88,-3.78,,0.78,1.67,-100.00,,7.46,3.28,-1.89,-1.60,1.80,0.44,1.60,2.95,1.84,0.37,2.26,-0.36,2.10,,-1.43,0.70,-1.40,0.65,-0.93,1.49,-2.32,0.24,-2.89
BalanceShareCapital,3006000,3554000,,3554000,3554000,3554000,,3554000,1518000,1518000,,1284000,1284000,1284000,,1284000,8674000,8674000,,8674000,8674000,8674000,,8674000,8674000,8674000,,8674000,8674000,8674000,11244000,13922000,13922000,13922000,13922000,13922000,13922000,13922000,13922000,13922000,13922000,13922000,13922000,13922000,13922000,13922000,13922000,13922000,13922000,13922000,13922000
BalanceShareCapital_yy,,,,,18.23,,,,-57.29,-57.29,,-63.87,-15.42,-15.42,,,575.55,575.55,,575.55,,,,,,,,,,,,60.50,60.50,60.50,23.82,,,,,,,,,,,,,,,,
BalanceShareCapital_sy,,,,,,,,,3.16,5.74,,,,,,,,,,,,,,,,,,,,,,,,,,,,,,,,,,,,,,,,,
BalanceShareCapital_qq,,18.23,-100.00,,,,-100.00,,-57.29,,-100.00,,,,-100.00,,575.55,,-100.00,,,,-100.00,,,,-100.00,,,,29.63,23.82,,,,,,,,,,,,,,,,,,,
BalanceShareCapital_sq,,,-100.00,,,,-100.00,,,,-100.00,,,,-100.00,,,,-50.00,,,,-50.02,,,,-100.00,,,,,,,,,,,,,,,,,,,,,,,,
BalanceOwnShares,-5866000,-5866000,,-5866000,-5866000,-5866000,,-142108000,-4938000,-4938000,,-58265000,,,,,,,,,,,,,,,,,,,,,,,,,,,,,,,-468000,-468000,-468000,-468000,-468000,-468000,-468000,-468000,-468000
BalanceOwnShares_yy,,,,,,,,-2322.57,15.82,15.82,,59.00,100.00,100.00,,100.00,,,,,,,,,,,,,,,,,,,,,,,,,,,,,,,,,,,
BalanceOwnShares_sy,,,,,,,,-2322.57,15.82,15.82,,59.00,50.00,50.00,,50.00,,,,,,,,,,,,,,,,,,,,,,,,,,,,,,,,,,,
BalanceOwnShares_qq,,,100.00,,,,100.00,,96.53,,100.00,,100.00,,,,,,,,,,,,,,,,,,,,,,,,,,,,,,,,,,,,,,
BalanceOwnShares_sq,,,100.00,,,,100.00,,96.53,,100.00,,50.00,,,,,,,,,,,,,,,,,,,,,,,,,,,,,,,,,,,,,,
BalanceReserve,194849000,246734000,,248579000,248753000,248373000,,247460000,112012000,112018000,,61361000,11438000,30601000,,34526000,35970000,39455000,,40365000,40365000,39371000,,39367000,40709000,40779000,,7348000,7242000,7868000,13370000,13997000,102135000,13984000,101770000,102134000,51475000,51477000,51477000,51477000,51477000,51478000,51478000,51478000,51478000,51478000,51478000,51478000,51478000,51478000,51478000
BalanceReserve_yy,,,,,27.66,0.66,,-0.45,-54.97,-54.90,,-75.20,-89.79,-72.68,,-43.73,214.48,28.93,,16.91,12.22,-0.21,,-2.47,0.85,3.58,,-81.33,-82.21,-80.71,,90.49,1310.31,77.73,661.18,629.68,-49.60,268.11,-49.42,-49.60,,,,,,,,,,,
BalanceReserve_sy,,,,,,-0.01,,-0.22,,193.81,,0.74,22.57,0.02,,,13.03,1.75,,0.02,0.80,3.05,,2.01,4.88,11.06,,12.36,6.67,,,13.61,11.48,3.88,0.60,2.75,1.04,3.48,5.18,3.50,,,,,,,,,,,
BalanceReserve_qq,,26.63,-100.00,,0.07,-0.15,-100.00,,-54.74,0.01,-100.00,,-81.36,167.54,-100.00,,4.18,9.69,-100.00,,,-2.46,-100.00,,3.41,0.17,-100.00,,-1.44,8.64,69.93,4.69,629.69,-86.31,627.76,0.36,-49.60,,,,,,,,,,,,,,
BalanceReserve_sq,,,-100.00,,0.04,,-100.00,,0.19,4.98,-100.00,,,,-100.00,,,,-83.24,,,0.16,-50.00,,0.27,3.48,-100.00,,,3.90,-0.88,,,0.60,,,,,,,,,,,,,,,,,
BalanceNonshareCapital,28939000,29900000,,30355000,30395000,31179000,,26798000,26549000,1533000,,978000,0,0,,0,18222000,18225000,,25924000,24146000,22306000,,13187000,12817000,13474000,,12853000,5763000,2803000,3394000,2011000,,-2129000,0,0,,,,,,,,,,,,,325000,325000,325000
BalanceNonshareCapital_yy,,,,,5.03,4.28,,-11.72,-12.65,-95.08,,-96.35,-100.00,-100.00,,-100.00,,,,,32.51,22.39,,-49.13,-46.92,-39.59,,-2.53,-55.04,-79.20,,-84.35,-100.00,-175.95,-100.00,-100.00,,100.00,,,,,,,,,,,,,
BalanceNonshareCapital_sy,,,,,5.03,1.70,,44.14,-9.02,-3.34,,-31.63,-99.72,-99.70,,-38.29,,,,,13.36,-11.30,,-16.44,-14.08,9.01,,4.22,-49.24,-2.28,,-17.02,0.68,-0.33,-9.17,-6.66,,-0.26,,,,,,,,,,,,,
BalanceNonshareCapital_qq,,3.32,-100.00,,0.13,2.58,-100.00,,-0.93,-94.23,-100.00,,-100.00,,,,,0.02,-100.00,,-6.86,-7.62,-100.00,,-2.81,5.13,-100.00,,-55.16,-51.36,21.08,-40.75,-100.00,,100.00,,,,,,,,,,,,,,,,
BalanceNonshareCapital_sq,,-5.25,-100.00,,0.06,-2.24,-100.00,,2.10,-2.41,-100.00,,-63.77,,,,,,-100.00,,-3.43,-7.28,-100.00,,-9.28,6.82,-100.00,,4.29,1.13,0.14,-3.91,1.84,,-2.34,,,,,,,,,,,,,,,,
BalanceNoncurrentLiabilities,7021000,7116000,,6062000,6005000,559000,,,,,,,19451000,4521000,,4308000,5309000,5156000,,31008000,9495000,7788000,,9298000,50740000,49092000,,10116000,8001000,51839000,47177000,595000,1155000,1000,1000,1155000,584000,582000,702000,638000,582000,3009000,3027000,3039000,2000000,2000000,2000000,2000000,2020000,2493000,2269000
BalanceNoncurrentLiabilities_yy,,,,,-14.47,-92.14,,-100.00,-100.00,-100.00,,,,,,,-72.71,14.05,,619.78,78.85,51.05,,-70.01,434.39,530.35,,8.80,-84.23,5.60,,-94.12,-85.56,-100.00,-100.00,94.12,-49.44,58100.00,70100.00,-44.76,-0.34,417.01,,,,-33.53,-33.93,-34.19,1.00,24.65,13.45
BalanceNoncurrentLiabilities_sy,,,,,-14.47,-14.83,,-7.63,19.14,-3.40,,,,,,,-26.27,-21.30,,19.13,12.25,-5.40,,-30.91,6.16,66.10,,29.17,83.90,5.61,,6.98,-9.51,12.38,23.13,24.07,1.82,14.50,0.46,-11.76,4.92,-6.66,,,,-6.49,-6.70,6.95,1.00,-4.76,10.70
BalanceNoncurrentLiabilities_qq,,1.35,-100.00,,-0.94,-90.69,-100.00,,,,,,,-76.76,-100.00,,23.24,-2.88,-100.00,,-69.38,-17.98,-100.00,,445.71,-3.25,-100.00,,-20.91,547.91,-8.99,-98.74,94.12,-99.91,,115400.00,-49.44,-0.34,20.62,-9.12,-8.78,,0.60,0.40,-34.19,,,,1.00,23.42,-8.99
BalanceNoncurrentLiabilities_sq,,1.35,-100.00,,2.67,-2.97,-100.00,,,,,,,-6.98,-100.00,,-3.00,,-51.00,,-1.01,-6.20,-64.13,,-1.35,4.98,-100.00,,-0.62,-11.86,-1.53,1.76,6.10,0.54,,0.63,,-0.50,0.34,-0.10,7.12,,-5.84,7.05,-3.78,,,,-0.56,0.17,0.18
BalanceNoncurrentTradeLiabilities,,,,,,367000,,,,,,,,,,0,0,0,,2987000,3009000,2631000,,1453000,3219000,,,,,,,,,,,,,,,,,,,,,,,,,,
BalanceNoncurrentTradeLiabilities_yy,,,,,,,,,,-100.00,,,,,,,,,,,,,,-51.36,6.98,-100.00,,-100.00,-100.00,,,,,,,,,,,,,,,,,,,,,,
BalanceNoncurrentTradeLiabilities_sy,,,,,,,,,,-100.00,,,,,,,,,,,,,,172.41,6.98,136.54,,33.26,-23.76,,,,,,,,,,,,,,,,,,,,,,
BalanceNoncurrentTradeLiabilities_qq,,,,,,,-100.00,,,,,,,,,,,,,,0.74,-12.56,-100.00,,121.54,-100.00,,,,,,,,,,,,,,,,,,,,,,,,,
BalanceNoncurrentTradeLiabilities_sq,,,,,,,-56.03,,,,,,,,,,,,,,0.74,-23.53,-22.03,,60.77,-1.64,,,,,,,,,,,,,,,,,,,,,,,,,
BalanceNoncurrentBorrowings,,,,,,,,,,,,,12020000,4521000,,4308000,4827000,4184000,,26085000,5358000,4221000,,3362000,45113000,44201000,,6956000,8000000,48607000,44023000,0,561000,0,0,561000,584000,536000,656000,593000,536000,1009000,1027000,1039000,,,,,,5000,5000
BalanceNoncurrentBorrowings_yy,,,,,,,,,,,,,,,,,-59.84,-7.45,,505.50,11.00,0.88,,-87.11,741.97,947.17,,106.90,-82.27,9.97,,-100.00,-92.99,-100.00,-100.00,,4.10,,,5.70,-8.22,88.25,,,,-100.00,-100.00,-100.00,,,
BalanceNoncurrentBorrowings_sy,,,,,,,,,,,,,,,,,-54.17,-66.76,,144.55,11.00,-40.59,,-52.20,-9.47,14.66,,94.72,52.58,-36.13,,-28.52,-21.16,44.53,7.70,,-7.76,,,-21.64,-36.50,-13.42,,,,-25.44,-1.82,-16.20,,,
BalanceNoncurrentBorrowings_qq,,,,,,,,,,,,,,-62.39,-100.00,,12.05,-13.32,-100.00,,-79.46,-21.22,-100.00,,1241.85,-2.02,-100.00,,15.01,507.59,-9.43,-100.00,,-100.00,,,4.10,-8.22,22.39,-9.60,-9.61,,1.78,1.17,-100.00,,,,,,
BalanceNoncurrentBorrowings_sq,,,,,,,,,,,,,,-3.02,-100.00,,,-29.65,-100.00,,-22.49,-60.88,-100.00,,-7.93,5.88,-100.00,,-0.06,-27.90,-9.43,-0.16,,-1.04,,,-1.24,-3.78,-0.16,-17.76,-6.33,,-4.02,0.71,-8.68,,,,,,
BalanceNoncurrentObligations,,,,,,,,,,,,,,,,,,,,,,,,,,,,,,,,,,,,,,,,,,,,,,,,,,,
BalanceNoncurrentObligations_yy,,,,,,,,,,,,,,,,,,,,,,,,,,,,,,,,,,,,,,,,,,,,,,,,,,,
BalanceNoncurrentObligations_sy,,,,,,,,,,,,,,,,,,,,,,,,,,,,,,,,,,,,,,,,,,,,,,,,,,,
BalanceNoncurrentObligations_qq,,,,,,,,,,,,,,,,,,,,,,,,,,,,,,,,,,,,,,,,,,,,,,,,,,,
BalanceNoncurrentObligations_sq,,,,,,,,,,,,,,,,,,,,,,,,,,,,,,,,,,,,,,,,,,,,,,,,,,,
BalanceNoncurrentLeasing,,,,,,,,,,,,,,,,,,,,,,,,,,,,,,,,,,,,,,,,,,,,,,,,,5000,,
BalanceNoncurrentLeasing_yy,,,,,,,,,,,,,,,,,,,,,,,,,,,,,,,,,,,,,,,,,,,,,,,,,,,
BalanceNoncurrentLeasing_sy,,,,,,,,,,,,,,,,,,,,,,,,,,,,,,,,,,,,,,,,,,,,,,,,,,,
BalanceNoncurrentLeasing_qq,,,,,,,,,,,,,,,,,,,,,,,,,,,,,,,,,,,,,,,,,,,,,,,,,,-100.00,
BalanceNoncurrentLeasing_sq,,,,,,,,,,,,,,,,,,,,,,,,,,,,,,,,,,,,,,,,,,,,,,,,,,-11.99,
BalanceNoncurrentOtherLiabilities,7021000,7116000,,6062000,6005000,192000,,,,,,,7431000,0,,0,482000,972000,,1936000,1128000,936000,,4483000,2408000,4891000,,3160000,1000,3232000,3154000,595000,594000,1000,1000,594000,,46000,46000,45000,46000,2000000,2000000,2000000,2000000,2000000,2000000,2000000,2015000,2488000,2264000
BalanceNoncurrentOtherLiabilities_yy,,,,,-14.47,-97.30,,-100.00,-100.00,-100.00,,,,,,,-93.51,,,,134.02,-3.70,,131.56,113.48,422.54,,-29.51,-99.96,-33.92,,-81.17,59300.00,-99.97,-99.97,-0.17,-100.00,4500.00,4500.00,-92.42,,4247.83,,,,,,,0.75,24.40,13.20
BalanceNoncurrentOtherLiabilities_sy,,,,,-14.47,-14.83,,1.63,-32.02,77.62,,,,,,,-25.40,,,,4.66,-3.70,,-2.66,-6.63,20.91,,12.10,14.37,3.87,,15.38,24.22,34.48,9.51,13.41,,4.72,,0.29,,-3.05,,,,,,,2.29,-2.70,15.70
BalanceNoncurrentOtherLiabilities_qq,,1.35,-100.00,,-0.94,-96.80,-100.00,,,,,,,-100.00,,,,101.66,-100.00,,-41.74,-17.02,-100.00,,-46.29,103.11,-100.00,,-99.97,323100.00,-2.41,-81.14,-0.17,-99.83,,59300.00,-100.00,,,-2.17,2.22,,,,,,,,0.75,23.47,-9.00
BalanceNoncurrentOtherLiabilities_sq,,1.35,-100.00,,0.86,-2.97,-100.00,,,,,,,-4.98,,,,0.73,-20.89,,-1.61,-4.69,-100.00,,-32.40,2.21,-100.00,,1.90,-4.18,-1.96,11.02,0.30,3.68,,1.87,-0.28,,,0.29,0.03,,,,,,,,1.06,-1.14,1.56
BalanceCurrentLiabilities,44747000,57858000,,40586000,40539000,9689000,,9031000,687000,4101000,,5879000,58772000,50616000,,56193000,55141000,79505000,,42541000,62836000,68216000,,57691000,33567000,32475000,,66584000,28992000,59198000,56812000,37597000,3396000,1764000,2395000,3396000,2224000,1934000,2042000,1924000,1934000,2463000,2227000,2830000,3400000,2993000,1941000,1721000,5762000,5402000,5795000
BalanceCurrentLiabilities_yy,,,,,-9.40,-83.25,,-77.75,-98.31,-57.67,,-34.90,8454.88,1134.24,,855.83,-6.18,57.07,,-24.29,13.96,-14.20,,35.61,-46.58,-52.39,,15.41,-13.63,82.29,,-43.53,-88.29,-97.02,-95.78,-90.97,-34.51,9.64,-14.74,-43.35,-13.04,27.35,,,,21.52,-12.84,-39.19,69.47,80.49,198.56
BalanceCurrentLiabilities_sy,,,,,-1.92,-20.90,,324.08,139.95,83.46,,1.28,48.46,27.67,,10.68,8.17,-4.00,,-23.05,3.10,6.80,,29.19,4.62,27.59,,62.36,6.69,58.18,,27.51,10.22,-9.40,3.91,-1.30,3.54,2.14,0.17,-2.82,-20.40,51.15,,,,2.64,-1.18,0.18,11.86,18.31,9.68
BalanceCurrentLiabilities_qq,,29.30,-100.00,,-0.12,-76.10,-100.00,,-92.39,496.94,-100.00,,899.69,-13.88,-100.00,,-1.87,44.18,-100.00,,47.71,8.56,-100.00,,-41.82,-3.25,-100.00,,-56.46,104.19,-4.03,-33.82,-90.97,-48.06,35.77,41.80,-34.51,-13.04,5.58,-5.78,0.52,,-9.58,27.08,20.14,-11.97,-35.15,-11.33,234.81,-6.25,7.28
BalanceCurrentLiabilities_sq,,8.70,-100.00,,-4.14,19.08,-100.00,,-21.43,50.33,-100.00,,3.11,4.73,-100.00,,-1.87,-5.66,-91.70,,6.79,-1.71,-93.00,,6.84,-6.19,-100.00,,-5.26,30.64,-4.03,-2.99,-6.52,-2.34,-0.57,4.09,1.76,-1.31,0.15,-1.48,1.69,,2.92,-1.61,2.13,2.72,1.11,-11.20,9.70,2.83,0.22
BalanceCurrentTradePayablesv,9546000,23680000,,8043000,9118000,9488000,,9031000,687000,4101000,,5879000,34335000,39300000,,46404000,46523000,42369000,,23426000,28340000,21828000,,17267000,24257000,20989000,,18927000,313000,21284000,20196000,15089000,221000,625000,476000,180000,1286000,1052000,1148000,1053000,1052000,1165000,980000,1015000,797000,927000,886000,883000,1449000,3921000,3862000
BalanceCurrentTradePayablesv_yy,,,,,-4.48,-59.93,,12.28,-92.47,-56.78,,-34.90,4897.82,858.30,,689.32,35.50,7.81,,-49.52,-39.08,-48.48,,-26.29,-14.41,-3.84,,9.61,-98.71,1.41,,-20.28,-29.39,-97.06,-97.64,-98.81,481.90,68.32,141.18,485.00,-18.20,10.74,,,,-20.43,-9.59,-13.00,81.81,322.98,335.89
BalanceCurrentTradePayablesv_sy,,,,,-13.32,-25.56,,472.84,135.61,327.65,,41.46,42.49,32.15,,24.11,10.20,-7.69,,-49.52,-25.17,-23.56,,-5.06,-14.41,4.64,,48.31,-8.06,10.50,,19.69,11.13,-55.03,11.28,-14.04,19.51,-11.85,-32.07,20.39,-29.42,16.21,,,,-0.76,-8.26,-11.66,12.60,6.89,0.42
BalanceCurrentTradePayablesv_qq,,148.06,-100.00,,13.37,4.06,-100.00,,-92.39,496.94,-100.00,,484.03,14.46,-100.00,,0.26,-8.93,-100.00,,20.98,-22.98,-100.00,,40.48,-13.47,-100.00,,-98.35,6700.00,-5.11,-25.29,-98.54,182.81,-23.84,-62.18,614.44,-18.20,9.13,-8.28,-0.09,,-15.88,3.57,-21.48,16.31,-4.42,-0.34,64.10,170.60,-1.50
BalanceCurrentTradePayablesv_sq,,18.52,-100.00,,15.04,41.99,-100.00,,9.42,4.45,-100.00,,8.77,-4.00,-100.00,,0.70,-22.51,-99.42,,9.34,-17.86,-98.04,,14.67,-2.52,-100.00,,-19.55,-0.76,-8.83,2.93,-31.46,-6.13,15.77,-10.11,1.75,-21.70,0.69,8.42,-0.14,,-0.76,0.10,1.04,1.68,4.57,-0.35,17.56,-4.34,1.44
BalanceCurrentBorrowings,34971000,33925000,,32111000,30967000,,,,,,,,223000,5536000,,6807000,6501000,9563000,,12327000,26805000,33994000,,31449000,7070000,8965000,,37649000,28577000,32165000,30120000,21397000,2624000,996000,996000,2624000,319000,280000,282000,207000,280000,536000,487000,968000,564000,1113000,0,68000,1000,94000,228000
BalanceCurrentBorrowings_yy,,,,,-11.45,-100.00,,-100.00,-100.00,,,,,,,,2815.25,72.74,,81.09,312.32,255.47,,155.12,-73.62,-73.63,,19.71,304.20,258.78,,-43.17,-90.82,-96.90,-96.69,-87.74,-87.84,-71.89,-71.69,-92.11,-12.23,91.43,,,,107.65,-100.00,-92.98,-99.82,-91.55,
BalanceCurrentBorrowings_sy,,,,,-67.63,-100.00,,131.33,-100.00,,,,,,,,52.08,19.98,,-26.32,69.68,14.75,,97.18,3.23,-17.98,,17.75,-26.77,109.42,,78.57,30.86,-4.64,42.16,-0.05,-6.38,,7.23,-21.26,-12.23,4.95,,,,6.45,-16.52,-15.57,-7.69,-9.96,
BalanceCurrentBorrowings_qq,,-2.99,-100.00,,-3.56,-100.00,,,,,,,,2382.51,-100.00,,-4.50,47.10,-100.00,,117.45,26.82,-100.00,,-77.52,26.80,-100.00,,-24.10,12.56,-6.36,-28.96,-87.74,-62.04,,163.45,-87.84,-12.23,0.71,-26.60,35.27,,-9.14,98.77,-41.74,97.34,-100.00,,-98.53,9300.00,142.55
BalanceCurrentBorrowings_sq,,-54.16,-100.00,,-46.61,199.68,,,,,,,,2.08,-100.00,,-3.80,-7.74,-100.00,,1.64,-5.90,-100.00,,1.52,-3.69,-100.00,,-14.84,29.68,-11.73,0.90,-25.41,1.05,,0.44,-1.80,,0.05,-4.52,-6.52,,0.48,-4.20,-3.02,-0.98,-2.24,,-1.30,2.32,8.00
BalanceCurrentObligations,,,,,,,,,,,,,,,,,,,,,,,,,,,,,,,,,,,,,,,,,,,,,332000,,,,,,813000
BalanceCurrentObligations_yy,,,,,,,,,,,,,,,,,,,,,,,,,,,,,,,,,,,,,,,,,,,,,,,,,-100.00,,
BalanceCurrentObligations_sy,,,,,,,,,,,,,,,,,,,,,,,,,,,,,,,,,,,,,,,,,,,,,,,,,18.93,,
BalanceCurrentObligations_qq,,,,,,,,,,,,,,,,,,,,,,,,,,,,,,,,,,,,,,,,,,,,,,-100.00,,,,,
BalanceCurrentObligations_sq,,,,,,,,,,,,,,,,,,,,,,,,,,,,,,,,,,,,,,,,,,,,,,-1.23,,,,,
BalanceCurrentLeasing,,,,,,,,,,,,,,,,,,,,,,,,,,,,,,,,,,,,,,,,,,,,,332000,,134000,,119000,,54000
BalanceCurrentLeasing_yy,,,,,,,,,,,,,,,,,,,,,,,,,,,,,,,,,,,,,,,,,,,,,,,,,-64.16,,-59.70
BalanceCurrentLeasing_sy,,,,,,,,,,,,,,,,,,,,,,,,,,,,,,,,,,,,,,,,,,,,,,,,,-1.00,,-59.70
BalanceCurrentLeasing_qq,,,,,,,,,,,,,,,,,,,,,,,,,,,,,,,,,,,,,,,,,,,,,,-100.00,,-100.00,,-100.00,
BalanceCurrentLeasing_sq,,,,,,,,,,,,,,,,,,,,,,,,,,,,,,,,,,,,,,,,,,,,,,-30.35,,-4.17,,-52.26,
BalanceCurrentOtherLiabilities,36000,103000,,27914000,21545000,66641000,,61827000,65253000,31000000,,31082000,2521000,5780000,,2982000,2117000,27573000,,6709000,7691000,11552000,,8825000,2240000,2227000,,9620000,40845000,5419000,6176000,60169000,536000,20309000,894000,577000,619000,602000,612000,664000,602000,762000,760000,847000,1375000,953000,921000,770000,4193000,1387000,838000
BalanceCurrentOtherLiabilities_yy,,,,,59747.22,64600.00,,121.49,202.87,-53.48,,-49.73,-96.14,-81.35,,-90.41,-16.03,377.04,,124.98,263.30,-58.10,,31.54,-70.88,-80.72,,9.01,1723.44,143.33,,525.46,-98.69,274.77,-85.52,-99.04,15.49,-97.04,-31.54,15.08,-2.75,26.58,,,,25.07,21.18,-9.09,204.95,45.54,-9.01
BalanceCurrentOtherLiabilities_sy,,,,,-43.36,301.68,,313.78,131.82,522.26,,0.92,-0.62,13.21,,-9.23,-7.54,37.08,,26.84,41.75,5.33,,16.69,-3.30,19.57,,10.64,13.47,1.28,,11.11,-3.72,16.46,-24.84,5.58,7.78,2.04,-2.57,-6.67,4.36,11.90,,,,7.49,4.80,4.80,12.12,1.57,1.07
BalanceCurrentOtherLiabilities_qq,,186.11,-100.00,,-22.82,209.31,-100.00,,5.54,-52.49,-100.00,,-91.89,129.27,-100.00,,-29.01,1202.46,-100.00,,14.64,50.20,-100.00,,-74.62,-0.58,-100.00,,324.58,-86.73,13.97,874.24,-99.11,3688.99,-95.60,-35.46,7.28,-2.75,1.66,8.50,-9.34,,-0.26,11.45,62.34,-30.69,-3.36,-16.40,444.55,-66.92,-39.58
BalanceCurrentOtherLiabilities_sq,,-49.31,-50.56,,-38.74,47.73,-100.00,,-44.11,18.52,-100.00,,4.17,19.39,-100.00,,-17.99,9.83,-100.00,,-19.84,-8.15,-99.94,,-33.95,-1.61,-100.00,,-1.02,-0.99,-12.68,1.58,-2.34,10.74,-1.17,8.02,-1.77,6.85,-2.53,5.88,2.31,,3.75,-3.68,2.22,-1.99,2.58,-5.71,2.96,6.01,-0.37
BalanceReckoning,194000,150000,,61000,210000,,,,,,,,21693000,,,,,,,80000,0,1094000,,150000,,294000,,388000,,330000,320000,99000,15000,0,29000,15000,,,,,,,,,,,,,,,
BalanceReckoning_yy,,,,,8.25,-100.00,,-100.00,-100.00,,,,,,,,-100.00,,,,,,,87.50,,-73.13,,158.67,,12.24,,-74.48,,-100.00,-90.94,-84.85,-100.00,,-100.00,-100.00,,,,,,,,,,,
BalanceReckoning_sy,,,,,-7.95,-72.90,,502.18,,,,,,,,,-15.70,,,,,,,,,-28.08,,42.20,,12.24,,-28.78,,-66.05,3.48,-10.40,-35.40,,-29.33,-0.28,,,,,,,,,,,
BalanceReckoning_qq,,-22.68,-100.00,,244.26,-100.00,,,,,,,,-100.00,,,,,,,-100.00,,-100.00,,-100.00,,-100.00,,-100.00,,-3.03,-69.06,-84.85,-100.00,,-48.28,-100.00,,,,,,,,,,,,,,
BalanceReckoning_sq,,-3.06,-100.00,,-11.28,-22.63,,,,,,,,,,,,,,,-25.00,,-100.00,,-27.33,,-100.00,,-18.16,,0.15,-18.65,-0.56,-2.43,,,-16.16,,,,,,,,,,,,,,
BalanceTotalEquityAndLiabilities,287729000,303391000,0,285044000,285841000,253223000,0,128186000,119230000,96445000,0,14006000,83972000,83055000,0,99145000,133413000,158184000,0,148582000,141397000,138724000,0,101965000,118640000,116197000,0,106331000,64133000,107387000,110437000,44343000,70204000,56469000,68294000,70204000,59737000,57908000,58433000,57994000,57908000,55740000,53363000,53405000,28651000,27845000,26530000,26116000,33495000,33802000,32693000
BalanceTotalEquityAndLiabilities_yy,,,,,-0.66,-16.54,,-55.03,-58.29,-61.91,,-89.07,-29.57,-13.88,,607.88,58.88,90.46,,49.86,5.98,-12.30,,-31.37,-16.09,-16.24,,4.28,-45.94,-7.58,,-58.30,9.47,-47.42,-38.16,58.32,-14.91,2.55,-14.44,-17.39,-3.06,-3.74,,,,-50.04,-50.28,-51.10,16.91,21.39,23.23
BalanceTotalEquityAndLiabilities_sy,,,,,-17.71,-16.54,,230.72,67.14,129.14,,7.80,17.82,6.21,,1.49,0.05,-2.00,,-5.41,3.85,-3.46,,17.84,23.18,27.33,,17.60,36.20,26.40,,5.74,6.76,5.37,5.21,12.30,10.72,7.64,7.80,1.43,-2.52,7.38,,,,-1.81,2.75,1.64,0.54,3.92,-0.73
BalanceTotalEquityAndLiabilities_qq,,5.44,-100.00,,0.28,-11.41,-100.00,,-6.99,-19.11,-100.00,,499.54,-1.09,-100.00,,34.56,18.57,-100.00,,-4.84,-1.89,-100.00,,16.35,-2.06,-100.00,,-39.69,67.44,2.84,-59.85,58.32,-19.56,20.94,2.80,-14.91,-3.06,0.91,-0.75,-0.15,,-4.26,0.08,-46.35,-2.81,-4.72,-1.56,28.25,0.92,-3.28
BalanceTotalEquityAndLiabilities_sq,,-1.16,-100.00,,-0.24,12.85,-100.00,,1.86,5.28,-100.00,,2.09,-2.16,-100.00,,-0.43,-0.31,-73.29,,3.76,-4.18,-56.88,,4.02,3.19,-100.00,,2.71,2.56,-2.03,-0.86,-0.03,1.40,2.47,2.80,0.24,-1.52,0.91,-0.51,0.71,,-1.29,1.22,-0.66,-0.45,-0.86,-0.15,-0.94,0.92,-1.21
CashflowOperatingCashflow,-1053000,4002000,795000,35011000,-11318000,32354000,12853000,-15004000,-16889000,-9539000,8897000,11396000,5519000,7291000,-1122000,3994000,-757000,535000,-358000,7095000,6827000,616000,-9624000,-3236000,-745000,1119000,-1829000,7954000,-1538000,-4637000,7857000,1630000,311000,-2413000,-295000,309000,-397000,-1275000,-467000,-190000,-1275000,947000,-988000,-530000,-2000,-272000,-298000,-382000,-831000,-266000,-1274000
CashflowOperatingCashflow_yy,,,,,-974.83,708.45,1516.73,-142.86,-49.22,-129.48,-30.78,175.95,132.68,176.43,-112.61,-64.95,-113.72,-92.66,68.09,77.64,1001.85,15.14,-2588.27,-145.61,-110.91,81.66,81.00,345.80,-106.44,-514.39,529.58,-79.51,120.22,47.96,-103.75,-81.04,-227.65,47.16,-58.31,-161.49,-221.16,174.27,,,,-128.72,69.84,27.92,-41450.00,2.21,-327.52
CashflowOperatingCashflow_sy,,,,,-38.60,24.42,291.20,-58.04,-49.22,60.13,-687.60,54.98,45.43,-5.45,56.21,-0.48,28.37,-46.73,29.28,-78.69,-57.00,-5.42,-150.19,-56.01,-87.87,67.44,19.10,82.67,126.14,-52.44,56.14,19.60,-29.22,-11.66,17.06,-49.86,73.07,85.14,-58.31,91.05,-34.30,-70.70,,,,13.78,-89.49,33.12,-36.44,-64.97,85.04
CashflowOperatingCashflow_qq,,480.06,-80.13,4303.90,-132.33,385.86,-60.27,-216.74,-12.56,43.52,193.27,28.09,-51.57,32.11,-115.39,455.97,-118.95,170.67,-166.92,2081.84,-3.78,-90.98,-1662.34,66.38,76.98,250.20,-263.45,534.88,-119.34,-201.50,269.44,-79.25,-80.92,-875.88,87.77,204.75,-228.48,-221.16,63.37,59.31,-571.05,,-204.33,46.36,99.62,-13500.00,-9.56,-28.19,-117.54,67.99,-378.95
CashflowOperatingCashflow_sq,,-47.16,-14.68,-14.46,-97.03,-19.57,107.76,-95.38,-50.93,87.72,-43.22,70.70,-64.30,30.29,-1.35,103.95,-12.08,-32.24,-6.94,-33.43,-87.74,-7.46,18.32,4.92,42.40,21.50,11.32,0.24,100.00,-13.64,22.59,-30.76,19.85,-69.04,97.12,-68.93,90.54,-21.81,-38.44,11.21,-75.01,,99.06,-76.72,-33.35,59.71,-46.64,-21.89,12.04,9.89,26.68
CashflowAmortization,804000,-763000,109000,-75000,9000,8000,8000,9000,6000,4000,2000,1000,306000,1051000,1539000,3778000,2061000,2682000,3074000,3413000,3146000,3205000,1845000,2233000,1791000,1605000,1546000,1458000,1248000,1523000,1608000,1732000,50000,2314000,524000,50000,149000,147000,155000,168000,147000,162000,164000,163000,165000,134000,110000,84000,370000,325000,269000
CashflowAmortization_yy,,,,,-98.88,101.05,-92.66,112.00,-33.33,-50.00,-75.00,-88.89,5000.00,26175.00,76850.00,377700.00,573.53,155.19,99.74,-9.66,52.64,19.50,-39.98,-34.57,-43.07,-49.92,-16.21,-34.71,-30.32,-5.11,4.01,18.79,-95.99,51.94,-67.41,-97.11,198.00,-93.65,-70.42,236.00,-1.34,10.20,,,,-17.28,-32.93,-48.47,124.24,142.54,144.55
CashflowAmortization_sy,,,,,-11.25,18.37,-34.04,124.80,111.48,18.17,73.55,96.30,18.60,70.59,6.00,4.88,14.89,5.68,9.49,-7.34,-0.44,-12.71,-19.65,-6.79,,16.25,3.52,2.94,3.56,5.78,1.87,-3.14,-2.96,-14.58,-0.42,0.44,9.55,0.66,-2.82,-3.31,-4.24,2.56,,,,-14.04,-6.65,-0.76,-8.48,-2.53,1.34
CashflowAmortization_qq,,-194.90,114.29,-168.81,112.00,-11.11,,12.50,-33.33,-33.33,-50.00,-50.00,30500.00,243.46,46.43,145.48,-45.45,30.13,14.62,11.03,-7.82,1.88,-42.43,21.03,-19.79,-10.39,-3.68,-5.69,-14.40,22.04,5.58,7.71,-97.11,4528.00,-77.36,-90.46,198.00,-1.34,5.44,8.39,-12.50,,1.23,-0.61,1.23,-18.79,-17.91,-23.64,340.48,-12.16,-17.23
CashflowAmortization_sq,,-20.00,,-62.50,39.82,-11.11,,28.34,-7.51,1.13,7.37,3.66,0.23,2.86,-10.19,14.15,-15.68,1.60,0.42,0.66,-3.10,,-0.55,5.01,-1.82,,5.34,1.58,-3.56,4.66,-1.95,1.49,-3.68,1.63,0.86,4.65,-1.07,-1.34,1.51,-1.14,-1.48,,,1.14,0.65,-10.89,0.24,,-4.77,-1.04,2.16
CashflowInvestingCashflow,490000,-5335000,-2434000,408000,-1002000,2260000,3699000,29943000,483000,1789000,-558000,6820000,-4668000,-10866000,7300000,-242000,3182000,-3632000,-19383000,-14108000,-5930000,714000,15623000,-975000,-20325000,613000,1959000,762000,-12314000,-26148000,-1274000,-703000,-8603000,47338000,-9921000,-8601000,-442000,1740000,107000,113000,1740000,192000,431000,12000,149000,303000,1678000,-5000,0,30000,8000
CashflowInvestingCashflow_yy,,,,,-304.49,142.36,251.97,7238.97,148.20,-20.84,-115.09,-77.22,-1066.46,-707.38,1408.24,-103.55,168.17,66.57,-365.52,-5729.75,-286.36,119.66,180.60,93.09,-242.75,-14.15,-87.46,178.15,39.41,-4365.58,-165.03,-192.26,30.14,281.04,-678.73,-1123.47,94.86,-96.32,101.08,101.31,493.67,-88.97,,,,57.81,289.33,-141.67,-100.00,-90.10,-99.52
CashflowInvestingCashflow_sy,,,,,-304.49,106.22,-100.00,-24.52,148.20,-139.26,-115.09,-77.22,-56.31,15.02,64.93,78.09,85.65,86.65,72.72,-89.51,-56.09,4.80,94.34,25.00,-265.45,69.59,-119.72,-113.57,27.65,-93.49,25.47,65.14,21.76,6.30,43.18,12.34,-33.42,-18.40,81.54,-54.30,95.40,-51.68,,,,69.86,-17.57,-40.98,17.18,58.36,-99.76
CashflowInvestingCashflow_qq,,-1188.78,54.38,116.76,-345.59,325.55,63.67,709.49,-98.39,270.39,-131.19,1322.22,-168.45,-132.78,167.18,-103.32,1414.88,-214.14,-433.67,27.21,57.97,112.04,2088.10,-106.24,-1984.62,103.02,219.58,-61.10,-1716.01,-112.34,95.13,44.82,-1123.76,650.25,-120.96,13.31,94.86,493.67,-93.85,5.61,1439.82,,124.48,-97.22,1141.67,103.36,453.80,-100.30,100.00,,-73.33
CashflowInvestingCashflow_sq,,-183.28,12.66,-90.20,-47.99,103.85,-64.25,82.20,41.45,-143.32,6.95,54.92,2.32,-40.30,-14.74,63.43,52.65,42.62,81.29,42.19,-97.45,31.78,76.47,-103.65,-106.06,56.67,-7.37,-68.05,24.75,-22.87,16.02,46.21,-50.60,32.19,29.91,14.45,-38.20,57.02,-45.14,-13.46,70.62,,55.56,-84.71,37.68,96.60,-9.18,-100.00,76.47,,-65.97
CashflowCapex,167000,1636000,2420000,-2405000,1000,75000,0,2000,,0,0,0,4691000,3738000,-111000,18000,1779000,2706000,19728000,11942000,2225000,2589000,1986000,679000,371000,835000,742000,2375000,7889000,-2572000,1929000,577000,1960000,-1642000,2000,1959000,174000,4000,540000,13000,4000,,,4000,-1000,,,5000,0,,
CashflowCapex_yy,,,,,-99.40,-95.42,-100.00,100.08,-100.00,-100.00,,-100.00,,,,,-62.08,-27.61,17872.97,66244.44,25.07,-4.32,-89.93,-94.31,-83.33,-67.75,-62.64,249.78,2026.42,-408.02,159.97,-75.71,-75.16,36.16,-99.90,239.51,-91.12,100.24,26900.00,-99.34,-97.70,-100.00,,,,,,25.00,100.00,,
CashflowCapex_sy,,,,,-28.57,-92.57,80.44,284.58,163.97,397.18,,688.86,,,,,-79.53,100.67,-71.24,-46.47,20.23,-27.57,-70.52,-52.42,19.28,-55.10,26.09,61.70,-15.65,-27.95,-25.75,-67.74,-51.88,11.16,8.68,31.67,-46.47,6.52,-1.27,-4.00,-59.05,-4.52,,,,,,-60.00,23.55,,
CashflowCapex_qq,,879.64,47.92,-199.38,100.04,7400.00,-100.00,,-100.00,,,,,-20.32,-102.97,116.22,9783.33,52.11,629.05,-39.47,-81.37,16.36,-23.29,-65.81,-45.36,125.07,-11.14,220.08,232.17,-132.60,175.00,-70.09,239.69,-183.78,100.12,97850.00,-91.12,-97.70,13400.00,-97.59,-69.23,,,,-125.00,100.00,,,-100.00,,
CashflowCapex_sq,,100.68,-35.05,-155.83,62.52,75.00,334.18,,-58.53,,,,,-77.57,58.63,15.72,-53.50,13.51,-42.99,-58.96,-34.41,-6.10,-10.63,83.58,-38.85,46.49,-11.14,88.47,-73.16,-50.52,-11.38,39.55,-20.62,13.43,-34.06,78.45,-40.00,-21.64,63.14,-26.87,-30.29,,,,-49.12,-16.77,,,-78.13,,
CashflowFinancingCashflow,-971000,-522000,423000,1070000,-1961000,979000,-135255000,19874000,0,0,0,-47808000,3619000,563000,-6188000,-224000,-1284000,1216000,22125000,1481000,-875000,-808000,-5970000,2079000,21062000,-2332000,-1757000,-4073000,12601000,28390000,-6032000,-624000,-328000,-7322000,-385000,-328000,-55000,-55000,111000,-163000,-55000,-56000,-525000,514000,-99000,-46000,-966000,-20000,999000,318000,1159000
CashflowFinancingCashflow_yy,,,,,-101.96,287.55,-32075.18,1757.38,100.00,-100.00,100.00,-340.56,,,,99.53,-135.48,115.99,457.55,761.16,31.85,-166.45,-126.98,40.38,2507.09,-188.61,70.57,-295.91,-40.17,1317.41,-243.31,84.68,-102.60,-125.79,93.62,47.44,83.23,99.25,128.83,50.30,,-1.82,,,,17.86,-84.00,-103.89,1109.09,791.30,219.98
CashflowFinancingCashflow_sy,,,,,100.00,100.11,193.23,463.21,600.00,112.74,-5.88,-12.98,,,,-93.81,-89.93,-102.90,24.56,91.85,70.06,83.00,55.06,40.38,62.76,-65.74,-43.20,438.69,-35.69,-3.16,-9.02,-102.43,-9.18,57.85,9.80,84.26,25.44,-81.97,31.41,-100.00,,-32.19,,,,16.46,-65.89,-45.41,61.32,26.12,-58.83
CashflowFinancingCashflow_qq,,46.24,181.03,152.96,-283.27,149.92,-13915.63,114.69,-100.00,,,,107.57,-84.44,-1199.11,96.38,-473.21,194.70,1719.49,-93.31,-159.08,7.66,-638.86,134.82,913.08,-111.07,24.66,-131.82,409.38,125.30,-121.25,89.66,47.44,-2132.32,94.74,14.81,83.23,,301.82,-246.85,66.26,,-837.50,197.90,-119.26,53.54,-2000.00,97.93,5095.00,-68.17,264.47
CashflowFinancingCashflow_sq,,46.24,25.72,-139.20,100.00,158.07,-149.89,107.84,-100.00,,,,42.44,-60.27,40.71,-70.24,-45.73,3.42,96.36,24.83,-34.32,18.31,34.72,56.70,-47.22,15.42,-99.99,136.61,-99.00,49.14,-84.45,73.58,-59.19,22.54,-92.98,108.01,-100.00,,1.51,-107.60,76.54,,20.90,61.00,-2.24,-2.66,30.80,3.77,52.02,-16.15,-33.92
CashflowShareCapitalCash,,,704000,,,,,,,,,,0,,0,0,-183000,,2506000,200000,,,,0,,,0,100000,,,3412000,,,,1470000,,,,,,,,-469000,1000,0,,,,-330000,,
CashflowShareCapitalCash_yy,,,,,,,-100.00,,,,,,,,,,,,,,100.00,,-100.00,-100.00,,,,,,,,-100.00,,,-56.92,,,,-100.00,,,,,,,,100.00,-100.00,,,
CashflowShareCapitalCash_sy,,,,,,,-100.00,,,,,,,,,,,,,,-9.00,,-100.00,-18.75,,,,,,,,-100.00,,,-78.46,,,,,,,,,,,,-100.00,-100.00,,,
CashflowShareCapitalCash_qq,,,,-100.00,,,,,,,,,,,,,,100.00,,-92.02,-100.00,,,,,,,,-100.00,,,-100.00,,,,-100.00,,,,,,,,100.21,-100.00,,,,,100.00,
CashflowShareCapitalCash_sq,,,,-100.00,,,,,,,,,,,,,,-61.11,,-92.02,-100.00,,,,,,,,47.00,,,-77.54,,,,-44.50,,,,,,,,-100.00,,,,,,-100.00,
CashflowDividend,,,,0,,,,1165000,,,,,,328000,-328000,0,,,438000,25000,,,,,,,,,,,,,,,,,,,,,,,,,,,,,,,
CashflowDividend_yy,,,,,,,,,,,,-100.00,,,,,,-100.00,233.54,,,,-100.00,-100.00,,,,,,,,,,,,,,,,,,,,,,,,,,,
CashflowDividend_sy,,,,,,,,,,,,-100.00,,,,,,-71.90,72.41,,,,-100.00,,,,,,,,,,,,,,,,,,,,,,,,,,,,
CashflowDividend_qq,,,,,,,,,-100.00,,,,,,-200.00,100.00,,,,-94.29,-100.00,,,,,,,,,,,,,,,,,,,,,,,,,,,,,,
CashflowDividend_sq,,,,,,,,,-100.00,,,,,,-150.00,-100.00,,,,-97.15,,,,,,,,,,,,,,,,,,,,,,,,,,,,,,,
CashflowNetCashflow,-5958000,6819000,-4526000,38720000,-17800000,38482000,-108601000,25341000,-16425000,20227000,8314000,-66279000,4470000,-3012000,-10000,3528000,1141000,-1881000,2384000,-5532000,22000,522000,29000,-2132000,-8000,-600000,-1627000,4643000,-1251000,-2395000,551000,303000,-8620000,37603000,-10601000,-8620000,-894000,410000,-249000,-240000,410000,1083000,-1082000,-4000,48000,-15000,414000,-407000,168000,82000,-107000
CashflowNetCashflow_yy,,,,,-198.76,464.33,-2299.49,-34.55,7.72,-47.44,107.66,-361.55,127.21,-114.89,-100.12,105.32,-74.47,37.55,23940.00,-256.80,-98.07,127.75,-98.78,61.46,-136.36,-214.94,-5710.34,317.78,-15537.50,-299.17,133.87,-93.47,-589.05,1670.06,-2023.96,-2944.88,89.63,-98.91,97.65,97.22,145.86,164.15,,,,-101.39,138.26,-10075.00,250.00,646.67,-125.85
CashflowNetCashflow_sy,,,,,-65.79,404.79,-27.25,136.90,7.72,-135.11,-105.30,-103.38,-97.00,-91.09,59.65,101.45,-69.90,86.66,68.41,25.54,-14.99,54.92,-55.36,153.46,-81.31,56.92,-94.63,108.50,52.99,33.46,60.47,-73.41,7.95,13.38,24.98,12.82,-88.46,52.55,-80.62,89.50,19.93,-121.38,,,,66.73,22.04,-12.26,-23.20,89.93,-5.51
CashflowNetCashflow_qq,,214.45,-166.37,955.50,-145.97,316.19,-382.21,123.33,-164.82,223.15,-58.90,-897.20,106.74,-167.38,99.67,35380.00,-67.66,-264.86,226.74,-332.05,100.40,2272.73,-94.44,-7451.72,99.62,-7400.00,-171.17,385.37,-126.94,-91.45,123.01,-45.01,-2944.88,536.23,-128.19,18.69,89.63,145.86,-160.73,3.61,270.83,,-199.91,99.63,1300.00,-131.25,2860.00,-198.31,141.28,-51.19,-230.49
CashflowNetCashflow_sq,,-31.01,96.96,13.09,-109.82,149.35,-99.01,150.93,-151.75,68.42,-32.71,-93.86,42.32,-79.01,37.56,166.14,-21.86,100.88,62.42,102.72,52.98,94.65,2.36,46.29,-100.00,66.23,-123.04,138.90,-45.05,1.59,33.26,100.06,37.90,20.24,23.04,92.43,36.00,64.39,44.17,3.61,-20.38,,129.72,-85.10,87.14,66.03,91.16,-135.74,92.20,23.53,41.30
