,2009/Q3,2009/Q4,2010/Q1,2010/Q2,2010/Q3,2010/Q4,2011/Q1,2011/Q2,2011/Q3,2011/Q4,2012/Q1,2012/Q2,2012/Q3,2012/Q4,2013/Q1,2013/Q2,2013/Q3,2013/Q4,2014/Q1,2014/Q2,2014/Q3,2014/Q4,2015/Q1,2015/Q2,2015/Q3,2015/Q4,2016/Q1,2016/Q2,2016/Q3,2016/Q4,2017/Q1,2017/Q2,2017/Q3,2017/Q4,2018/Q1,2018/Q2
IncomeRevenues,514716000,748017000,537383000,550812000,676835000,965240000,716289000,499808000,678549000,1066943000,759952000,741591000,892003000,1299526000,1089239000,1096025000,1212195000,1425009000,1169365000,1390575000,1374961000,1638529000,1346474000,998492000,1020940000,1490358000,1036387000,1187507000,1091343000,1611500000,994779000,919257000,1117257000,1604001000,1046047000,947815000
IncomeRevenues_yy,,,,,31.50,29.04,33.29,-9.26,0.25,10.54,6.10,48.38,31.46,21.80,43.33,47.79,35.90,9.66,7.36,26.87,13.43,14.98,15.15,-28.20,-25.75,-9.04,-23.03,18.93,6.90,8.13,-4.01,-22.59,2.37,-0.47,5.15,3.11
IncomeRevenues_sy,,,,,22.40,22.36,22.16,17.24,11.98,14.00,9.18,0.09,-8.34,-5.27,-4.38,6.22,8.31,3.77,5.62,8.90,6.14,0.94,11.28,1.79,2.12,-1.20,-5.84,8.04,12.38,8.14,11.60,8.36,12.03,12.08,7.52,16.57
IncomeRevenues_qq,,45.33,-28.16,2.50,22.88,42.61,-25.79,-30.22,35.76,57.24,-28.77,-2.42,20.28,45.69,-16.18,0.62,10.60,17.56,-17.94,18.92,-1.12,19.17,-17.82,-25.84,2.25,45.98,-30.46,14.58,-8.10,47.66,-38.27,-7.59,21.54,43.57,-34.79,-9.39
IncomeRevenues_sq,,-1.90,-4.70,19.34,10.57,-2.23,1.00,10.57,4.87,-1.28,-6.65,4.06,5.76,-3.59,-9.28,12.36,1.39,-6.83,-2.51,13.88,2.34,-7.27,3.76,6.32,-0.38,-3.70,-4.04,15.77,-0.34,-0.14,-4.55,4.54,4.73,1.58,1.11,2.19
IncomeCostOfSales,490226000,693843000,506722000,513845000,633896000,903443000,669903000,471733000,637805000,995796000,715649000,705524000,854817000,1233256000,1042458000,1044335000,1158153000,1350998000,1119607000,1317162000,1307950000,1557015000,1281114000,934568000,968874000,1403478000,980885000,1129457000,1029563000,1525972000,936260000,867749000,1040279000,1507384000,985824000,901366000
IncomeCostOfSales_yy,,,,,29.31,30.21,32.20,-8.20,0.62,10.22,6.83,49.56,34.02,23.85,45.67,48.02,35.49,9.55,7.40,26.12,12.93,15.25,14.43,-29.05,-25.92,-9.86,-23.43,20.85,6.26,8.73,-4.55,-23.17,1.04,-1.22,5.29,3.87
IncomeCostOfSales_sy,,,,,28.80,24.18,24.08,18.13,10.44,14.31,10.64,7.20,0.63,0.11,2.26,7.05,6.71,4.68,4.51,2.38,4.28,-0.79,7.99,-2.17,1.30,-6.12,-8.28,3.21,6.26,7.27,12.24,8.23,13.10,9.74,5.60,12.01
IncomeCostOfSales_qq,,41.54,-26.97,1.41,23.36,42.52,-25.85,-29.58,35.20,56.13,-28.13,-1.41,21.16,44.27,-15.47,0.18,10.90,16.65,-17.13,17.65,-0.70,19.04,-17.72,-27.05,3.67,44.86,-30.11,15.15,-8.84,48.22,-38.65,-7.32,19.88,44.90,-34.60,-8.57
IncomeCostOfSales_sq,,-3.17,-2.20,19.51,11.69,-4.29,9.51,11.78,4.29,3.66,-10.64,5.26,0.32,-3.28,-9.54,12.90,1.64,-6.02,-6.07,9.36,-1.31,-7.99,-4.06,13.07,-0.62,-2.09,-4.52,16.79,-2.36,1.22,-2.07,8.59,4.03,1.08,-3.30,1.98
IncomeDistributionExpenses,20954000,30482000,20763000,24171000,23881000,32965000,29379000,20771000,26409000,34853000,26578000,24088000,24826000,33132000,25770000,29406000,28072000,36437000,32139000,40947000,47097000,52159000,37804000,38177000,35738000,53960000,42433000,43551000,47276000,57396000,43681000,35674000,51464000,55538000,42863000,34349000
IncomeDistributionExpenses_yy,,,,,13.97,8.15,41.50,-14.07,10.59,5.73,-9.53,15.97,-5.99,-4.94,-3.04,22.08,13.08,9.98,24.71,39.25,67.77,43.15,17.63,-6.76,-24.12,3.45,12.24,14.08,32.28,6.37,2.94,-18.09,8.86,-3.24,-1.87,-3.71
IncomeDistributionExpenses_sy,,,,,9.58,14.40,11.30,8.85,11.84,9.40,6.16,0.93,3.41,-3.02,-0.92,5.94,-7.61,7.77,8.57,2.63,4.82,-9.52,7.60,2.00,3.23,3.45,2.10,9.36,10.96,6.37,14.85,6.40,11.86,7.76,6.14,8.75
IncomeDistributionExpenses_qq,,45.47,-31.88,16.41,-1.20,38.04,-10.88,-29.30,27.14,31.97,-23.74,-9.37,3.06,33.46,-22.22,14.11,-4.54,29.80,-11.80,27.41,15.02,10.75,-27.52,0.99,-6.39,50.99,-21.36,2.63,8.55,21.41,-23.90,-18.33,44.26,7.92,-22.82,-19.86
IncomeDistributionExpenses_sq,,10.04,-6.24,10.42,-1.20,11.12,-10.88,13.03,2.47,4.11,-5.24,5.06,3.54,7.16,-11.58,16.98,-2.29,13.32,-17.22,10.48,-1.22,6.02,-5.97,9.17,-2.10,10.77,-13.19,14.32,-1.93,2.36,-2.37,8.41,-0.42,2.06,-6.48,5.42
IncomeAdministrativExpenses,4462000,6117000,4688000,3915000,5278000,6793000,5534000,3967000,5406000,5757000,5460000,6041000,5766000,6955000,6707000,9511000,8368000,6764000,8183000,9756000,10907000,7976000,8857000,5995000,8053000,10701000,8726000,9190000,9089000,10762000,10149000,10368000,10143000,14710000,10605000,12623000
IncomeAdministrativExpenses_yy,,,,,18.29,11.05,18.05,1.33,2.43,-15.25,-1.34,52.28,6.66,20.81,22.84,57.44,45.13,-2.75,22.01,2.58,30.34,17.92,8.24,-38.55,-26.17,34.16,-1.48,53.29,12.86,0.57,16.31,12.82,11.60,36.68,4.49,21.75
IncomeAdministrativExpenses_sy,,,,,9.22,8.25,10.69,2.95,6.12,-17.24,3.96,3.35,-9.08,8.32,-4.49,1.83,1.50,5.66,1.27,1.95,14.90,1.18,8.79,2.57,1.27,2.17,0.88,0.76,5.16,5.96,6.23,-0.10,3.89,13.73,11.22,15.94
IncomeAdministrativExpenses_qq,,37.09,-23.36,-16.49,34.81,28.70,-18.53,-28.32,36.27,6.49,-5.16,10.64,-4.55,20.62,-3.57,41.81,-12.02,-19.17,20.98,19.22,11.80,-26.87,11.05,-32.31,34.33,32.88,-18.46,5.32,-1.10,18.41,-5.70,2.16,-2.17,45.03,-27.91,19.03
IncomeAdministrativExpenses_sq,,5.98,-9.80,4.18,-1.78,14.36,-17.61,2.25,-0.66,6.66,-3.28,-1.72,-4.83,13.23,-4.65,8.84,-7.99,8.74,-9.49,10.77,0.41,6.04,-8.14,7.57,-9.02,9.18,-7.02,17.36,-2.94,12.72,-6.74,3.76,-1.15,21.20,-11.26,2.98
IncomeGrossProfit,-926000,17575000,5210000,8881000,13780000,22039000,11473000,3337000,8929000,30537000,12265000,5938000,6594000,26183000,14304000,12773000,17602000,30810000,9436000,22710000,9007000,21379000,18699000,19752000,8275000,22219000,4343000,5309000,5415000,17370000,4689000,5466000,15371000,26369000,6755000,-523000
IncomeGrossProfit_yy,,,,,1588.12,25.40,120.21,-62.43,-35.20,38.56,6.90,77.94,-26.15,-14.26,16.62,115.11,166.94,17.67,-34.03,77.80,-48.83,-30.61,98.17,-13.03,-8.13,3.93,-76.77,-73.12,-34.56,-21.82,7.97,2.96,183.86,51.81,44.06,-109.57
IncomeGrossProfit_sy,,,,,32.30,58.18,66.09,-9.72,12.85,15.02,-22.45,-23.84,-21.92,-18.88,-8.84,33.08,36.97,11.89,9.54,4.86,6.27,-26.46,-2.77,2.96,-1.50,3.02,11.53,27.44,38.26,5.98,20.60,-9.84,13.58,11.44,15.14,29.60
IncomeGrossProfit_qq,,1997.95,-70.36,70.46,55.16,59.93,-47.94,-70.91,167.58,242.00,-59.84,-51.59,11.05,297.07,-45.37,-10.70,37.81,75.04,-69.37,140.67,-60.34,137.36,-12.54,5.63,-58.11,168.51,-80.45,22.24,2.00,220.78,-73.01,16.57,181.21,71.55,-74.38,-107.74
IncomeGrossProfit_sq,,-20.59,15.72,69.66,1.03,-6.63,10.51,-6.37,19.84,-15.51,-12.90,-11.22,9.82,-7.71,-11.63,44.40,0.50,-22.93,-16.42,42.94,-6.29,-31.34,11.08,43.56,1.43,-44.11,58.25,79.28,-28.24,-25.87,36.57,4.97,32.92,32.29,-6.18,-22.07
IncomeOtherOperatingIncome,-670000,331000,4264000,34000,651000,551000,1629000,-25000,1370000,1384000,408000,1174000,2248000,1166000,2111000,2136000,1551000,-3140000,2835000,-232000,-1094000,1849000,679000,529000,570000,885000,7389000,1083000,1248000,-581000,1233000,2720000,-46000,-216000,307000,1353000
IncomeOtherOperatingIncome_yy,,,,,197.16,66.47,-61.80,-173.53,110.45,151.18,-74.95,4796.00,64.09,-15.75,417.40,81.94,-31.01,-369.30,34.30,-110.86,-170.54,158.89,-76.05,328.02,152.10,-52.14,988.22,104.73,118.95,-165.65,-83.31,151.15,-103.69,62.82,-75.10,-50.26
IncomeOtherOperatingIncome_sy,,,,,78.04,-31.41,15.69,3.38,4.04,14.66,-6.29,-24.66,-2.48,43.71,-3.27,81.94,34.84,30.93,-26.76,-26.27,-10.84,32.67,10.54,-1.36,-3.60,-31.53,36.36,21.54,8.54,-42.73,16.70,8.71,19.78,-17.84,-30.17,-12.96
IncomeOtherOperatingIncome_qq,,149.40,1188.22,-99.20,1814.71,-15.36,195.64,-101.53,5580.00,1.02,-70.52,187.75,91.48,-48.13,81.05,1.18,-27.39,-302.45,190.29,-108.18,-371.55,269.01,-63.28,-22.09,7.75,55.26,734.92,-85.34,15.24,-146.55,312.22,120.60,-101.69,-369.57,242.13,340.72
IncomeOtherOperatingIncome_sq,,190.59,-50.72,51.96,-5.48,43.74,-21.34,44.34,-7.78,48.44,-15.32,0.09,17.10,60.38,-0.08,-2.86,-44.01,65.25,-29.75,-1.61,-22.39,53.32,-58.02,-16.36,28.52,31.76,21.79,-14.98,-2.28,9.73,-13.60,76.40,-16.14,-60.65,69.54,25.48
IncomeOtherOperatingCosts,-6159000,-4639000,546000,933000,214000,690000,134000,116000,-64000,328000,395000,-198000,143000,82000,104000,554000,247000,84000,68000,570000,443000,4261000,1663000,259000,727000,2445000,278000,524000,355000,2614000,434000,1028000,1022000,301000,887000,7895000
IncomeOtherOperatingCosts_yy,,,,,103.47,114.87,-75.46,-87.57,-129.91,-52.46,194.78,-270.69,323.44,-75.00,-73.67,379.80,72.73,2.44,-34.62,2.89,79.35,4972.62,2345.59,-54.56,64.11,-42.62,-83.28,102.32,-51.17,6.91,56.12,96.18,187.89,-88.49,104.38,668.00
IncomeOtherOperatingCosts_sy,,,,,-24.78,37.97,-32.89,-25.71,10.78,0.88,51.95,-23.93,28.61,2.58,-9.96,130.09,-18.91,-11.87,-0.81,-31.90,30.37,-19.22,19.47,-5.28,31.67,16.82,-32.23,-17.75,26.54,-6.35,25.00,-18.42,-28.80,-39.11,-47.62,44.29
IncomeOtherOperatingCosts_qq,,24.68,111.77,70.88,-77.06,222.43,-80.58,-13.43,-155.17,612.50,20.43,-150.13,172.22,-42.66,26.83,432.69,-55.42,-65.99,-19.05,738.24,-22.28,861.85,-60.97,-84.43,180.69,236.31,-88.63,88.49,-32.25,636.34,-83.40,136.87,-0.58,-70.55,194.68,790.08
IncomeOtherOperatingCosts_sq,,24.68,-39.76,70.88,-62.54,128.40,-48.48,25.49,-27.12,84.06,-32.09,13.67,2.36,50.30,-55.88,87.44,-42.58,135.51,-61.52,46.23,-16.03,43.20,-45.08,8.97,-10.64,101.39,-72.28,71.95,-10.61,104.91,-67.44,20.64,9.74,65.76,-74.42,192.93
IncomeEBIT,4563000,22545000,8928000,7982000,14217000,21900000,12968000,3196000,10363000,31593000,12278000,7310000,8699000,27267000,16311000,14355000,18906000,27586000,12203000,21908000,7470000,18967000,17715000,20022000,8118000,20659000,11454000,5868000,6308000,14175000,5488000,7158000,14303000,25852000,6175000,-7065000
IncomeEBIT_yy,,,,,211.57,-2.86,45.25,-59.96,-27.11,44.26,-5.32,128.72,-16.06,-13.69,32.85,96.37,117.34,1.17,-25.19,52.62,-60.49,-31.24,45.17,-8.61,8.67,8.92,-35.34,-70.69,-22.30,-31.39,-52.09,21.98,126.74,82.38,12.52,-198.70
IncomeEBIT_sy,,,,,12.79,75.22,59.88,-1.50,5.89,14.60,-5.32,0.70,-16.71,-7.16,-25.22,38.93,41.21,9.77,12.79,5.48,9.18,-23.53,-8.08,-0.84,2.84,-0.08,25.36,32.90,28.51,22.30,26.46,-0.78,16.31,11.46,14.90,20.73
IncomeEBIT_qq,,394.08,-60.40,-10.60,78.11,54.04,-40.79,-75.35,224.25,204.86,-61.14,-40.46,19.00,213.45,-40.18,-11.99,31.70,45.91,-55.76,79.53,-65.90,153.91,-6.60,13.02,-59.45,154.48,-44.56,-48.77,7.50,124.71,-61.28,30.43,99.82,80.75,-76.11,-214.41
IncomeEBIT_sq,,-51.47,14.92,46.52,54.14,9.89,21.89,-20.31,24.06,-7.38,-14.90,-15.91,7.98,4.30,-14.25,54.34,-2.36,-27.97,0.27,27.20,7.22,-32.56,-2.60,37.80,8.42,-41.22,80.38,102.79,-23.40,-11.97,28.02,-7.79,33.37,-16.69,10.89,8.64
IncomeFinanceIncome,26000,94000,8000,965000,287000,4595000,9097000,-2000,0,380000,2000,1000,0,2000,8000,2122000,6000,10000,10000,18000,74000,31000,17000,122000,-53000,-6000,5000,2000,3000,126000,103000,8000,2000,3364000,4000,107000
IncomeFinanceIncome_yy,,,,,1003.85,4788.30,113612.50,-100.21,-100.00,-91.73,-99.98,150.00,,-99.47,300.00,212100.00,,400.00,25.00,-99.15,1133.33,210.00,70.00,577.78,-171.62,-119.35,-70.59,-98.36,105.66,2200.00,1960.00,300.00,-33.33,2569.84,-96.12,1237.50
IncomeFinanceIncome_sy,,,,,-38.72,61.55,4.86,6.36,60.40,-24.80,33.99,16.49,,34.09,-35.36,34.40,,-4.98,-13.05,-32.74,-5.64,-2.16,29.36,-30.41,-46.58,-6.64,,29.77,36.54,-15.18,11.68,-40.00,-37.30,-22.61,-9.48,40.49
IncomeFinanceIncome_qq,,261.54,-91.49,11962.50,-70.26,1501.05,97.98,-100.02,100.00,,-99.47,-50.00,-100.00,,300.00,26425.00,-99.72,66.67,,80.00,311.11,-58.11,-45.16,617.65,-143.44,88.68,183.33,-60.00,50.00,4100.00,-18.25,-92.23,-75.00,168100.00,-99.88,2575.00
IncomeFinanceIncome_sq,,142.89,13.43,-44.08,38.50,230.11,13.58,13.40,5.04,,15.00,-6.52,,,-29.42,-2.10,6.50,14.18,,49.96,0.49,-5.15,-24.68,-10.65,9.52,159.09,-1.25,70.45,-12.56,70.10,-17.76,-24.32,-3.24,37.50,-19.81,6.46
IncomeFinanceCosts,2275000,6612000,2874000,2235000,1931000,3270000,4530000,1394000,1992000,20590000,3219000,3116000,2407000,2644000,2743000,3034000,2311000,3194000,2865000,2831000,3158000,3240000,1912000,2053000,1522000,1935000,1897000,1962000,2146000,9703000,2457000,2095000,2218000,3149000,2603000,2355000
IncomeFinanceCosts_yy,,,,,-15.12,-50.54,57.62,-37.63,3.16,529.66,-28.94,123.53,20.83,-87.16,-14.79,-2.63,-3.99,20.80,4.45,-6.69,36.65,1.44,-33.26,-27.48,-51.80,-40.28,-0.78,-4.43,41.00,401.45,29.52,6.78,3.36,-67.55,5.94,12.41
IncomeFinanceCosts_sy,,,,,10.24,32.68,41.07,21.01,47.62,2.62,7.75,13.09,21.81,-2.36,-16.90,-23.41,-50.59,-21.09,-26.40,-12.18,14.48,0.16,4.41,-3.73,-22.71,-14.65,0.71,8.40,7.74,18.00,28.38,5.38,24.76,8.84,4.56,9.74
IncomeFinanceCosts_qq,,190.64,-56.53,-22.23,-13.60,69.34,38.53,-69.23,42.90,933.63,-84.37,-3.20,-22.75,9.85,3.74,10.61,-23.83,38.21,-10.30,-1.19,11.55,2.60,-40.99,7.37,-25.86,27.14,-1.96,3.43,9.38,352.14,-74.68,-14.73,5.87,41.97,-17.34,-9.53
IncomeFinanceCosts_sq,,9.04,-20.10,8.93,3.53,53.77,0.25,3.90,1.52,-5.22,-2.09,8.21,4.28,-1.60,-20.38,-0.39,-23.13,27.84,-11.80,14.41,3.92,14.81,-14.28,4.27,-13.78,30.10,-5.58,13.26,3.68,40.11,-13.54,-0.49,-2.00,6.25,-17.34,0.84
IncomeOtherIncome,,,,,,,,,,,,,,,,,,,,,,,,,,,,,,,,,,,,
IncomeOtherIncome_yy,,,,,,,,,,,,,,,,,,,,,,,,,,,,,,,,,,,,
IncomeOtherIncome_sy,,,,,,,,,,,,,,,,,,,,,,,,,,,,,,,,,,,,
IncomeOtherIncome_qq,,,,,,,,,,,,,,,,,,,,,,,,,,,,,,,,,,,,
IncomeOtherIncome_sq,,,,,,,,,,,,,,,,,,,,,,,,,,,,,,,,,,,,
IncomeNetGrossProfit,2314000,16027000,6062000,6712000,12573000,23225000,17535000,1800000,8371000,11383000,9061000,4195000,6292000,24625000,13576000,13443000,16601000,24402000,9348000,19095000,4386000,15758000,15820000,18091000,6543000,18718000,9562000,3908000,4165000,4598000,3134000,5071000,12087000,26067000,3576000,-9313000
IncomeNetGrossProfit_yy,,,,,443.34,44.91,189.26,-73.18,-33.42,-50.99,-48.33,133.06,-24.84,116.33,49.83,220.45,163.84,-0.91,-31.14,42.04,-73.58,-35.42,69.23,-5.26,49.18,18.78,-39.56,-78.40,-36.34,-75.44,-67.22,29.76,190.20,466.92,14.10,-283.65
IncomeNetGrossProfit_sy,,,,,37.88,62.92,33.21,-3.48,-0.92,14.29,-20.52,4.94,-27.05,-19.83,-25.68,51.83,48.03,14.46,27.02,7.34,5.37,0.39,-2.82,-1.10,-4.04,11.82,11.88,33.92,28.38,15.10,21.26,-5.90,11.44,21.44,9.28,28.44
IncomeNetGrossProfit_qq,,592.61,-62.18,10.72,87.32,84.72,-24.50,-89.73,365.06,35.98,-20.40,-53.70,49.99,291.37,-44.87,-0.98,23.49,46.99,-61.69,104.27,-77.03,259.28,0.39,14.36,-63.83,186.08,-48.92,-59.13,6.58,10.40,-31.84,61.81,138.36,115.66,-86.28,-360.43
IncomeNetGrossProfit_sq,,-46.50,3.62,3.12,87.32,-21.56,2.31,-17.34,23.06,-8.26,-15.66,-47.13,18.82,29.57,-27.21,59.54,12.68,-38.01,0.32,28.20,4.59,-34.46,64.96,31.20,13.54,-2.98,32.55,74.34,-9.46,-55.36,43.69,-14.44,40.41,-25.99,18.02,-25.58
IncomeExtraordinarProfit,,,,,,,,,,,,,,,,,,,,,,,,,,,,,,,,,,,,
IncomeExtraordinarProfit_yy,,,,,,,,,,,,,,,,,,,,,,,,,,,,,,,,,,,,
IncomeExtraordinarProfit_sy,,,,,,,,,,,,,,,,,,,,,,,,,,,,,,,,,,,,
IncomeExtraordinarProfit_qq,,,,,,,,,,,,,,,,,,,,,,,,,,,,,,,,,,,,
IncomeExtraordinarProfit_sq,,,,,,,,,,,,,,,,,,,,,,,,,,,,,,,,,,,,
IncomeBeforeTaxProfit,2314000,16027000,6062000,6712000,12573000,23225000,17535000,1800000,8371000,11383000,9061000,4195000,6292000,24625000,13576000,13443000,16601000,24402000,9348000,19095000,4386000,15758000,15820000,18091000,6543000,18718000,9562000,3908000,4165000,4598000,3134000,5071000,12087000,26067000,3576000,-9313000
IncomeBeforeTaxProfit_yy,,,,,443.34,44.91,189.26,-73.18,-33.42,-50.99,-48.33,133.06,-24.84,116.33,49.83,220.45,163.84,-0.91,-31.14,42.04,-73.58,-35.42,69.23,-5.26,49.18,18.78,-39.56,-78.40,-36.34,-75.44,-67.22,29.76,190.20,466.92,14.10,-283.65
IncomeBeforeTaxProfit_sy,,,,,37.88,62.92,33.21,-3.48,-0.92,14.29,-20.52,4.94,-27.05,-19.83,-25.68,51.83,48.03,14.46,27.02,7.34,5.44,0.39,-2.82,-1.10,-4.04,11.82,11.88,33.92,28.38,15.10,21.26,-5.90,11.44,21.44,9.28,28.44
IncomeBeforeTaxProfit_qq,,592.61,-62.18,10.72,87.32,84.72,-24.50,-89.73,365.06,35.98,-20.40,-53.70,49.99,291.37,-44.87,-0.98,23.49,46.99,-61.69,104.27,-77.03,259.28,0.39,14.36,-63.83,186.08,-48.92,-59.13,6.58,10.40,-31.84,61.81,138.36,115.66,-86.28,-360.43
IncomeBeforeTaxProfit_sq,,-46.50,3.62,3.12,87.32,-21.56,2.31,-17.34,23.06,-8.26,-15.66,-47.13,18.82,29.57,-27.21,59.54,12.68,-38.01,0.32,28.20,4.59,-34.46,64.96,31.20,13.54,-2.98,32.55,74.34,-9.46,-55.36,43.69,-14.44,40.41,-25.99,18.02,-25.58
IncomeDiscontinuedProfit,,,,,,,,,1544000,-2592000,-861000,-3280000,0,0,,,,50000,,,,,,,,,,,,,,,,,,
IncomeDiscontinuedProfit_yy,,,,,,,,,,,,,-100.00,100.00,100.00,100.00,,,,,,-100.00,,,,,,,,,,,,,,
IncomeDiscontinuedProfit_sy,,,,,,,,,,,,,-100.00,100.00,100.00,100.00,,,,,,-100.00,,,,,,,,,,,,,,
IncomeDiscontinuedProfit_qq,,,,,,,,,,-267.88,66.78,-280.95,100.00,,,,,,-100.00,,,,,,,,,,,,,,,,,
IncomeDiscontinuedProfit_sq,,,,,,,,,,-183.94,83.39,-280.95,100.00,,,,,,-100.00,,,,,,,,,,,,,,,,,
IncomeNetProfit,1767000,11556000,5040000,5844000,9735000,18740000,14704000,3197000,6004000,26678000,6366000,176000,5024000,19508000,10962000,14319000,14197000,19707000,6814000,11162000,1985000,13321000,12917000,13925000,4958000,15038000,7298000,2949000,2855000,4112000,1446000,3309000,9249000,11408000,2307000,-9663000
IncomeNetProfit_yy,,,,,450.93,62.17,191.75,-45.29,-38.33,42.36,-56.71,-94.49,-16.32,-26.88,72.20,8035.80,182.58,1.02,-37.84,-22.05,-86.02,-32.40,89.57,24.75,149.77,12.89,-43.50,-78.82,-42.42,-72.66,-80.19,12.21,223.96,177.43,59.54,-392.02
IncomeNetProfit_sy,,,,,28.74,70.91,71.54,-0.23,-2.62,36.63,-24.14,0.17,-20.89,-27.57,-22.78,51.20,50.55,22.92,18.34,6.84,6.53,6.47,-12.53,-3.82,12.36,0.66,14.68,36.74,12.40,13.33,40.99,8.45,9.12,20.56,12.43,29.49
IncomeNetProfit_qq,,553.99,-56.39,15.95,66.58,92.50,-21.54,-78.26,87.80,344.34,-76.14,-97.24,2754.55,288.30,-43.81,30.62,-0.85,38.81,-65.42,63.81,-82.22,571.08,-3.03,7.80,-64.39,203.31,-51.47,-59.59,-3.19,44.03,-64.83,128.84,179.51,23.34,-79.78,-518.86
IncomeNetProfit_sq,,-43.54,1.66,18.30,52.95,-13.40,5.24,-23.06,24.25,-5.18,-12.14,-44.77,18.18,24.74,-25.16,59.34,1.94,-40.89,-7.94,45.56,4.54,-18.41,27.76,32.07,15.08,-43.90,52.22,96.23,-6.85,-34.98,37.55,-21.42,41.93,-29.52,27.89,-20.90
IncomeShareholderNetProfit,1767000,11556000,5040000,5844000,9735000,17785000,13706000,4195000,6004000,26678000,6366000,176000,5024000,19508000,10962000,14319000,14197000,19707000,6814000,11162000,1985000,13321000,12917000,13925000,4958000,15038000,7298000,2949000,2855000,4033000,1568000,3588000,8848000,11972000,2450000,-9476000
IncomeShareholderNetProfit_yy,,,,,450.93,53.90,171.94,-28.22,-38.33,50.00,-53.55,-95.80,-16.32,-26.88,72.20,8035.80,182.58,1.02,-37.84,-22.05,-86.02,-32.40,89.57,24.75,149.77,12.89,-43.50,-78.82,-42.42,-73.18,-78.51,21.67,209.91,196.85,56.25,-364.10
IncomeShareholderNetProfit_sy,,,,,29.68,66.78,46.46,5.38,-2.58,36.43,-27.81,-11.23,-20.82,-26.80,-23.78,51.20,48.83,15.13,18.36,6.08,2.78,5.34,-12.57,-3.02,23.33,6.05,9.51,36.74,12.40,13.33,41.01,7.36,9.12,21.49,12.43,29.49
IncomeShareholderNetProfit_qq,,553.99,-56.39,15.95,66.58,82.69,-22.94,-69.39,43.12,344.34,-76.14,-97.24,2754.55,288.30,-43.81,30.62,-0.85,38.81,-65.42,63.81,-82.22,571.08,-3.03,7.80,-64.39,203.31,-51.47,-59.59,-3.19,41.26,-61.12,128.83,146.60,35.31,-79.54,-486.78
IncomeShareholderNetProfit_sq,,-43.44,1.73,18.30,66.58,-13.40,3.47,-23.52,25.32,-5.93,-19.61,-45.90,18.18,25.48,-30.70,59.33,7.72,-41.78,-8.52,45.56,5.19,-19.60,27.76,32.07,15.45,-34.79,55.37,91.05,-6.85,-36.14,35.69,-18.72,41.93,-34.04,23.20,-22.37
BalanceNoncurrentAssets,,56503000,54648000,54293000,,68475000,69829000,69127000,,77402000,76459000,75599000,73679000,72754000,74797000,80928000,74812000,74544000,74113000,73902000,75578000,77463000,75195000,75976000,75557000,73136000,76672000,79501000,83554000,107912000,105892000,107200000,103217000,100380000,99774000,100391000
BalanceNoncurrentAssets_yy,,,,,,21.19,27.78,27.32,,13.04,9.49,9.36,,-6.01,-2.17,7.05,1.54,2.46,-0.91,-8.68,1.02,3.92,1.46,2.81,-0.03,-5.59,1.96,4.64,10.58,47.55,38.11,34.84,23.53,-6.98,-5.78,-6.35
BalanceNoncurrentAssets_sy,,,,,,2.33,7.37,5.14,,8.76,7.78,5.35,,-0.82,-1.19,-1.32,-1.87,0.59,-0.06,-3.12,0.92,2.22,1.70,4.94,3.21,7.30,5.74,4.72,5.26,2.70,1.08,0.39,1.56,2.25,0.48,0.48
BalanceNoncurrentAssets_qq,,,-3.28,-0.65,-100.00,,1.98,-1.01,-100.00,,-1.22,-1.12,-2.54,-1.26,2.81,8.20,-7.56,-0.36,-0.58,-0.28,2.27,2.49,-2.93,1.04,-0.55,-3.20,4.83,3.69,5.10,29.15,-1.87,1.24,-3.72,-2.75,-0.60,0.62
BalanceNoncurrentAssets_sq,,,-0.82,0.04,-100.00,,-0.30,2.08,-100.00,,-1.22,-0.88,-0.90,-1.01,-0.59,0.34,-0.70,-0.32,-0.22,0.66,1.30,0.52,0.56,0.72,1.65,2.00,0.96,0.76,-0.28,-0.34,-0.62,0.20,-0.66,-0.03,-0.13,0.62
BalanceIntangibleAssets,,43008000,42646000,42285000,,57118000,57545000,56682000,,44957000,44313000,43854000,43188000,42953000,42895000,43368000,43075000,42825000,43387000,45415000,45786000,46117000,45412000,46201000,46230000,46205000,46058000,47212000,47644000,72352000,71294000,72530000,73941000,75983000,76909000,77436000
BalanceIntangibleAssets_yy,,,,,,32.81,34.94,34.05,,-21.29,-22.99,-22.63,,-4.46,-3.20,-1.11,-0.26,-0.30,1.15,4.72,6.29,7.69,4.67,1.73,0.97,0.19,1.42,2.19,3.06,56.59,54.79,53.63,55.19,5.02,7.88,6.76
BalanceIntangibleAssets_sy,,,,,,0.75,-0.07,-0.07,,-0.82,-1.58,-1.34,,-0.99,-0.72,-1.16,-2.43,-1.84,-2.28,-0.10,-0.07,0.08,0.63,2.14,0.49,3.20,4.00,2.10,2.32,-0.06,-0.18,-0.87,-0.04,0.15,0.01,0.28
BalanceIntangibleAssets_qq,,,-0.84,-0.85,-100.00,,0.75,-1.50,-100.00,,-1.43,-1.04,-1.52,-0.54,-0.14,1.10,-0.68,-0.58,1.31,4.67,0.82,0.72,-1.53,1.74,0.06,-0.05,-0.32,2.51,0.92,51.86,-1.46,1.73,1.95,2.76,1.22,0.69
BalanceIntangibleAssets_sq,,,-0.04,-0.85,-100.00,,-0.32,-0.90,-100.00,,-1.56,-0.07,-1.52,-0.23,-0.63,-0.53,-0.67,-0.56,-0.78,1.44,-0.02,-0.07,-0.08,1.34,,1.34,-0.28,-0.03,-0.10,-0.08,-0.15,-0.03,0.01,0.47,-0.24,-0.15
BalanceProperty,,5774000,5342000,5258000,,6372000,6406000,6602000,,6000000,5548000,4640000,4418000,4765000,4957000,4608000,4593000,4820000,4853000,4953000,5127000,5568000,5092000,4549000,4190000,4759000,4443000,4238000,5344000,10229000,9878000,9556000,9728000,12896000,12030000,11113000
BalanceProperty_yy,,,,,,10.36,19.92,25.56,,-5.84,-13.39,-29.72,,-20.58,-10.65,-0.69,3.96,1.15,-2.10,7.49,11.63,15.52,4.92,-8.16,-18.28,-14.53,-12.75,-6.84,27.54,114.94,122.33,125.48,82.04,26.07,21.79,16.29
BalanceProperty_sy,,,,,,2.99,3.64,10.23,,1.06,4.23,2.56,,-3.84,-3.98,-4.37,-3.48,-2.89,-1.77,-0.54,1.16,2.94,4.83,4.53,6.00,5.34,3.10,1.82,1.40,2.26,2.82,1.26,1.38,3.29,3.80,2.18
BalanceProperty_qq,,,-7.48,-1.57,-100.00,,0.53,3.06,-100.00,,-7.53,-16.37,-4.78,7.85,4.03,-7.04,-0.33,4.94,0.68,2.06,3.51,8.60,-8.55,-10.66,-7.89,13.58,-6.64,-4.61,26.10,91.41,-3.43,-3.26,1.80,32.57,-6.72,-7.62
BalanceProperty_sq,,,-1.48,-0.10,-100.00,,-0.26,2.00,-100.00,,-0.96,-0.98,-1.71,-1.01,-0.90,-0.80,-0.63,-0.23,-0.32,1.36,0.84,0.31,0.36,0.76,1.06,1.38,-0.08,-0.23,-0.63,-0.09,-0.85,-0.67,0.06,-0.38,-0.08,0.23
BalanceNoncurrentReceivables,,,,,,,,,,,,,,,,,,,,,,,,,,,,,,2371000,591000,3240000,,2850000,588000,1076000
BalanceNoncurrentReceivables_yy,,,,,,,,,,,,,,,,,,,,,,,,,,,,,,,,,,20.20,-0.51,-66.79
BalanceNoncurrentReceivables_sy,,,,,,,,,,,,,,,,,,,,,,,,,,,,,,,,,,1.09,-4.02,1.75
BalanceNoncurrentReceivables_qq,,,,,,,,,,,,,,,,,,,,,,,,,,,,,,,-75.07,448.22,-100.00,,-79.37,82.99
BalanceNoncurrentReceivables_sq,,,,,,,,,,,,,,,,,,,,,,,,,,,,,,,,-0.29,,,-0.86,6.46
BalanceNoncurrInvestments,,,,,,,,,,,,0,,,,2115000,,,,,,,,,,,6383000,6383000,6383000,,,,,,,
BalanceNoncurrInvestments_yy,,,,,,,,,,,,,,,,,,,,-100.00,,,,,,,,,,,-100.00,-100.00,-100.00,,,
BalanceNoncurrInvestments_sy,,,,,,,,,,,,,,,,,,,,-15.16,,,,,,,,,,,,-6.89,,,,
BalanceNoncurrInvestments_qq,,,,,,,,,,,,,,,,,-100.00,,,,,,,,,,,,,-100.00,,,,,,
BalanceNoncurrInvestments_sq,,,,,,,,,,,,,,,,,,,,,,,,,,,,,,4.41,,,,,,
BalanceOtherNoncurrentAssets,,7721000,6660000,6750000,,4985000,5878000,5843000,,26445000,26598000,27105000,26073000,25036000,26945000,30837000,27144000,26899000,25873000,23534000,24665000,25778000,24691000,25226000,25137000,22172000,19788000,21668000,24183000,22960000,24129000,21874000,19548000,8651000,10247000,10766000
BalanceOtherNoncurrentAssets_yy,,,,,,-35.44,-11.74,-13.44,,430.49,352.50,363.89,,-5.33,1.30,13.77,4.11,7.44,-3.98,-23.68,-9.13,-4.17,-4.57,7.19,1.91,-13.99,-19.86,-14.10,-3.80,3.55,21.94,0.95,-19.17,-62.32,-57.53,-50.78
BalanceOtherNoncurrentAssets_sy,,,,,,26.72,42.96,1.58,,15.87,16.22,20.46,,1.30,6.28,9.98,7.02,8.87,15.81,16.16,24.77,8.22,-2.69,2.68,-2.40,-3.68,-3.86,-5.49,3.68,2.52,1.73,-7.79,-15.82,-3.16,-8.60,-8.68
BalanceOtherNoncurrentAssets_qq,,,-13.74,1.35,-100.00,,17.91,-0.60,-100.00,,0.58,1.91,-3.81,-3.98,7.63,14.44,-11.98,-0.90,-3.81,-9.04,4.81,4.51,-4.22,2.17,-0.35,-11.80,-10.75,9.50,11.61,-5.06,5.09,-9.35,-10.63,-55.74,18.45,5.06
BalanceOtherNoncurrentAssets_sq,,,-1.18,5.20,-100.00,,-4.12,-7.12,-100.00,,-1.82,0.31,,5.84,-0.17,5.18,-0.56,4.72,1.77,0.20,0.63,-2.23,1.67,1.21,-0.26,-0.48,-1.61,2.71,1.27,-5.08,0.80,-2.25,-3.10,-6.21,-0.10,1.36
BalanceCurrentAssets,,527470000,450890000,525634000,,840858000,686654000,617521000,,904470000,747091000,620910000,670174000,823653000,751148000,685917000,768683000,841977000,840426000,869267000,925470000,870901000,881547000,835724000,881731000,995201000,901381000,966069000,1068772000,1144983000,788594000,844717000,1025352000,1144073000,900726000,843890000
BalanceCurrentAssets_yy,,,,,,59.41,52.29,17.48,,7.57,8.80,0.55,,-8.94,0.54,10.47,14.70,2.22,11.89,26.73,20.40,3.44,4.89,-3.86,-4.73,14.27,2.25,15.60,21.21,15.05,-12.51,-12.56,-4.06,-0.08,14.22,-0.10
BalanceCurrentAssets_sy,,,,,,19.55,31.52,17.48,,12.75,5.18,0.15,,-5.25,0.58,5.73,2.46,2.22,5.93,5.73,9.24,9.74,8.87,7.08,1.64,-1.12,-1.44,1.36,0.10,11.49,11.50,12.57,8.22,8.91,13.58,11.17
BalanceCurrentAssets_qq,,,-14.52,16.58,-100.00,,-18.34,-10.07,-100.00,,-17.40,-16.89,7.93,22.90,-8.80,-8.68,12.07,9.54,-0.18,3.43,6.47,-5.90,1.22,-5.20,5.51,12.87,-9.43,7.18,10.63,7.13,-31.13,7.12,21.38,11.58,-21.27,-6.31
BalanceCurrentAssets_sq,,,6.03,9.52,-100.00,,6.41,-1.31,-100.00,,-0.55,-2.36,-1.63,-7.38,-2.18,3.47,-1.24,-4.10,8.10,4.41,0.86,-4.35,4.54,1.52,0.43,-7.40,2.86,4.28,3.00,0.86,4.22,2.70,2.43,3.14,2.62,1.21
BalanceInventory,,214834000,229918000,210812000,,377615000,325589000,274095000,,292150000,331264000,260977000,245196000,305344000,338053000,320351000,329878000,327335000,383544000,396169000,396893000,348064000,374978000,409425000,399498000,422035000,505364000,458953000,491144000,421995000,354568000,418898000,433591000,397447000,407305000,403163000
BalanceInventory_yy,,,,,,75.77,41.61,30.02,,-22.63,1.74,-4.79,,4.52,2.05,22.75,34.54,7.20,13.46,23.67,20.32,6.33,-2.23,3.35,0.66,21.25,34.77,12.10,22.94,-0.01,-29.84,-8.73,-11.72,-5.82,14.87,-3.76
BalanceInventory_sy,,,,,,17.41,27.96,18.11,,10.34,1.83,-2.29,,-1.82,-0.66,-1.20,1.70,5.75,7.67,11.58,13.14,18.44,6.48,1.92,0.32,-7.08,-0.46,0.44,-1.16,13.49,7.83,12.66,4.54,8.59,15.54,9.21
BalanceInventory_qq,,,7.02,-8.31,-100.00,,-13.78,-15.82,-100.00,,13.39,-21.22,-6.05,24.53,10.71,-5.24,2.97,-0.77,17.17,3.29,0.18,-12.30,7.73,9.19,-2.42,5.64,19.74,-9.18,7.01,-14.08,-15.98,18.14,3.51,-8.34,2.48,-1.02
BalanceInventory_sq,,,7.19,5.63,-100.00,,10.10,-2.77,-100.00,,1.29,-1.40,-3.74,-4.93,3.86,-5.58,2.86,-1.51,5.11,2.94,4.29,0.14,2.28,0.96,-2.02,-6.84,3.40,1.00,0.81,4.02,3.09,3.39,4.72,3.27,3.74,0.48
BalanceCurrentReceivables,,306410000,214061000,258856000,,452111000,354590000,335703000,,599630000,405982000,352592000,412917000,504304000,399570000,355367000,424102000,496827000,435772000,444406000,504876000,488921000,478277000,374962000,437483000,540320000,362943000,474157000,520118000,632032000,360053000,396418000,545428000,702828000,438082000,413156000
BalanceCurrentReceivables_yy,,,,,,47.55,65.65,29.69,,32.63,14.49,5.03,,-15.90,-1.58,0.79,2.71,-1.48,9.06,25.06,19.05,-1.59,9.75,-15.63,-13.35,10.51,-24.11,26.45,18.89,16.97,-0.80,-16.40,4.87,11.20,21.67,4.22
BalanceCurrentReceivables_sy,,,,,,30.60,35.08,18.88,,12.04,5.56,-1.86,,-9.68,-3.75,9.00,4.06,2.32,9.80,2.99,0.68,1.46,11.49,8.88,3.66,-2.36,-9.64,-3.00,-1.03,13.44,12.50,0.80,6.93,13.20,7.98,11.60
BalanceCurrentReceivables_qq,,,-30.14,20.93,-100.00,,-21.57,-5.33,-100.00,,-32.29,-13.15,17.11,22.13,-20.77,-11.06,19.34,17.15,-12.29,1.98,13.61,-3.16,-2.18,-21.60,16.67,23.51,-32.83,30.64,9.69,21.52,-43.03,10.10,37.59,28.86,-37.67,-5.69
BalanceCurrentReceivables_sq,,,10.78,10.73,-100.00,,10.82,-4.24,-100.00,,-3.08,-3.20,1.95,-9.64,0.52,9.49,0.27,-7.51,6.33,3.24,5.74,-7.52,8.18,3.28,-0.30,-14.17,5.31,8.04,2.60,-6.25,8.15,0.95,8.38,-3.15,7.82,0.11
BalanceCurrentInvestments,,574000,145000,146000,,5388000,0,0,,,12000,1741000,489000,,,6000,280000,1001000,771000,4000,60000,,459000,5000,171000,794000,582000,5000,237000,5000,1143000,412000,563000,786000,2000,
BalanceCurrentInvestments_yy,,,,,,838.68,-100.00,-100.00,,-100.00,,,,,-100.00,-99.66,-42.74,,,-33.33,-78.57,-100.00,-40.47,25.00,185.00,,26.80,,38.60,-99.37,96.39,8140.00,137.55,15620.00,-99.83,-100.00
BalanceCurrentInvestments_sy,,,,,,-67.65,-100.00,-87.26,,-5.06,,,,,46.66,57.90,-42.74,,,-3.42,,-70.53,9.66,,-3.42,,21.31,,-2.26,,-5.66,1.03,3.04,-32.12,-2.27,-67.74
BalanceCurrentInvestments_qq,,,-74.74,0.69,-100.00,,-100.00,,,,,14408.33,-71.91,-100.00,,,4566.67,257.50,-22.98,-99.48,1400.00,-100.00,,-98.91,3320.00,364.33,-26.70,-99.14,4640.00,-97.89,22760.00,-63.95,36.65,39.61,-99.75,-100.00
BalanceCurrentInvestments_sq,,,-4.17,-88.26,-100.00,,-96.30,,,,,8.02,-80.02,-10.84,,,-3.22,,-9.49,0.78,,-47.30,,-2.08,-1.06,-4.70,-5.56,0.01,,-0.10,-19.61,10.71,1.08,-13.08,-0.48,-26.65
BalanceCash,,5652000,6766000,55820000,,5744000,6475000,7723000,,9230000,9833000,5600000,11572000,13499000,13523000,10193000,14423000,16814000,20339000,28688000,23641000,33916000,27833000,51332000,44579000,32052000,32492000,32954000,57273000,90951000,36860000,28989000,45770000,43012000,29951000,23961000
BalanceCash_yy,,,,,,1.63,-4.30,-86.16,,60.69,51.86,-27.49,,46.25,37.53,82.02,24.64,24.56,50.40,181.45,63.91,101.71,36.85,78.93,88.57,-5.50,16.74,-35.80,28.48,183.76,13.44,-12.03,-20.08,-52.71,-18.74,-17.34
BalanceCash_sy,,,,,,-8.24,10.54,-22.56,,7.69,39.29,37.14,,4.72,-2.22,22.26,6.70,19.18,2.40,-0.96,13.94,39.20,41.56,7.61,3.15,25.21,17.68,38.32,30.02,1.02,13.44,12.30,27.21,20.04,32.46,16.56
BalanceCash_qq,,,19.71,725.01,-100.00,,12.73,19.27,-100.00,,6.53,-43.05,106.64,16.65,0.18,-24.62,41.50,16.58,20.96,41.05,-17.59,43.46,-17.94,84.43,-13.16,-28.10,1.37,1.42,73.80,58.80,-59.47,-21.35,57.89,-6.03,-30.37,-20.00
BalanceCash_sq,,,-9.17,21.83,-100.00,,-11.35,-3.13,-100.00,,5.13,6.82,-21.36,-14.44,0.18,30.26,6.53,-7.78,3.06,25.23,5.76,16.89,3.92,-2.38,0.42,12.30,1.37,8.79,-12.46,39.34,-18.65,16.04,18.69,0.85,-6.44,8.25
BalanceOtherCurrentAssets,,,,,,,,,,3460000,,,,506000,2000,,,,,,,,,,,,,,,,35970000,,,,25386000,3610000
BalanceOtherCurrentAssets_yy,,,,,,,,,,,,,,-85.38,,,,-100.00,-100.00,,,,,,,,,,,,,,,,-29.42,
BalanceOtherCurrentAssets_sy,,,,,,,,,,,,,,-12.62,,,,-1.52,-11.11,,,,,,,,,,,,,,,,4.58,
BalanceOtherCurrentAssets_qq,,,,,,,,,,,-100.00,,,,-99.60,-100.00,,,,,,,,,,,,,,,,-100.00,,,,-85.78
BalanceOtherCurrentAssets_sq,,,,,,,,,,,20.32,,,,43.54,-28.91,,,,,,,,,,,,,,,,-15.36,,,,2.49
BalanceAssetsForSale,,,,,,,,,,,,,,,,,,,,,,,,,,,,,,,,,,,,
BalanceAssetsForSale_yy,,,,,,,,,,,,,,,,,,,,,,,,,,,,,,,,,,,,
BalanceAssetsForSale_sy,,,,,,,,,,,,,,,,,,,,,,,,,,,,,,,,,,,,
BalanceAssetsForSale_qq,,,,,,,,,,,,,,,,,,,,,,,,,,,,,,,,,,,,
BalanceAssetsForSale_sq,,,,,,,,,,,,,,,,,,,,,,,,,,,,,,,,,,,,
BalanceTotalAssets,,583973000,505538000,579927000,,909333000,756483000,686648000,,981872000,823550000,696509000,743853000,896407000,825945000,766845000,843495000,916521000,914539000,943169000,1001048000,948364000,956742000,911700000,957288000,1068337000,978053000,1045570000,1152326000,1252895000,894486000,951917000,1128569000,1244453000,1000500000,944281000
BalanceTotalAssets_yy,,,,,,55.71,49.64,18.40,,7.98,8.87,1.44,,-8.70,0.29,10.10,13.40,2.24,10.73,22.99,18.68,3.47,4.61,-3.34,-4.37,12.65,2.23,14.68,20.37,17.28,-8.54,-8.96,-2.06,-0.67,11.85,-0.80
BalanceTotalAssets_sy,,,,,,21.62,22.59,15.10,,7.41,2.54,1.16,,-2.39,-0.88,1.55,-1.76,2.24,4.62,1.81,5.44,3.38,4.51,2.10,1.84,0.83,-0.12,0.37,1.28,7.30,7.78,8.20,4.73,8.16,10.77,10.52
BalanceTotalAssets_qq,,,-13.43,14.71,-100.00,,-16.81,-9.23,-100.00,,-16.12,-15.43,6.80,20.51,-7.86,-7.16,10.00,8.66,-0.22,3.13,6.14,-5.26,0.88,-4.71,5.00,11.60,-8.45,6.90,10.21,8.73,-28.61,6.42,18.56,10.27,-19.60,-5.62
BalanceTotalAssets_sq,,,2.15,7.11,-100.00,,4.37,-1.36,-100.00,,-2.27,-0.50,-1.34,-3.26,-1.21,1.60,-1.08,-2.42,5.66,2.76,0.28,-2.80,3.23,0.79,0.66,-4.10,1.42,2.91,1.26,-0.75,3.34,2.38,1.46,3.56,1.52,1.25
BalanceCapital,,126171000,131324000,188930000,,202828000,219076000,224488000,,281114000,282432000,260491000,267557000,288258000,295713000,278428000,297541000,315712000,322193000,287543000,289856000,298589000,310613000,277796000,284235000,301224000,311851000,261743000,267849000,270064000,276095000,277200000,284500000,289051000,289766000,247826000
BalanceCapital_yy,,,,,,60.76,66.82,18.82,,38.60,28.92,16.04,,2.54,4.70,6.89,11.21,9.52,8.95,3.27,-2.58,-5.42,-3.59,-3.39,-1.94,0.88,0.40,-5.78,-5.76,-10.34,-11.47,5.91,6.22,7.03,4.95,-10.60
BalanceCapital_sy,,,,,,10.13,11.49,10.83,,14.55,12.14,8.16,,1.62,5.50,6.89,3.86,9.52,8.73,7.44,7.37,6.68,4.18,4.54,3.97,3.88,2.74,3.72,5.19,10.92,4.69,8.93,6.38,8.30,8.72,8.86
BalanceCapital_qq,,,4.08,43.87,-100.00,,8.01,2.47,-100.00,,0.47,-7.77,2.71,7.74,2.59,-5.85,6.86,6.11,2.05,-10.75,0.80,3.01,4.03,-10.57,2.32,5.98,3.53,-16.07,2.33,0.83,2.23,0.40,2.63,1.60,0.25,-14.47
BalanceCapital_sq,,,1.98,3.47,-100.00,,4.00,1.54,-100.00,,0.58,-0.57,0.80,0.99,1.39,-0.23,3.12,1.52,1.46,-0.66,2.01,1.96,2.92,-0.42,2.22,2.08,1.26,0.54,2.38,1.00,1.86,0.40,2.63,1.60,2.07,-0.93
BalanceShareCapital,,99472000,99472000,121472000,,121757000,121757000,121757000,,121849000,124728000,124728000,124728000,125222000,125222000,125222000,125222000,125252000,125259000,125267000,125267000,125267000,125267000,125267000,125267000,125267000,125267000,125267000,125267000,125267000,125267000,125267000,125267000,125267000,125267000,125267000
BalanceShareCapital_yy,,,,,,22.40,22.40,0.23,,0.08,2.44,2.44,,2.77,0.40,0.40,0.40,0.02,0.03,0.04,0.04,0.01,0.01,,,,,,,,,,,,,
BalanceShareCapital_sy,,,,,,,,,,,,,,,,,,,,,,,,,,,,,,,,,,,,
BalanceShareCapital_qq,,,,22.12,-100.00,,,,-100.00,,2.36,,,0.40,,,,0.02,0.01,0.01,,,,,,,,,,,,,,,,
BalanceShareCapital_sq,,,,,-100.00,,,,-100.00,,,,,,,,,,,,,,,,,,,,,,,,,,,
BalanceOwnShares,,,,,,0,0,0,,-103000,-2656000,-2913000,-3190000,-3190000,-3190000,-3190000,-3190000,-3190000,-3190000,-3666000,-3330000,-5419000,-10065000,-10065000,-10065000,-10065000,-10065000,-10065000,-10065000,-10065000,-10065000,-10065000,-10065000,-10065000,-10065000,-10065000
BalanceOwnShares_yy,,,,,,,,,,,,,,-2997.09,-20.11,-9.51,,,,-14.92,-4.39,-69.87,-215.52,-174.55,-202.25,-85.74,,,,,,,,,,
BalanceOwnShares_sy,,,,,,,,,,,,,,,,,,,,,,,-107.76,-174.55,,,,,,,,,,,,
BalanceOwnShares_qq,,,,,,,,,,,-2478.64,-9.68,-9.51,,,,,,,-14.92,9.17,-62.73,-85.74,,,,,,,,,,,,,
BalanceOwnShares_sq,,,,,,,,,,,,,,,,,,,,-7.46,,-31.04,-27.21,,,,,,,,,,,,,
BalanceReserve,,6247000,6360000,36122000,,22215000,24757000,27118000,,46681000,40632000,39454000,41506000,42205000,38698000,36823000,41739000,40173000,39833000,39083000,39075000,36546000,40299000,37691000,39172000,41123000,44452000,39207000,42458000,40640000,45103000,42620000,40596000,43459000,41724000,37457000
BalanceReserve_yy,,,,,,255.61,289.26,-24.93,,110.13,64.12,45.49,,-9.59,-4.76,-6.67,0.56,-4.81,2.93,6.14,-6.38,-9.03,1.17,-3.56,0.25,12.52,10.31,4.02,8.39,-1.17,1.46,8.71,-4.39,6.94,-7.49,-12.11
BalanceReserve_sy,,,,,,3.30,3.16,8.53,,12.22,11.36,5.38,,5.21,3.64,1.92,2.84,2.04,3.26,4.98,6.46,8.33,3.76,3.40,3.17,3.88,3.38,4.02,3.42,6.13,4.20,8.71,6.46,9.10,6.46,2.78
BalanceReserve_qq,,,1.81,467.96,-100.00,,11.44,9.54,-100.00,,-12.96,-2.90,5.20,1.68,-8.31,-4.85,13.35,-3.75,-0.85,-1.88,-0.02,-6.47,10.27,-6.47,3.93,4.98,8.10,-11.80,8.29,-4.28,10.98,-5.51,-4.75,7.05,-3.99,-10.23
BalanceReserve_sq,,,,3.89,-100.00,,,8.92,-100.00,,,2.30,,,,1.95,,,,1.52,,,,0.76,,,,2.02,,,,8.14,,,,0.59
BalanceNonshareCapital,,,,,,,,,,,,,,,,,,,,,,,,,,,,,,5105000,4983000,4704000,4640000,4541000,4398000,4211000
BalanceNonshareCapital_yy,,,,,,,,,,,,,,,,,,,,,,,,,,,,,,,,,,-11.05,-11.74,-10.48
BalanceNonshareCapital_sy,,,,,,,,,,,,,,,,,,,,,,,,,,,,,,,,,,-8.49,-9.75,-17.64
BalanceNonshareCapital_qq,,,,,,,,,,,,,,,,,,,,,,,,,,,,,,,-2.39,-5.60,-1.36,-2.13,-3.15,-4.25
BalanceNonshareCapital_sq,,,,,,,,,,,,,,,,,,,,,,,,,,,,,,,-2.25,0.41,-0.18,-6.68,-2.79,-3.68
BalanceNoncurrentLiabilities,,44077000,8653000,15802000,,32872000,29349000,9680000,,20809000,20830000,20729000,20726000,20666000,20685000,685000,706000,901000,1048000,1031000,1023000,1304000,1441000,1336000,1413000,1345000,1317000,1258000,1065000,13766000,12938000,12120000,1381000,11865000,10900000,11272000
BalanceNoncurrentLiabilities_yy,,,,,,-25.42,239.18,-38.74,,-36.70,-29.03,114.14,,-0.69,-0.70,-96.70,-96.59,-95.64,-94.93,50.51,44.90,44.73,37.50,29.58,38.12,3.14,-8.61,-5.84,-24.63,923.49,882.38,863.43,29.67,-13.81,-15.75,-7.00
BalanceNoncurrentLiabilities_sy,,,,,,9.24,1.63,-3.04,,2.28,0.01,2.14,,-17.68,-11.42,-12.52,-9.27,-1.19,-2.02,2.89,1.26,5.22,9.25,5.46,-0.25,-2.81,-7.26,-10.84,-2.15,8.91,-3.81,-3.60,0.62,-1.50,-0.05,
BalanceNoncurrentLiabilities_qq,,,-80.37,82.62,-100.00,,-10.72,-67.02,-100.00,,0.10,-0.48,-0.01,-0.29,0.09,-96.69,3.07,27.62,16.32,-1.62,-0.78,27.47,10.51,-7.29,5.76,-4.81,-2.08,-4.48,-15.34,1192.58,-6.01,-6.32,-88.61,759.16,-8.13,3.41
BalanceNoncurrentLiabilities_sq,,,-4.34,7.87,-100.00,,-2.62,-0.40,-100.00,,-5.89,-0.76,-5.20,-5.66,,-0.84,-2.31,-0.41,,0.94,-2.42,-0.49,0.41,-0.35,-1.81,-2.66,-1.90,-0.24,-1.33,1.00,-1.23,,-1.45,-0.65,-1.24,
BalanceNoncurrentTradeLiabilities,,,,,,,,,,,,,,,,,,,,,,,,,,,,,,,,,,,,
BalanceNoncurrentTradeLiabilities_yy,,,,,,,,,,,,,,,,,,,,,,,,,,,,,,,,,,,,
BalanceNoncurrentTradeLiabilities_sy,,,,,,,,,,,,,,,,,,,,,,,,,,,,,,,,,,,,
BalanceNoncurrentTradeLiabilities_qq,,,,,,,,,,,,,,,,,,,,,,,,,,,,,,,,,,,,
BalanceNoncurrentTradeLiabilities_sq,,,,,,,,,,,,,,,,,,,,,,,,,,,,,,,,,,,,
BalanceNoncurrentBorrowings,,43397000,7841000,15117000,,32096000,28603000,8958000,,20062000,20027000,20000000,20000000,20000000,20000000,,,,147000,138000,130000,124000,111000,105000,97000,89000,79000,73000,61000,505000,471000,375000,289000,557000,477000,615000
BalanceNoncurrentBorrowings_yy,,,,,,-26.04,264.79,-40.74,,-37.49,-29.98,123.26,,-0.31,-0.13,-100.00,-100.00,-100.00,-99.27,,,,-24.49,-23.91,-25.38,-28.23,-28.83,-30.48,-37.11,467.42,496.20,413.70,373.77,10.30,1.27,64.00
BalanceNoncurrentBorrowings_sy,,,,,,-22.68,-30.61,-32.89,,-19.38,-0.79,2.65,,-18.55,-35.70,-29.76,-24.52,-15.81,-11.04,,,,15.62,-2.31,-4.08,-4.35,-19.76,-20.98,-10.93,7.10,-10.89,-6.37,-3.79,-6.50,-2.58,-9.40
BalanceNoncurrentBorrowings_qq,,,-81.93,92.79,-100.00,,-10.88,-68.68,-100.00,,-0.17,-0.13,,,,-100.00,,,,-6.12,-5.80,-4.62,-10.48,-5.41,-7.62,-8.25,-11.24,-7.59,-16.44,727.87,-6.73,-20.38,-22.93,92.73,-14.36,28.93
BalanceNoncurrentBorrowings_sq,,,-11.62,13.02,-100.00,,-4.47,-12.46,-100.00,,-4.45,-4.94,,,,-2.18,,,,0.16,-5.34,-3.08,-0.46,-3.62,-5.64,-3.22,-2.01,-2.62,-2.26,-1.06,-3.75,,-6.57,-2.76,-4.11,-2.42
BalanceNoncurrentObligations,,,,,,,,,,,,,,,,,,,,,,,,,,,,,,,,,,,,
BalanceNoncurrentObligations_yy,,,,,,,,,,,,,,,,,,,,,,,,,,,,,,,,,,,,
BalanceNoncurrentObligations_sy,,,,,,,,,,,,,,,,,,,,,,,,,,,,,,,,,,,,
BalanceNoncurrentObligations_qq,,,,,,,,,,,,,,,,,,,,,,,,,,,,,,,,,,,,
BalanceNoncurrentObligations_sq,,,,,,,,,,,,,,,,,,,,,,,,,,,,,,,,,,,,
BalanceNoncurrentLeasing,,,,,,,,,,,,,,,,,,,,,,,,,,,,,,,,,,,,
BalanceNoncurrentLeasing_yy,,,,,,,,,,,,,,,,,,,,,,,,,,,,,,,,,,,,
BalanceNoncurrentLeasing_sy,,,,,,,,,,,,,,,,,,,,,,,,,,,,,,,,,,,,
BalanceNoncurrentLeasing_qq,,,,,,,,,,,,,,,,,,,,,,,,,,,,,,,,,,,,
BalanceNoncurrentLeasing_sq,,,,,,,,,,,,,,,,,,,,,,,,,,,,,,,,,,,,
BalanceNoncurrentOtherLiabilities,,680000,812000,685000,,776000,746000,722000,,747000,803000,729000,726000,666000,685000,685000,706000,901000,901000,893000,893000,1180000,1330000,1231000,1316000,1256000,1238000,1185000,1004000,13261000,12467000,11745000,1092000,11308000,10423000,10657000
BalanceNoncurrentOtherLiabilities_yy,,,,,,14.12,-8.13,5.40,,-3.74,7.64,0.97,,-10.84,-14.69,-6.04,-2.75,35.29,31.53,30.36,26.49,30.97,47.61,37.85,47.37,6.44,-6.92,-3.74,-23.71,955.81,907.03,891.14,8.76,-14.73,-16.40,-9.26
BalanceNoncurrentOtherLiabilities_sy,,,,,,11.18,10.92,10.25,,1.73,1.01,0.04,,6.38,18.04,19.33,4.70,12.90,1.58,2.89,3.63,1.14,1.96,5.16,7.32,-4.27,-7.44,-8.18,4.88,5.86,5.10,-1.97,-1.52,0.84,-0.36,-1.65
BalanceNoncurrentOtherLiabilities_qq,,,19.41,-15.64,-100.00,,-3.87,-3.22,-100.00,,7.50,-9.22,-0.41,-8.26,2.85,,3.07,27.62,,-0.89,,32.14,12.71,-7.44,6.90,-4.56,-1.43,-4.28,-15.27,1220.82,-5.99,-5.79,-90.70,935.53,-7.83,2.25
BalanceNoncurrentOtherLiabilities_sq,,,0.70,2.50,-100.00,,-1.20,0.31,-100.00,,-0.42,0.04,-1.30,-0.32,0.74,,,2.14,,0.48,,,-0.07,-0.24,-0.09,-2.10,-2.47,0.43,2.57,3.92,-0.94,,,5.35,-1.75,2.25
BalanceCurrentLiabilities,,413725000,365561000,375195000,,673633000,508058000,452480000,,679949000,520288000,415289000,455570000,587483000,509547000,487732000,545248000,599908000,591298000,654595000,710169000,648471000,644688000,632568000,671640000,765768000,664885000,782569000,883412000,963960000,600470000,657893000,838048000,938996000,695436000,680972000
BalanceCurrentLiabilities_yy,,,,,,62.82,38.98,20.60,,0.94,2.41,-8.22,,-13.60,-2.06,17.44,19.68,2.11,16.04,34.21,30.25,8.10,9.03,-3.36,-5.43,18.09,3.13,23.71,31.53,25.88,-9.69,-15.93,-5.14,-2.59,15.82,3.51
BalanceCurrentLiabilities_sy,,,,,,23.55,27.42,17.74,,-0.92,-3.02,-4.60,,5.64,-3.81,5.26,3.09,-0.92,1.32,-1.78,0.24,7.73,10.21,0.80,1.47,8.74,1.80,3.50,-0.52,8.75,9.91,5.25,5.88,5.92,15.56,15.42
BalanceCurrentLiabilities_qq,,,-11.64,2.64,-100.00,,-24.58,-10.94,-100.00,,-23.48,-20.18,9.70,28.96,-13.27,-4.28,11.79,10.02,-1.44,10.70,8.49,-8.69,-0.58,-1.88,6.18,14.01,-13.17,17.70,12.89,9.12,-37.71,9.56,27.38,12.05,-25.94,-2.08
BalanceCurrentLiabilities_sq,,,8.42,8.17,-100.00,,7.07,-1.54,-100.00,,-2.00,-0.76,-2.41,-4.69,-3.24,5.99,-0.11,-6.69,6.60,5.37,1.62,-7.80,10.88,4.85,2.06,-6.33,2.95,3.84,0.04,-1.00,8.26,-2.22,0.04,2.95,2.41,0.28
BalanceCurrentTradePayablesv,,313178000,258147000,263321000,,414469000,301837000,262838000,,465666000,325287000,278453000,351781000,464370000,337035000,310836000,384969000,445090000,379243000,411577000,500229000,545955000,494250000,509902000,514600000,652755000,520594000,590294000,713806000,791137000,447176000,516603000,665207000,785795000,527855000,504666000
BalanceCurrentTradePayablesv_yy,,,,,,32.34,16.92,-0.18,,12.35,7.77,5.94,,-0.28,3.61,11.63,9.43,-4.15,12.52,32.41,29.94,22.66,30.33,23.89,2.87,19.56,5.33,15.77,38.71,21.20,-14.10,-12.48,-6.81,-0.68,18.04,-2.31
BalanceCurrentTradePayablesv_sy,,,,,,20.80,22.57,7.87,,2.28,-3.81,3.74,,-4.06,-2.54,5.02,6.28,0.24,9.29,5.71,3.20,7.15,6.84,1.67,4.66,9.53,2.70,0.92,-2.37,4.37,6.05,8.28,11.60,5.50,14.87,8.81
BalanceCurrentTradePayablesv_qq,,,-17.57,2.00,-100.00,,-27.18,-12.92,-100.00,,-30.15,-14.40,26.33,32.01,-27.42,-7.77,23.85,15.62,-14.79,8.53,21.54,9.14,-9.47,3.17,0.92,26.85,-20.25,13.39,20.92,10.83,-43.48,15.53,28.77,18.13,-32.83,-4.39
BalanceCurrentTradePayablesv_sq,,,18.14,12.73,-100.00,,1.55,2.80,-100.00,,-4.38,7.14,-10.29,-9.95,1.80,7.40,4.47,-8.08,14.10,16.72,-2.64,-17.69,6.44,-0.37,2.62,-17.94,3.27,2.49,-0.37,-0.46,12.39,2.14,-2.44,2.30,1.45,0.98
BalanceCurrentBorrowings,,84863000,96908000,105164000,,245432000,192759000,180570000,,202559000,184850000,128338000,97086000,111989000,160582000,161120000,144775000,140998000,197295000,228696000,194034000,81283000,131460000,106542000,142148000,96836000,127979000,176872000,154109000,153519000,134112000,123821000,158628000,133717000,142861000,157267000
BalanceCurrentBorrowings_yy,,,,,,189.21,98.91,71.70,,-17.47,-4.10,-28.93,,-44.71,-13.13,25.54,49.12,25.90,22.86,41.94,34.02,-42.35,-33.37,-53.41,-26.74,19.13,-2.65,66.01,8.41,58.54,4.79,-29.99,2.93,-12.90,6.52,27.01
BalanceCurrentBorrowings_sy,,,,,,4.69,24.12,11.18,,-6.49,-7.30,0.03,,7.50,-11.44,-2.77,-16.50,-9.29,-21.68,-9.65,-13.37,-12.16,-2.14,-6.48,-19.18,1.81,-2.26,-15.96,8.21,4.53,16.10,7.72,2.98,-5.37,8.52,15.71
BalanceCurrentBorrowings_qq,,,14.19,8.52,-100.00,,-21.46,-6.32,-100.00,,-8.74,-30.57,-24.35,15.35,43.39,0.34,-10.14,-2.61,39.93,15.92,-15.16,-58.11,61.73,-18.95,33.42,-31.88,32.16,38.20,-12.87,-0.38,-12.64,-7.67,28.11,-15.70,6.84,10.08
BalanceCurrentBorrowings_sq,,,9.17,,-100.00,,7.30,-0.32,-100.00,,0.30,-1.97,-2.15,-6.88,-4.12,-1.36,-7.82,-5.32,-2.66,1.64,-7.96,-8.82,1.98,-1.86,-11.26,-21.19,-1.65,3.49,4.12,-9.68,-2.82,-7.73,8.39,2.85,1.25,-0.19
BalanceCurrentObligations,,,,,,,,,,,,,,,,,,,,,,,,,,,,,,,,,,,,
BalanceCurrentObligations_yy,,,,,,,,,,,,,,,,,,,,,,,,,,,,,,,,,,,,
BalanceCurrentObligations_sy,,,,,,,,,,,,,,,,,,,,,,,,,,,,,,,,,,,,
BalanceCurrentObligations_qq,,,,,,,,,,,,,,,,,,,,,,,,,,,,,,,,,,,,
BalanceCurrentObligations_sq,,,,,,,,,,,,,,,,,,,,,,,,,,,,,,,,,,,,
BalanceCurrentLeasing,,,,,,,,,,,,,,,,,,,,,,,,,,,,,,,,,,,,
BalanceCurrentLeasing_yy,,,,,,,,,,,,,,,,,,,,,,,,,,,,,,,,,,,,
BalanceCurrentLeasing_sy,,,,,,,,,,,,,,,,,,,,,,,,,,,,,,,,,,,,
BalanceCurrentLeasing_qq,,,,,,,,,,,,,,,,,,,,,,,,,,,,,,,,,,,,
BalanceCurrentLeasing_sq,,,,,,,,,,,,,,,,,,,,,,,,,,,,,,,,,,,,
BalanceCurrentOtherLiabilities,,15684000,10506000,6710000,,13732000,13462000,9072000,,11724000,10151000,8498000,6703000,11124000,11930000,15776000,15504000,13820000,14760000,14322000,15906000,21233000,18978000,16124000,14892000,16177000,16312000,15403000,15497000,19304000,17679000,17469000,14213000,19484000,19780000,15204000
BalanceCurrentOtherLiabilities_yy,,,,,,-12.45,28.14,35.20,,-14.62,-24.60,-6.33,,-5.12,17.53,85.64,131.30,24.24,23.72,-9.22,2.59,53.64,28.58,12.58,-6.37,-23.81,-14.05,-4.47,4.06,19.33,8.38,13.41,-8.29,0.93,11.88,-12.97
BalanceCurrentOtherLiabilities_sy,,,,,,44.55,28.14,9.94,,4.74,-6.53,-7.76,,-14.21,2.82,3.98,11.36,2.54,15.27,0.86,19.04,29.94,25.61,-0.84,-1.90,-18.50,-1.12,9.94,10.90,33.68,28.25,13.12,13.29,13.38,14.12,1.95
BalanceCurrentOtherLiabilities_qq,,,-33.01,-36.13,-100.00,,-1.97,-32.61,-100.00,,-13.42,-16.28,-21.12,65.96,7.25,32.24,-1.72,-10.86,6.80,-2.97,11.06,33.49,-10.62,-15.04,-7.64,8.63,0.83,-5.57,0.61,24.57,-8.42,-1.19,-18.64,37.09,1.52,-23.13
BalanceCurrentOtherLiabilities_sq,,,11.38,1.60,-100.00,,-6.71,-15.54,-100.00,,-17.43,-9.04,-4.42,32.92,3.01,5.15,-0.85,16.98,7.64,3.58,-8.52,-0.46,-3.44,1.12,-1.14,7.26,-1.33,4.04,0.76,7.91,2.56,0.67,-1.40,15.47,4.31,-5.73
BalanceReckoning,,,,,,,,,,,,,,,,,,,,,,,,,,,,,,,1503000,,,,4940000,3835000
BalanceReckoning_yy,,,,,,,,,,,,,,,,,,,,,,,,,,,,,,,,,,,228.68,
BalanceReckoning_sy,,,,,,,,,,,,,,,,,,,,,,,,,,,,,,,,,,,10.00,
BalanceReckoning_qq,,,,,,,,,,,,,,,,,,,,,,,,,,,,,,,,-100.00,,,,-22.37
BalanceReckoning_sq,,,,,,,,,,,,,,,,,,,,,,,,,,,,,,,,,,,,
BalanceTotalEquityAndLiabilities,0,583973000,505538000,579927000,0,909333000,756483000,686648000,0,981872000,823550000,696509000,743853000,896407000,825945000,766845000,843495000,916521000,914539000,943169000,1001048000,948364000,956742000,911700000,957288000,1068337000,978053000,1045570000,1152326000,1252895000,894486000,951917000,1128569000,1244453000,1000500000,944281000
BalanceTotalEquityAndLiabilities_yy,,,,,,55.71,49.64,18.40,,7.98,8.87,1.44,,-8.70,0.29,10.10,13.40,2.24,10.73,22.99,18.68,3.47,4.61,-3.34,-4.37,12.65,2.23,14.68,20.37,17.28,-8.54,-8.96,-2.06,-0.67,11.85,-0.80
BalanceTotalEquityAndLiabilities_sy,,,,,,21.62,22.59,15.10,,7.41,2.54,1.16,,-2.39,-0.88,1.55,-1.76,2.24,4.62,1.81,5.44,3.38,4.51,2.10,1.83,0.83,0.34,0.37,1.28,7.30,7.78,8.20,4.73,8.16,10.77,10.52
BalanceTotalEquityAndLiabilities_qq,,,-13.43,14.71,-100.00,,-16.81,-9.23,-100.00,,-16.12,-15.43,6.80,20.51,-7.86,-7.16,10.00,8.66,-0.22,3.13,6.14,-5.26,0.88,-4.71,5.00,11.60,-8.45,6.90,10.21,8.73,-28.61,6.42,18.56,10.27,-19.60,-5.62
BalanceTotalEquityAndLiabilities_sq,,,2.15,7.11,-100.00,,4.44,-1.36,-100.00,,-2.27,-0.50,-1.34,-3.06,-1.21,1.60,-1.08,-2.42,5.66,2.76,0.28,-2.80,3.23,0.79,0.66,-4.10,1.42,2.91,1.26,-0.75,3.34,2.38,1.46,3.56,1.52,1.25
CashflowOperatingCashflow,43216000,-42720000,27493000,-21021000,-23244000,-85895000,48452000,33967000,32434000,-71948000,24767000,18826000,39936000,-9847000,-44425000,48676000,20937000,11190000,-49148000,46646000,30780000,129664000,-50056000,95394000,-41303000,35732000,-28694000,2477000,51597000,80553000,-31671000,6608000,-13787000,39171000,-17769000,11477000
CashflowOperatingCashflow_yy,,,,,-153.79,-101.07,76.23,261.59,239.54,16.24,-48.88,-44.58,23.13,86.31,-279.37,158.56,-47.57,213.64,-10.63,-4.17,47.01,1058.75,-1.85,104.51,-234.19,-72.44,42.68,-97.40,224.92,125.44,-10.37,166.77,-126.72,-51.37,43.90,73.68
CashflowOperatingCashflow_sy,,,,,68.88,-45.01,-30.26,8.70,29.89,20.69,80.45,-10.10,-0.04,-11.74,9.80,6.23,10.84,9.00,-27.30,-47.96,48.67,68.98,-11.46,-20.91,0.72,25.76,35.91,-18.98,-39.77,-49.98,-15.92,18.63,-8.02,-51.37,18.04,21.78
CashflowOperatingCashflow_qq,,-198.85,164.36,-176.46,-10.58,-269.54,156.41,-29.90,-4.51,-321.83,134.42,-23.99,112.13,-124.66,-351.15,209.57,-56.99,-46.55,-539.21,194.91,-34.01,321.26,-138.60,290.57,-143.30,186.51,-180.30,108.63,1983.04,56.12,-139.32,120.86,-308.64,384.12,-145.36,164.59
CashflowOperatingCashflow_sq,,-53.79,-18.76,-8.67,83.66,-76.94,-100.00,77.60,58.76,-11.92,-50.54,47.40,40.45,74.28,-48.96,77.86,-4.50,-81.04,-45.82,82.40,45.16,78.88,-40.20,-10.12,159.00,18.70,-63.89,-2.22,-9.54,78.53,-52.19,1.33,-7.99,-27.22,-64.33,81.48
CashflowAmortization,850000,815000,856000,841000,855000,1114000,1095000,1164000,1253000,155000,758000,834000,841000,836000,546000,524000,584000,757000,526000,548000,547000,553000,651000,616000,631000,613000,601000,610000,581000,821000,1271000,1238000,1358000,2001000,1739000,1191000
CashflowAmortization_yy,,,,,0.59,36.69,27.92,38.41,46.55,-86.09,-30.78,-28.35,-32.88,439.35,-27.97,-37.17,-30.56,-9.45,-3.66,4.58,-6.34,-26.95,23.76,12.41,15.36,10.85,-7.68,-0.97,-7.92,33.93,111.48,102.95,133.73,143.73,36.82,-3.80
CashflowAmortization_sy,,,,,5.63,11.44,11.82,0.55,2.16,3.60,1.96,0.95,-1.15,-3.24,-4.31,-4.34,-4.04,-3.74,1.92,-1.57,-1.92,-2.48,0.82,7.43,2.91,7.83,1.94,1.16,4.78,11.82,11.60,12.06,7.28,7.34,8.15,6.89
CashflowAmortization_qq,,-4.12,5.03,-1.75,1.66,30.29,-1.71,6.30,7.65,-87.63,389.03,10.03,0.84,-0.59,-34.69,-4.03,11.45,29.62,-30.52,4.18,-0.18,1.10,17.72,-5.38,2.44,-2.85,-1.96,1.50,-4.75,41.31,54.81,-2.60,9.69,47.35,-13.09,-31.51
CashflowAmortization_sq,,2.54,-5.98,1.39,-2.92,1.38,0.09,1.16,1.07,3.99,1.50,1.12,0.46,-1.88,-7.96,-0.58,0.87,0.38,-2.03,-0.24,0.02,-0.97,0.94,1.64,1.29,1.35,-0.16,2.94,2.64,2.84,2.33,1.82,1.11,1.58,1.17,2.44
CashflowInvestingCashflow,-188000,-1207000,5000,-222000,-84000,-15867000,14218000,-2197000,-332000,-619000,-224000,-329000,-296000,-977000,-745000,-68000,1525000,-1906000,-712000,-6397000,-7589000,-1007000,65000,-268000,-36000,-1005000,-102000,-942000,-2541000,-21648000,-453000,-2036000,-2065000,-6997000,-1507000,-1706000
CashflowInvestingCashflow_yy,,,,,55.32,-1214.58,284260.01,-889.64,-295.24,96.10,-101.58,85.03,10.84,-57.84,-232.59,79.33,615.20,-95.09,4.43,-9307.35,-597.64,47.17,109.13,95.81,99.53,0.20,-256.92,-251.49,-6958.33,-2054.03,-344.12,-116.14,18.73,67.68,-232.67,16.21
CashflowInvestingCashflow_sy,,,,,80.79,15.20,-18.75,-37.89,-105.36,-25.42,-3.78,79.92,22.94,53.44,11.76,-22.29,-70.20,18.52,-8.62,-132.45,-48.88,-122.48,11.68,-59.95,-106.14,-30.78,-78.06,26.82,26.55,44.78,43.61,19.74,18.73,-15.85,-64.53,2.81
CashflowInvestingCashflow_qq,,-542.02,100.41,-4540.00,62.16,-18789.29,189.61,-115.45,84.89,-86.45,63.81,-46.88,10.03,-230.07,23.75,90.87,2342.65,-224.98,62.64,-798.46,-18.63,86.73,106.45,-512.31,86.57,-2691.67,89.85,-823.53,-169.75,-751.95,97.91,-349.45,-1.42,-238.84,78.46,-13.21
CashflowInvestingCashflow_sq,,10.85,9.98,-17.65,33.84,-12.95,40.31,-93.24,-35.71,-45.03,61.74,-0.81,2.14,9.20,32.28,22.00,-32.04,-48.65,13.38,-35.70,16.14,39.10,-68.82,-133.14,40.38,-58.35,24.98,14.80,24.80,-34.74,-9.29,-64.29,20.84,-61.28,18.77,12.84
CashflowCapex,215000,1301000,60000,234000,517000,15937000,662000,1133000,393000,670000,304000,389000,297000,1001000,755000,118000,671000,2188000,825000,6473000,7611000,1250000,195000,576000,142000,1017000,129000,964000,2564000,21790000,591000,1645000,2476000,7043000,1524000,1964000
CashflowCapex_yy,,,,,140.47,1124.98,1003.33,384.19,-23.98,-95.80,-54.08,-65.67,-24.43,49.40,148.36,-69.67,125.93,118.58,9.27,5385.59,1034.28,-42.87,-76.36,-91.10,-98.13,-18.64,-33.85,67.36,1705.63,2042.58,358.14,70.64,-3.43,-67.68,157.87,19.39
CashflowCapex_sy,,,,,-47.26,80.32,20.79,1.54,85.47,45.11,2.04,-35.10,-15.68,-38.26,-36.34,-13.40,-6.94,0.25,61.56,142.56,171.45,101.35,7.41,-8.64,3.46,33.98,29.12,-14.10,-21.74,-44.62,-24.66,-33.36,-1.22,-28.02,24.23,12.68
CashflowCapex_qq,,505.12,-95.39,290.00,120.94,2982.59,-95.85,71.15,-65.31,70.48,-54.63,27.96,-23.65,237.04,-24.58,-84.37,468.64,226.08,-62.29,684.61,17.58,-83.58,-84.40,195.38,-75.35,616.20,-87.32,647.29,165.98,749.84,-97.29,178.34,50.52,184.45,-78.36,28.87
CashflowCapex_sq,,-21.69,0.96,54.94,-8.21,18.83,-67.46,102.41,-9.74,53.04,-48.24,24.88,-15.68,-14.69,-24.58,56.12,-12.02,9.24,13.31,86.22,-18.50,-34.70,-16.64,78.40,-35.34,63.29,-31.69,-5.75,-21.58,32.14,-40.09,-5.29,58.16,-14.10,-25.63,9.83
CashflowFinancingCashflow,-27202000,28069000,-26384000,70297000,-24109000,99123000,-61939000,-30522000,-30084000,72056000,-23940000,-22730000,-33668000,12751000,45194000,-51938000,-18232000,-6893000,53385000,-31900000,-28238000,-118382000,43908000,-71627000,34586000,-47254000,29236000,-1073000,-24737000,-25227000,-21967000,-12443000,32633000,-34932000,6215000,-15761000
CashflowFinancingCashflow_yy,,,,,11.37,253.14,-134.76,-143.42,-24.78,-27.31,61.35,25.53,-11.91,-82.30,288.78,-128.50,45.85,-154.06,18.12,38.58,-54.88,-1617.42,-17.75,-124.54,222.48,60.08,-33.42,98.50,-171.52,46.61,-175.14,-1059.65,231.92,-38.47,128.29,-26.67
CashflowFinancingCashflow_sy,,,,,-72.71,-13.50,23.52,-31.48,-1.47,-35.81,-42.68,-6.55,-7.53,-84.22,-65.49,26.85,-77.42,22.65,52.24,19.24,1.32,-26.46,38.84,32.00,-4.34,-26.08,-76.67,1.28,45.58,54.96,26.13,13.32,-46.35,-38.47,52.57,-48.20
CashflowFinancingCashflow_qq,,203.19,-194.00,366.44,-134.30,511.15,-162.49,50.72,1.44,339.52,-133.22,5.05,-48.12,137.87,254.43,-214.92,64.90,62.19,874.48,-159.75,11.48,-319.23,137.09,-263.13,148.29,-236.63,161.87,-103.67,-2205.41,-1.98,12.92,43.36,362.26,-207.05,117.79,-353.60
CashflowFinancingCashflow_sq,,75.30,35.06,-41.91,-8.40,58.71,18.72,-72.34,-58.51,23.73,86.26,-88.70,14.14,-47.57,40.08,-9.37,-34.54,51.20,83.74,27.32,-102.24,21.44,59.14,-6.04,-39.14,28.43,46.26,-13.06,-1.26,-57.57,12.92,23.18,-77.08,70.15,29.52,-87.88
CashflowShareCapitalCash,0,0,,49475000,-553000,285000,,,,2971000,,,0,494000,0,,30000,0,21000,22000,0,0,,,,,,,,,,,,,,
CashflowShareCapitalCash_yy,,,,,,,,-100.00,100.00,942.46,,,,-83.37,,,,-100.00,,,-100.00,,-100.00,-100.00,,,,,,,,,,,,
CashflowShareCapitalCash_sy,,,,,,,,-100.00,0.21,-100.00,,,,-91.69,,,,-100.00,,,-100.00,,-100.00,-100.00,,,,,,,,,,,,
CashflowShareCapitalCash_qq,,,,,-101.12,151.54,-100.00,,,,-100.00,,,,-100.00,,,-100.00,,4.76,-100.00,,,,,,,,,,,,,,,
CashflowShareCapitalCash_sq,,,,,-100.56,25.77,-100.00,,,,-100.00,,,,-100.00,,,-114.77,,-47.62,-100.00,,,,,,,,,,,,,,,
CashflowDividend,,,,,,,,,0,0,,,19740000,0,,,29729000,0,,,44594000,0,,,44134000,0,,,47812000,0,,,,9808000,,
CashflowDividend_yy,,,,,,,,,,,,,,,,,50.60,,,,50.00,,,,-1.03,,,,8.33,,,,-100.00,,,
CashflowDividend_sy,,,,,,,,,,,,,,,,,-80.00,,,,,,,,-0.52,,,,-50.43,,,,12.13,,,
CashflowDividend_qq,,,,,,,,,,,,,,-100.00,,,,-100.00,,,,-100.00,,,,-100.00,,,,-100.00,,,,,-100.00,
CashflowDividend_sq,,,,,,,,,,,,,,-100.00,,,,-100.00,,,,-100.00,,,,-100.00,,,,-100.00,,,,,-100.00,
CashflowNetCashflow,15826000,-15858000,1114000,49054000,-47437000,-2639000,731000,1248000,2018000,-511000,603000,-4233000,5972000,1927000,24000,-3330000,4230000,2391000,3525000,8349000,-5047000,10275000,-6083000,23499000,-6753000,-12527000,440000,462000,24319000,33678000,-54091000,-7871000,16781000,-2758000,-13061000,-5990000
CashflowNetCashflow_yy,,,,,-399.74,83.36,-34.38,-97.46,104.25,80.64,-17.51,-439.18,195.94,477.10,-96.02,21.33,-29.17,24.08,14587.50,350.72,-219.31,329.74,-272.57,181.46,-33.80,-221.92,107.23,-98.03,460.12,368.84,-12393.41,-1803.68,-31.00,-108.19,75.85,23.90
CashflowNetCashflow_sy,,,,,-30.60,62.10,28.57,-101.12,88.48,-58.14,46.51,69.32,-26.09,15.91,-5.56,77.12,62.24,11.33,27.28,-0.16,52.11,100.93,103.57,-73.95,-17.80,80.62,-58.28,58.58,56.72,-25.84,-19.21,24.33,-19.54,-78.73,-40.65,9.05
CashflowNetCashflow_qq,,-200.20,107.02,4303.41,-196.70,94.44,127.70,70.73,61.70,-125.32,218.00,-801.99,241.08,-67.73,-98.75,-13975.00,227.03,-43.48,47.43,136.85,-160.45,303.59,-159.20,486.31,-128.74,-85.50,103.51,5.00,5163.85,38.48,-260.61,85.45,313.20,-116.44,-373.57,54.14
CashflowNetCashflow_sq,,-122.37,70.02,82.57,-94.34,36.08,34.02,27.07,85.38,-125.32,63.69,60.28,-39.37,-35.65,26.35,120.80,19.20,-64.85,57.00,134.37,-48.63,2.81,36.44,5.50,94.58,122.32,-66.06,5.00,18.53,96.69,-74.48,85.45,-42.80,40.54,-27.61,63.23
