,2005/Q1,2005/Q2,2005/Q3,2005/Q4,2006/Q1,2006/Q2,2006/Q3,2006/Q4,2007/Q1,2007/Q2,2007/Q3,2007/Q4,2008/Q1,2008/Q2,2008/Q3,2008/Q4,2009/Q1,2009/Q2,2009/Q3,2009/Q4,2010/Q1,2010/Q2,2010/Q3,2010/Q4,2011/Q1,2011/Q2,2011/Q3,2011/Q4,2012/Q1,2012/Q2,2012/Q3,2012/Q4,2013/Q1,2013/Q2,2013/Q3,2013/Q4,2014/Q1,2014/Q2,2014/Q3,2014/Q4,2015/Q1,2015/Q2,2015/Q3,2015/Q4,2016/Q1,2016/Q2,2016/Q3,2016/Q4,2017/Q1,2017/Q2,2017/Q3
IncomeRevenues,29557000,23849000,30726000,46336000,32966000,23940000,28383000,53717000,41909000,27475000,33175000,54076000,39632000,28689000,33199000,47432000,38171000,28472000,26542000,49531000,39922000,33293000,36813000,63240000,49447000,43126000,49817000,76241000,270650000,-172574000,44359000,67812000,49678000,72793000,58385000,53139000,56179000,84105000,67544000,54653000,63309000,86918000,68902000,43461000,45374000,55424000,49520000,49151000,50310000,74513000,61619000
IncomeRevenues_yy,,,,,11.53,0.38,-7.63,15.93,27.13,14.77,16.88,0.67,-5.43,4.42,0.07,-12.29,-3.69,-0.76,-20.05,4.43,4.59,16.93,38.70,27.68,23.86,29.53,35.32,20.56,447.35,-500.16,-10.96,-11.06,-81.64,142.18,31.62,-21.64,13.09,15.54,15.69,2.85,12.69,3.34,2.01,-20.48,-28.33,-36.23,-28.13,13.09,10.88,34.44,24.43
IncomeRevenues_sy,,,,,11.57,26.41,27.58,28.82,35.04,17.75,17.48,7.86,5.41,22.13,9.78,-3.85,-3.56,-4.86,-16.39,-0.75,12.84,13.89,22.40,22.36,22.16,17.24,11.98,14.00,9.18,0.09,-8.34,-5.27,-4.38,6.22,8.31,3.77,5.62,8.90,6.14,0.94,11.28,1.79,2.12,-1.20,-5.84,8.04,12.38,8.14,11.60,8.36,12.03
IncomeRevenues_qq,,-19.31,28.84,50.80,-28.85,-27.38,18.56,89.26,-21.98,-34.44,20.75,63.00,-26.71,-27.61,15.72,42.87,-19.52,-25.41,-6.78,86.61,-19.40,-16.60,10.57,71.79,-21.81,-12.78,15.52,53.04,254.99,-163.76,125.70,52.87,-26.74,46.53,-19.79,-8.99,5.72,49.71,-19.69,-19.09,15.84,37.29,-20.73,-36.92,4.40,22.15,-10.65,-0.75,2.36,48.11,-17.30
IncomeRevenues_sq,,10.78,0.12,14.42,-10.10,28.11,8.84,11.29,-8.89,5.38,5.90,7.72,4.46,9.12,-1.54,-6.06,-12.67,12.38,1.24,-1.90,-4.70,19.34,10.57,-2.23,1.00,10.57,4.87,-1.28,-6.65,4.06,5.76,-3.59,-9.28,12.36,1.39,-6.83,-2.51,13.88,2.34,-7.27,3.76,6.32,-0.38,-3.70,-4.04,15.77,-0.34,-0.14,-4.55,4.54,4.73
IncomeCostOfSales,24122000,18987000,26976000,39250000,28153000,20655000,24516000,45506000,34388000,23947000,27376000,42578000,31146000,23096000,26416000,38297000,30124000,23201000,21835000,40722000,31816000,27039000,30545000,50300000,39373000,35244000,39173000,62257000,233757000,-147398000,39112000,58280000,41788000,61147000,49036000,46334000,46416000,68590000,56548000,48025000,54562000,74548000,59556000,38198000,37626000,46025000,42817000,43358000,43910000,63035000,51631000
IncomeCostOfSales_yy,,,,,16.71,8.78,-9.12,15.94,22.15,15.94,11.67,-6.43,-9.43,-3.55,-3.51,-10.05,-3.28,0.45,-17.34,6.33,5.62,16.54,39.89,23.52,23.75,30.35,28.25,23.77,493.70,-518.22,-0.16,-6.39,-82.12,141.48,25.37,-20.50,11.07,12.17,15.32,3.65,17.55,8.69,5.32,-20.46,-31.04,-38.26,-28.11,13.51,16.70,36.96,20.59
IncomeCostOfSales_sy,,,,,9.35,14.69,24.14,27.08,44.87,21.49,26.48,9.28,4.48,22.10,11.48,-4.22,-16.19,-2.25,-20.50,-5.00,10.74,16.54,28.80,24.18,24.08,18.13,10.44,14.31,10.64,7.20,0.63,0.11,2.26,7.05,6.71,4.68,4.51,2.38,4.28,-0.79,7.99,-2.17,1.30,-6.12,-8.28,3.21,6.26,7.27,12.24,8.23,13.10
IncomeCostOfSales_qq,,-21.29,42.08,45.50,-28.27,-26.63,18.69,85.62,-24.43,-30.36,14.32,55.53,-26.85,-25.85,14.37,44.98,-21.34,-22.98,-5.89,86.50,-21.87,-15.01,12.97,64.68,-21.72,-10.49,11.15,58.93,275.47,-163.06,126.53,49.01,-28.30,46.33,-19.81,-5.51,0.18,47.77,-17.56,-15.07,13.61,36.63,-20.11,-35.86,-1.50,22.32,-6.97,1.26,1.27,43.55,-18.09
IncomeCostOfSales_sq,,11.21,2.77,12.06,-12.54,24.35,7.88,14.74,-3.48,7.52,6.56,6.56,1.12,4.51,0.28,-4.14,-20.92,9.62,1.80,-3.17,-2.20,19.51,11.69,-4.29,9.51,11.78,4.29,3.66,-10.64,5.26,0.32,-3.28,-9.54,12.90,1.64,-6.02,-6.07,9.36,-1.31,-7.99,-4.06,13.07,-0.62,-2.09,-4.52,16.79,-2.36,1.22,-2.07,8.59,4.03
IncomeDistributionExpenses,3038000,2669000,2470000,3696000,2448000,2861000,3772000,6429000,4327000,4300000,4237000,7203000,3847000,3978000,4076000,5895000,4104000,3632000,1355000,4150000,4551000,3726000,3797000,6169000,4111000,3984000,4005000,6803000,20175000,-12103000,3950000,4099000,3808000,5506000,4724000,4327000,4525000,5523000,4762000,4648000,4580000,6125000,5178000,5324000,4704000,5328000,5105000,5502000,5426000,6848000,6125000
IncomeDistributionExpenses_yy,,,,,-19.42,7.19,52.71,73.94,76.76,50.30,12.33,12.04,-11.09,-7.49,-3.80,-18.16,6.68,-8.70,-66.76,-29.60,10.89,2.59,180.22,48.65,-9.67,6.92,5.48,10.28,390.76,-403.79,-1.37,-39.75,-81.13,145.49,19.59,5.56,18.83,0.31,0.80,7.42,1.22,10.90,8.74,14.54,2.71,-13.01,-1.41,3.34,15.35,28.53,19.98
IncomeDistributionExpenses_sy,,,,,23.59,34.65,37.00,23.26,35.09,25.50,17.10,29.72,12.62,34.66,13.88,0.59,6.05,7.38,-0.45,0.11,7.06,12.88,9.58,14.40,11.30,8.85,11.84,9.40,6.16,0.93,3.41,-3.02,-0.92,5.94,-7.61,7.77,8.57,2.63,4.82,-9.52,7.60,2.00,3.23,3.45,2.10,9.36,10.96,6.37,14.85,6.40,11.86
IncomeDistributionExpenses_qq,,-12.15,-7.46,49.64,-33.77,16.87,31.84,70.44,-32.70,-0.62,-1.47,70.00,-46.59,3.41,2.46,44.63,-30.38,-11.50,-62.69,206.27,9.66,-18.13,1.91,62.47,-33.36,-3.09,0.53,69.86,196.56,-159.99,132.64,3.77,-7.10,44.59,-14.20,-8.40,4.58,22.06,-13.78,-2.39,-1.46,33.73,-15.46,2.82,-11.65,13.27,-4.19,7.78,-1.38,26.21,-10.56
IncomeDistributionExpenses_sq,,11.52,1.54,19.29,-16.85,18.36,7.90,16.18,-14.44,15.83,3.32,32.94,-17.71,14.79,2.46,4.48,-12.70,11.41,-3.10,10.04,-6.24,10.42,-1.20,11.12,-10.88,13.03,2.47,4.11,-5.24,5.06,3.54,7.16,-11.58,16.98,-2.29,13.32,-17.22,10.48,-1.22,6.02,-5.97,9.17,-2.10,10.77,-13.19,14.32,-1.93,2.36,-2.37,8.41,-0.42
IncomeAdministrativExpenses,382000,675000,318000,920000,650000,842000,1340000,1424000,1027000,1368000,1455000,1925000,1715000,1722000,2165000,2222000,1818000,2203000,173000,1750000,1338000,1441000,1483000,2292000,1484000,2024000,1950000,1650000,9179000,-5844000,1758000,1968000,2008000,2022000,1963000,1895000,2004000,2544000,2420000,1802000,1991000,2662000,2288000,1401000,2071000,2588000,1616000,2356000,1944000,1949000,2233000
IncomeAdministrativExpenses_yy,,,,,70.16,24.74,321.38,54.78,58.00,62.47,8.58,35.18,66.99,25.88,48.80,15.43,6.01,27.93,-92.01,-21.24,-26.40,-34.59,757.23,30.97,10.91,40.46,31.49,-28.01,518.53,-388.74,-9.85,19.27,-78.12,134.60,11.66,-3.71,-0.20,25.82,23.28,-4.91,-0.65,4.64,-5.45,-22.25,4.02,-2.78,-29.37,68.17,-6.13,-24.69,38.18
IncomeAdministrativExpenses_sy,,,,,2.51,23.39,5.85,17.62,30.62,57.60,18.82,14.29,25.31,35.13,36.30,11.62,7.69,13.20,-8.28,-7.34,4.26,-1.04,9.22,8.25,10.69,2.95,6.12,-17.24,3.96,3.35,-9.08,8.32,-4.49,1.83,1.50,5.66,1.27,1.95,14.90,1.18,8.79,2.57,1.27,2.17,0.88,0.76,5.16,5.96,6.23,-0.10,3.89
IncomeAdministrativExpenses_qq,,76.70,-52.89,189.31,-29.35,29.54,59.14,6.27,-27.88,33.20,6.36,32.30,-10.91,0.41,25.73,2.63,-18.18,21.18,-92.15,911.56,-23.54,7.70,2.91,54.55,-35.25,36.39,-3.66,-15.38,456.30,-163.67,130.08,11.95,2.03,0.70,-2.92,-3.46,5.75,26.95,-4.87,-25.54,10.49,33.70,-14.05,-38.77,47.82,24.96,-37.56,45.79,-17.49,0.26,14.57
IncomeAdministrativExpenses_sq,,8.57,14.93,5.84,-20.70,21.19,3.74,10.83,-2.53,13.35,-1.64,2.64,-5.96,9.35,8.65,8.32,-18.18,6.15,-7.83,5.98,-9.80,4.18,-1.78,14.36,-17.61,2.25,-0.66,6.66,-3.28,-1.72,-4.83,13.23,-4.65,8.84,-7.99,8.74,-9.49,10.77,0.41,6.04,-8.14,7.57,-9.02,9.18,-7.02,17.36,-2.94,12.72,-6.74,3.76,-1.15
IncomeGrossProfit,2015000,1518000,962000,2470000,1715000,-418000,-1245000,358000,2167000,-2140000,107000,2370000,2924000,-107000,542000,1018000,2125000,-564000,3179000,2909000,2217000,1087000,988000,4479000,4479000,1874000,4689000,5531000,7539000,-7229000,-461000,3465000,2074000,4118000,2662000,583000,3234000,7448000,3814000,178000,2176000,3583000,1880000,-1462000,973000,1483000,-18000,-2065000,-970000,2681000,1630000
IncomeGrossProfit_yy,,,,,-14.89,-127.54,-229.42,-85.51,26.36,-411.96,108.59,562.01,34.93,95.00,406.54,-57.05,-27.33,-427.10,486.53,185.76,4.33,292.73,-68.92,53.97,102.03,72.40,374.60,23.49,68.32,-485.75,-109.83,-37.35,-72.49,156.97,677.44,-83.17,55.93,80.86,43.28,-69.47,-32.71,-51.89,-50.71,-921.35,-55.28,-58.61,-100.96,-41.24,-199.69,80.78,9155.56
IncomeGrossProfit_sy,,,,,-13.92,93.08,85.00,46.22,54.46,-6.39,-3.66,0.87,-2.36,70.86,61.03,-57.05,-59.95,-73.11,-29.60,44.98,25.04,73.68,32.30,58.18,66.09,-9.72,12.85,15.02,-22.45,-23.84,-21.92,-18.88,-8.84,33.08,36.97,11.89,9.54,4.86,6.27,-26.46,-2.77,2.96,-1.50,3.02,11.53,27.44,38.26,5.98,20.60,-9.84,13.58
IncomeGrossProfit_qq,,-24.67,-36.63,156.76,-30.57,-124.37,-197.85,128.76,505.31,-198.75,105.00,2114.95,23.38,-103.66,606.54,87.82,108.74,-126.54,663.65,-8.49,-23.79,-50.97,-9.11,353.34,,-58.16,150.21,17.96,36.30,-195.89,93.62,851.63,-40.14,98.55,-35.36,-78.10,454.72,130.30,-48.79,-95.33,1122.47,64.66,-47.53,-177.77,166.55,52.42,-101.21,-11372.22,53.03,376.39,-39.20
IncomeGrossProfit_sq,,9.34,50.37,4.88,-36.70,146.07,4.00,-15.81,21.40,-8.71,-25.90,3.14,56.49,41.08,-26.90,-73.31,60.34,11.00,59.81,-20.59,15.72,69.66,1.03,-6.63,,-6.37,19.84,-15.51,-12.90,-11.22,9.82,-7.71,-11.63,44.40,0.50,-22.93,-16.42,42.94,-6.29,-31.34,11.08,43.56,1.43,-44.11,58.25,79.28,-28.24,-25.87,36.57,4.97,32.92
IncomeOtherOperatingIncome,61000,170000,235000,1898000,5000,511000,279000,1002000,43000,442000,73000,1622000,413000,1166000,1652000,-745000,806000,221000,-301000,-230000,347000,190000,185000,1917000,93000,39000,184000,462000,2714000,-567000,93000,407000,96000,678000,267000,955000,70000,811000,101000,718000,99000,890000,207000,614000,22000,920000,946000,1663000,631000,42000,105000
IncomeOtherOperatingIncome_yy,,,,,-91.80,200.59,18.72,-47.21,760.00,-13.50,-73.84,61.88,860.47,163.80,2163.01,-145.93,95.16,-81.05,-118.22,69.13,-56.95,-14.03,161.46,933.48,-73.20,-79.47,-0.54,-75.90,2818.28,-1553.85,-49.46,-11.90,-96.46,219.58,187.10,134.64,-27.08,19.62,-62.17,-24.82,41.43,9.74,104.95,-14.48,-77.78,3.37,357.00,170.85,2768.18,-95.43,-88.90
IncomeOtherOperatingIncome_sy,,,,,-47.28,-39.42,-18.37,152.92,31.75,159.41,98.90,98.25,56.86,-16.47,-29.49,-58.04,26.88,-45.11,-62.43,12.88,-29.04,11.76,78.04,-31.41,15.69,3.38,4.04,14.66,-6.29,-24.66,-2.48,43.71,-3.27,81.94,34.84,30.93,-26.76,-26.27,-10.84,32.67,10.54,-1.36,-3.60,-31.53,36.36,21.54,8.54,-42.73,16.70,8.71,19.78
IncomeOtherOperatingIncome_qq,,178.69,38.24,707.66,-99.74,10120.00,-45.40,259.14,-95.71,927.91,-83.48,2121.92,-74.54,182.32,41.68,-145.10,208.19,-72.58,-236.20,23.59,250.87,-45.24,-2.63,936.22,-95.15,-58.06,371.79,151.09,487.45,-120.89,116.40,337.63,-76.41,606.25,-60.62,257.68,-92.67,1058.57,-87.55,610.89,-86.21,798.99,-76.74,196.62,-96.42,4081.82,2.83,75.79,-62.06,-93.34,150.00
IncomeOtherOperatingIncome_sq,,1.27,22.32,-10.34,-40.92,15.65,-45.29,238.24,-35.14,333.33,-49.00,394.44,-76.24,23.07,-34.43,34.48,-38.32,-13.64,-55.34,190.59,-50.72,51.96,-5.48,43.74,-21.34,44.34,-7.78,48.44,-15.32,0.09,17.10,60.38,-0.08,-2.86,-44.01,65.25,-29.75,-1.61,-22.39,53.32,-58.02,-16.36,28.52,31.76,21.79,-14.98,-2.28,9.73,-13.60,76.40,-16.14
IncomeOtherOperatingCosts,17000,113000,16000,882000,21000,56000,412000,1262000,121000,682000,109000,2007000,495000,1190000,1663000,-1294000,539000,374000,87000,-620000,846000,607000,108000,408000,424000,106000,108000,2703000,1597000,-1254000,5000,534000,361000,826000,200000,931000,1029000,1270000,255000,674000,119000,817000,70000,799000,116000,672000,23000,394000,21000,341000,297000
IncomeOtherOperatingCosts_yy,,,,,23.53,-50.44,2475.00,43.08,476.19,1117.86,-73.54,59.03,309.09,74.49,1425.69,-164.47,8.89,-68.57,-94.77,52.09,56.96,62.30,24.14,165.81,-49.88,-82.54,,562.50,276.65,-1283.02,-95.37,-80.24,-77.40,165.87,3900.00,74.34,185.04,53.75,27.50,-27.60,-88.44,-35.67,-72.55,18.55,-2.52,-17.75,-67.14,-50.69,-81.90,-49.26,1191.30
IncomeOtherOperatingCosts_sy,,,,,-34.11,-10.78,7.78,-45.47,58.12,80.26,-20.86,104.07,103.42,40.58,86.69,-43.56,-4.52,-0.83,19.80,47.67,56.30,91.78,-24.78,37.97,-32.89,-25.71,,0.88,51.95,-23.93,28.61,2.58,-9.96,130.09,-18.91,-11.87,-0.81,-31.90,30.37,-19.22,19.47,-5.28,31.67,16.82,-32.23,-17.75,26.54,-6.35,25.00,-18.42,-28.80
IncomeOtherOperatingCosts_qq,,564.71,-85.84,5412.50,-97.62,166.67,635.71,206.31,-90.41,463.64,-84.02,1741.28,-75.34,140.40,39.75,-177.81,141.65,-30.61,-76.74,-812.64,236.45,-28.25,-82.21,277.78,3.92,-75.00,1.89,2402.78,-40.92,-178.52,100.40,10580.00,-32.40,128.81,-75.79,365.50,10.53,23.42,-79.92,164.31,-82.34,586.55,-91.43,1041.43,-85.48,479.31,-96.58,1613.04,-94.67,1523.81,-12.90
IncomeOtherOperatingCosts_sq,,32.12,-25.76,82.99,-72.79,177.48,29.81,97.84,-43.36,322.66,-4.38,230.21,-59.46,26.60,15.42,7.97,-50.96,-14.64,14.07,24.68,-39.76,70.88,-62.54,128.40,-48.48,25.49,-27.12,84.06,-32.09,13.67,2.36,50.30,-55.88,87.44,-42.58,135.51,-61.52,46.23,-16.03,43.20,-45.08,8.97,-10.64,101.39,-72.28,71.95,-10.61,104.91,-67.44,20.64,9.74
IncomeEBIT,2059000,1575000,1181000,3486000,1699000,37000,-1378000,98000,2089000,-2380000,71000,1985000,2842000,-131000,531000,1567000,2392000,-717000,2791000,3299000,1718000,670000,1065000,5988000,4148000,1807000,4765000,3290000,8656000,-6542000,-373000,3338000,1809000,3970000,2729000,607000,2275000,6989000,3660000,222000,2156000,3656000,2017000,-1647000,879000,1731000,905000,-796000,-360000,2382000,1438000
IncomeEBIT_yy,,,,,-17.48,-97.65,-216.68,-97.19,22.95,-6532.43,105.15,1925.51,36.05,94.50,647.89,-21.06,-15.83,-447.33,425.61,110.53,-28.18,193.44,-61.84,81.51,141.44,169.70,347.42,-45.06,108.68,-462.04,-107.83,1.46,-79.10,160.68,831.64,-81.82,25.76,76.05,34.12,-63.43,-5.23,-47.69,-44.89,-841.89,-59.23,-52.65,-55.13,51.67,-140.96,37.61,58.90
IncomeEBIT_sy,,,,,-19.00,76.10,67.66,87.86,162.06,20.37,0.62,24.63,-1.83,55.47,22.73,-84.52,-45.48,-53.16,-28.39,46.80,23.80,30.67,12.79,75.22,59.88,-1.50,5.89,14.60,-5.32,0.70,-16.71,-7.16,-25.22,38.93,41.21,9.77,12.79,5.48,9.18,-23.53,-8.08,-0.84,2.84,-0.08,25.36,32.90,28.51,22.30,26.46,-0.78,16.31
IncomeEBIT_qq,,-23.51,-25.02,195.17,-51.26,-97.82,-3824.32,107.11,2031.63,-213.93,102.98,2695.77,43.17,-104.61,505.34,195.10,52.65,-129.97,489.26,18.20,-47.92,-61.00,58.96,462.25,-30.73,-56.44,163.70,-30.95,163.10,-175.58,94.30,994.91,-45.81,119.46,-31.26,-77.76,274.79,207.21,-47.63,-93.93,871.17,69.57,-44.83,-181.66,153.37,96.93,-47.72,-187.96,54.77,761.67,-39.63
IncomeEBIT_sq,,14.74,44.96,-27.02,28.24,116.58,2.97,-9.42,46.10,-26.28,-22.70,28.03,-23.84,9.59,-26.79,-57.84,48.12,-0.13,47.03,-51.47,14.92,46.52,54.14,9.89,21.89,-20.31,24.06,-7.38,-14.90,-15.91,7.98,4.30,-14.25,54.34,-2.36,-27.97,0.27,27.20,7.22,-32.56,-2.60,37.80,8.42,-41.22,80.38,102.79,-23.40,-11.97,28.02,-7.79,33.37
IncomeFinanceIncome,545000,80000,185000,416000,129000,588000,108000,611000,102000,242000,47000,952000,324000,75000,121000,138000,945000,247000,260000,-823000,1204000,-768000,34000,142000,1257000,-284000,179000,628000,570000,-375000,71000,282000,143000,140000,256000,262000,372000,124000,98000,187000,140000,435000,122000,337000,11000,363000,-357000,32000,31000,50000,75000
IncomeFinanceIncome_yy,,,,,-76.33,635.00,-41.62,46.88,-20.93,-58.84,-56.48,55.81,217.65,-69.01,157.45,-85.50,191.67,229.33,114.88,-696.38,27.41,-410.93,-86.92,117.25,4.40,63.02,426.47,342.25,-54.65,-32.04,-60.34,-55.10,-74.91,137.33,260.56,-7.09,160.14,-11.43,-61.72,-28.63,-62.37,250.81,24.49,80.21,-92.14,-16.55,-392.62,-90.50,181.82,-86.23,121.01
IncomeFinanceIncome_sy,,,,,-49.69,12.70,-65.25,-36.67,9.30,195.01,38.36,100.63,61.22,-24.60,-4.36,59.14,-8.60,45.72,104.51,-36.93,33.41,-20.84,-38.72,61.55,4.86,6.36,60.40,-24.80,33.99,16.49,7.67,34.09,-35.36,34.40,11.46,-4.98,-13.05,-32.74,-5.64,-2.16,29.36,-30.41,-46.58,-6.64,,29.77,36.54,-15.18,11.68,-40.00,-37.30
IncomeFinanceIncome_qq,,-85.32,131.25,124.86,-68.99,355.81,-81.63,465.74,-83.31,137.25,-80.58,1925.53,-65.97,-76.85,61.33,14.05,584.78,-73.86,5.26,-416.54,246.29,-163.79,104.43,317.65,785.21,-122.59,163.03,250.84,-9.24,-165.79,118.93,297.18,-49.29,-2.10,82.86,2.34,41.98,-66.67,-20.97,90.82,-25.13,210.71,-71.95,176.23,-96.74,3200.00,-198.35,108.96,-3.12,61.29,50.00
IncomeFinanceIncome_sq,,20.00,-24.87,3.12,-22.22,-8.91,-8.40,-18.92,118.61,155.29,-40.97,-0.66,4.17,-10.00,-3.40,38.24,-51.00,23.06,,142.89,13.43,-44.08,38.50,230.11,13.58,13.40,5.04,28.10,15.00,-6.52,,8.64,-29.42,-2.10,6.50,14.18,-17.10,49.96,0.49,-5.15,-24.68,-10.65,9.52,159.09,-1.25,70.45,-12.56,70.10,-17.76,-24.32,-3.24
IncomeFinanceCosts,347000,444000,260000,708000,224000,230000,692000,792000,955000,962000,986000,776000,830000,1087000,901000,1503000,1226000,935000,544000,-371000,1285000,-250000,768000,806000,986000,163000,704000,943000,6576000,-3485000,1329000,1144000,519000,693000,690000,602000,446000,483000,556000,318000,363000,440000,415000,363000,702000,-23000,394000,668000,408000,406000,325000
IncomeFinanceCosts_yy,,,,,-35.45,-48.20,166.15,11.86,326.34,318.26,42.49,-2.02,-13.09,12.99,-8.62,93.69,47.71,-13.98,-39.62,-124.68,4.81,-126.74,41.18,317.25,-23.27,165.20,-8.33,17.00,566.94,-2238.04,88.78,21.31,-92.11,119.89,-48.08,-47.38,-14.07,-30.30,-19.42,-47.18,-18.61,-8.90,-25.36,14.15,93.39,-105.23,-5.06,84.02,-41.88,1865.22,-17.51
IncomeFinanceCosts_sy,,,,,-29.12,-47.01,-25.00,21.58,18.50,133.38,60.95,23.40,35.17,15.00,107.64,203.03,29.63,-5.63,-32.68,-39.42,-15.66,17.01,10.24,32.68,41.07,21.01,47.62,2.62,7.75,13.09,21.81,-2.36,-16.90,-23.41,-50.59,-21.09,-26.40,-12.18,14.48,0.16,4.41,-3.73,-22.71,-14.65,0.71,8.40,7.74,18.00,28.38,5.38,24.76
IncomeFinanceCosts_qq,,27.95,-41.44,172.31,-68.36,2.68,200.87,14.45,20.58,0.73,2.49,-21.30,6.96,30.96,-17.11,66.81,-18.43,-23.74,-41.82,-168.20,446.36,-119.46,407.20,4.95,22.33,-83.47,331.90,33.95,597.35,-153.00,138.13,-13.92,-54.63,33.53,-0.43,-12.75,-25.91,8.30,15.11,-42.81,14.15,21.21,-5.68,-12.53,93.39,-103.28,1813.04,69.54,-38.92,-0.49,-19.95
IncomeFinanceCosts_sq,,10.18,-36.82,-16.33,30.15,-0.44,-9.56,25.51,8.79,21.58,3.65,10.53,6.96,14.84,51.78,58.33,-38.78,-13.36,27.38,9.04,-20.10,8.93,3.53,53.77,0.25,3.90,1.52,-5.22,-2.09,8.21,4.28,-1.60,-20.38,-0.39,-23.13,27.84,-11.80,14.41,3.92,14.81,-14.28,4.27,-13.78,30.10,-5.58,13.26,3.68,40.11,-13.54,-0.49,-2.00
IncomeOtherIncome,,,,,,,,,,,,,,,,,,,,,,,,,,,,,,,,,,,,,,,,,,,,,,,,,,,
IncomeOtherIncome_yy,,,,,,,,,,,,,,,,,,,,,,,,,,,,,,,,,,,,,,,,,,,,,,,,,,,
IncomeOtherIncome_sy,,,,,,,,,,,,,,,,,,,,,,,,,,,,,,,,,,,,,,,,,,,,,,,,,,,
IncomeOtherIncome_qq,,,,,,,,,,,,,,,,,,,,,,,,,,,,,,,,,,,,,,,,,,,,,,,,,,,
IncomeOtherIncome_sq,,,,,,,,,,,,,,,,,,,,,,,,,,,,,,,,,,,,,,,,,,,,,,,,,,,
IncomeNetGrossProfit,2257000,1211000,1106000,3194000,1604000,395000,-1962000,-83000,1236000,-3100000,-868000,2161000,2336000,-1143000,-249000,202000,2111000,-1405000,2507000,2847000,1637000,152000,331000,5324000,4419000,1360000,4240000,2975000,2650000,-3432000,-1631000,2476000,1433000,3417000,2295000,267000,2201000,6630000,3202000,91000,1933000,3651000,1724000,-1673000,188000,2117000,154000,-1432000,-737000,2026000,1188000
IncomeNetGrossProfit_yy,,,,,-28.93,-67.38,-277.40,-102.60,-22.94,-884.81,55.76,2703.61,89.00,63.13,71.31,-90.65,-9.63,-22.92,1106.83,1309.41,-22.45,110.82,-86.80,87.00,169.95,794.74,1180.97,-44.12,-40.03,-352.35,-138.47,-16.77,-45.92,199.56,240.71,-89.22,53.59,94.03,39.52,-65.92,-12.18,-44.93,-46.16,-1938.46,-90.27,-42.02,-91.07,14.41,-492.02,-4.30,671.43
IncomeNetGrossProfit_sy,,,,,-23.48,92.36,34.42,65.87,111.85,33.11,-14.96,20.04,-22.74,50.47,-21.99,-149.33,-41.47,-21.86,-22.00,69.60,43.63,-24.66,37.88,62.92,33.21,-3.48,-0.92,14.29,-20.52,4.94,-27.05,-19.83,-25.68,51.83,48.03,14.46,27.02,7.34,5.37,0.39,-2.82,-1.10,-4.04,11.82,11.88,33.92,28.38,15.10,21.26,-5.90,11.44
IncomeNetGrossProfit_qq,,-46.34,-8.67,188.79,-49.78,-75.37,-596.71,95.77,1589.16,-350.81,72.00,348.96,8.10,-148.93,78.22,181.12,945.05,-166.56,278.43,13.56,-42.50,-90.71,117.76,1508.46,-17.00,-69.22,211.76,-29.83,-10.92,-229.51,52.48,251.81,-42.12,138.45,-32.84,-88.37,724.34,201.23,-51.70,-97.16,2024.18,88.88,-52.78,-197.04,111.24,1026.06,-92.73,-1029.87,48.53,374.90,-41.36
IncomeNetGrossProfit_sq,,6.32,26.58,-17.84,-6.32,134.57,2.57,-12.84,39.07,-24.77,-27.56,31.89,-17.74,10.58,-52.70,-250.92,70.64,60.83,43.50,-46.50,3.62,3.12,87.32,-21.56,2.31,-17.34,23.06,-8.26,-15.66,-47.13,18.82,29.57,-27.21,59.54,12.68,-38.01,0.32,28.20,4.59,-34.46,64.96,31.20,13.54,-2.98,32.55,74.34,-9.46,-55.36,43.69,-14.44,40.41
IncomeExtraordinarProfit,,,,,,,,,,,,,,,,,,,,,,,,,,,,,,,,,,,,,,,,,,,,,,,,,,,
IncomeExtraordinarProfit_yy,,,,,,,,,,,,,,,,,,,,,,,,,,,,,,,,,,,,,,,,,,,,,,,,,,,
IncomeExtraordinarProfit_sy,,,,,,,,,,,,,,,,,,,,,,,,,,,,,,,,,,,,,,,,,,,,,,,,,,,
IncomeExtraordinarProfit_qq,,,,,,,,,,,,,,,,,,,,,,,,,,,,,,,,,,,,,,,,,,,,,,,,,,,
IncomeExtraordinarProfit_sq,,,,,,,,,,,,,,,,,,,,,,,,,,,,,,,,,,,,,,,,,,,,,,,,,,,
IncomeBeforeTaxProfit,2257000,1211000,1106000,3194000,1604000,395000,-1962000,-83000,1236000,-3100000,-868000,2161000,2336000,-1143000,-249000,202000,2111000,-1405000,2507000,2847000,1637000,152000,331000,5324000,4419000,1360000,4240000,2975000,2650000,-3432000,-1631000,2476000,1433000,3417000,2295000,267000,2201000,6630000,3202000,91000,1933000,3651000,1724000,-1673000,188000,2117000,154000,-1432000,-737000,2026000,1188000
IncomeBeforeTaxProfit_yy,,,,,-28.93,-67.38,-277.40,-102.60,-22.94,-884.81,55.76,2703.61,89.00,63.13,71.31,-90.65,-9.63,-22.92,1106.83,1309.41,-22.45,110.82,-86.80,87.00,169.95,794.74,1180.97,-44.12,-40.03,-352.35,-138.47,-16.77,-45.92,199.56,240.71,-89.22,53.59,94.03,39.52,-65.92,-12.18,-44.93,-46.16,-1938.46,-90.27,-42.02,-91.07,14.41,-492.02,-4.30,671.43
IncomeBeforeTaxProfit_sy,,,,,-23.48,92.36,34.42,65.87,111.85,33.11,-14.96,20.04,-22.74,50.47,-21.99,-149.33,-41.47,-21.86,-22.00,69.60,43.63,-24.66,37.88,62.92,33.21,-3.48,-0.92,14.29,-20.52,4.94,-27.05,-19.83,-25.68,51.83,48.03,14.46,27.02,7.34,5.44,0.39,-2.82,-1.10,-4.04,11.82,11.88,33.92,28.38,15.10,21.26,-5.90,11.44
IncomeBeforeTaxProfit_qq,,-46.34,-8.67,188.79,-49.78,-75.37,-596.71,95.77,1589.16,-350.81,72.00,348.96,8.10,-148.93,78.22,181.12,945.05,-166.56,278.43,13.56,-42.50,-90.71,117.76,1508.46,-17.00,-69.22,211.76,-29.83,-10.92,-229.51,52.48,251.81,-42.12,138.45,-32.84,-88.37,724.34,201.23,-51.70,-97.16,2024.18,88.88,-52.78,-197.04,111.24,1026.06,-92.73,-1029.87,48.53,374.90,-41.36
IncomeBeforeTaxProfit_sq,,6.32,26.58,-17.84,-6.32,134.57,2.57,-12.84,39.07,-24.77,-27.56,31.89,-17.74,10.58,-52.70,-250.92,70.64,60.83,43.50,-46.50,3.62,3.12,87.32,-21.56,2.31,-17.34,23.06,-8.26,-15.66,-47.13,18.82,29.57,-27.21,59.54,12.68,-38.01,0.32,28.20,4.59,-34.46,64.96,31.20,13.54,-2.98,32.55,74.34,-9.46,-55.36,43.69,-14.44,40.41
IncomeDiscontinuedProfit,,,,,,,,,,,,,,,,,,,,,,,,,,,,,,,,,,,,,,,,,,,,,,,,,,,
IncomeDiscontinuedProfit_yy,,,,,,,,,,,,,,,,,,,,,,,,,,,,,,,,,,,,,,,,,,,,,,,,,,,
IncomeDiscontinuedProfit_sy,,,,,,,,,,,,,,,,,,,,,,,,,,,,,,,,,,,,,,,,,,,,,,,,,,,
IncomeDiscontinuedProfit_qq,,,,,,,,,,,,,,,,,,,,,,,,,,,,,,,,,,,,,,,,,,,,,,,,,,,
IncomeDiscontinuedProfit_sq,,,,,,,,,,,,,,,,,,,,,,,,,,,,,,,,,,,,,,,,,,,,,,,,,,,
IncomeNetProfit,1814000,944000,888000,2604000,1367000,210000,-1854000,-16000,971000,-2414000,-1024000,2277000,1898000,-1158000,-618000,-303000,1566000,-1436000,2341000,2369000,1307000,2000,313000,4256000,3641000,1080000,3305000,2076000,2762000,-3529000,-1699000,2671000,863000,2863000,1813000,135000,1815000,5251000,2499000,86000,1402000,3049000,1466000,-1384000,140000,1598000,151000,-1244000,-800000,1733000,932000
IncomeNetProfit_yy,,,,,-24.64,-77.75,-308.78,-100.61,-28.97,-1249.52,44.77,14331.25,95.47,52.03,39.65,-113.31,-17.49,-24.01,478.80,881.85,-16.54,100.14,-86.63,79.65,178.58,53900.00,955.91,-51.22,-24.14,-426.76,-151.41,28.66,-68.75,181.13,206.71,-94.95,110.31,83.41,37.84,-36.30,-22.75,-41.93,-41.34,-1709.30,-90.01,-47.59,-89.70,10.12,-671.43,8.45,517.22
IncomeNetProfit_sy,,,,,-20.84,90.56,1.11,68.95,100.09,29.73,-17.50,5.45,-15.31,50.13,-44.03,-152.74,-35.11,-36.16,-0.43,81.31,55.70,-27.52,28.74,70.91,71.54,-0.23,-2.62,36.63,-24.14,0.17,-20.89,-27.57,-22.78,51.20,50.55,22.92,18.34,6.84,6.53,6.47,-12.53,-3.82,12.36,0.66,14.68,36.74,12.40,13.33,40.99,8.45,9.12
IncomeNetProfit_qq,,-47.96,-5.93,193.24,-47.50,-84.64,-982.86,99.14,6168.75,-348.61,57.58,322.36,-16.64,-161.01,46.63,50.97,616.83,-191.70,263.02,1.20,-44.83,-99.85,15550.00,1259.74,-14.45,-70.34,206.02,-37.19,33.04,-227.77,51.86,257.21,-67.69,231.75,-36.67,-92.55,1244.44,189.31,-52.41,-96.56,1530.23,117.48,-51.92,-194.41,110.12,1041.43,-90.55,-923.84,35.69,316.62,-46.22
IncomeNetProfit_sq,,-14.18,15.16,-44.88,-12.74,125.19,2.63,-8.74,16.38,-32.44,-28.42,33.17,-20.79,4.48,-34.99,-261.36,63.16,71.13,40.05,-43.54,1.66,18.30,52.95,-13.40,5.24,-23.06,24.25,-5.18,-12.14,-44.77,18.18,24.74,-25.16,59.34,1.94,-40.89,-7.94,45.56,4.54,-18.41,27.76,32.07,15.08,-43.90,52.22,96.23,-6.85,-34.98,37.55,-21.42,41.93
IncomeShareholderNetProfit,1814000,944000,888000,2604000,1367000,210000,-1463000,-152000,989000,-2274000,-1024000,2343000,1907000,-1055000,-454000,-303000,1566000,-1436000,2341000,2369000,1307000,2000,313000,4256000,3641000,1080000,3305000,2076000,2762000,-3529000,-1699000,2671000,863000,2863000,1813000,135000,1815000,5251000,2499000,86000,1402000,3049000,1466000,-1384000,140000,1598000,151000,-1244000,-800000,1733000,932000
IncomeShareholderNetProfit_yy,,,,,-24.64,-77.75,-264.75,-105.84,-27.65,-1182.86,30.01,1641.45,92.82,53.61,55.66,-112.93,-17.88,-36.11,615.64,881.85,-16.54,100.14,-86.63,79.65,178.58,53900.00,955.91,-51.22,-24.14,-426.76,-151.41,28.66,-68.75,181.13,206.71,-94.95,110.31,83.41,37.84,-36.30,-22.75,-41.93,-41.34,-1709.30,-90.01,-47.59,-89.70,10.12,-671.43,8.45,517.22
IncomeShareholderNetProfit_sy,,,,,-18.41,54.56,29.60,68.95,101.07,29.73,0.14,7.30,-16.92,53.61,-44.03,-151.57,-34.88,-25.76,-0.43,81.31,58.15,-23.30,29.68,66.78,46.46,5.38,-2.58,36.43,-27.81,-11.23,-20.82,-26.80,-23.78,51.20,48.83,15.13,18.36,6.08,2.78,5.34,-12.57,-3.02,23.33,6.05,9.51,36.74,12.40,13.33,41.01,7.36,9.12
IncomeShareholderNetProfit_qq,,-47.96,-5.93,193.24,-47.50,-84.64,-796.67,89.61,750.66,-329.93,54.97,328.81,-18.61,-155.32,56.97,33.26,616.83,-191.70,263.02,1.20,-44.83,-99.85,15550.00,1259.74,-14.45,-70.34,206.02,-37.19,33.04,-227.77,51.86,257.21,-67.69,231.75,-36.67,-92.55,1244.44,189.31,-52.41,-96.56,1530.23,117.48,-51.92,-194.41,110.12,1041.43,-90.55,-923.84,35.69,316.62,-46.22
IncomeShareholderNetProfit_sq,,19.86,12.28,-43.53,-13.26,124.88,2.63,-5.62,18.77,-32.44,-21.93,34.62,-20.79,5.74,-35.82,-249.25,47.07,65.18,49.14,-43.44,1.73,18.30,66.58,-13.40,3.47,-23.52,25.32,-5.93,-19.61,-45.90,18.18,25.48,-30.70,59.33,7.72,-41.78,-8.52,45.56,5.19,-19.60,27.76,32.07,15.45,-34.79,55.37,91.05,-6.85,-36.14,35.69,-18.72,41.93
BalanceNoncurrentAssets,9497000,9514000,,18387000,18677000,,,43135000,42687000,,,29367000,28896000,,,28296000,27811000,26456000,,26134000,26116000,23100000,,23715000,23313000,25953000,,39992000,39405000,40332000,,40349000,37459000,37888000,37310000,37047000,37676000,38653000,38723000,42752000,42693000,43234000,45976000,46126000,47210000,49258000,49310000,49184000,48520000,47959000,47504000
BalanceNoncurrentAssets_yy,,,,,96.66,-100.00,,134.60,128.55,,,-31.92,-32.31,,,-3.65,-3.75,,,-7.64,-6.09,-12.69,,-9.26,-10.73,12.35,,68.64,69.03,55.40,,0.89,-4.94,-6.06,,-8.18,0.58,2.02,3.79,15.40,13.32,11.85,18.73,7.89,10.58,13.93,7.25,6.63,2.77,-2.64,-3.66
BalanceNoncurrentAssets_sy,,,,,7.97,14.38,,29.31,44.50,,,48.99,43.28,,,39.58,24.67,,,1.12,-1.63,-1.46,,2.33,7.37,5.14,,8.76,7.78,5.35,,-0.82,-1.19,-1.32,,0.59,-0.06,-3.12,0.92,2.22,1.70,4.94,3.21,7.30,5.74,4.72,5.26,2.70,1.08,0.39,1.56
BalanceNoncurrentAssets_qq,,0.18,-100.00,,1.58,-100.00,,,-1.04,-100.00,,,-1.60,-100.00,,,-1.71,-4.87,-100.00,,-0.07,-11.55,-100.00,,-1.70,11.32,-100.00,,-1.47,2.35,-100.00,,-7.16,1.15,-1.53,-0.70,1.70,2.59,0.18,10.40,-0.14,1.27,6.34,0.33,2.35,4.34,0.11,-0.26,-1.35,-1.16,-0.95
BalanceNoncurrentAssets_sq,,0.26,-50.37,,0.41,1.63,,,4.65,2.40,,,4.63,4.74,,,0.31,0.12,-100.00,,-0.82,0.04,-100.00,,-0.30,2.08,-100.00,,-1.22,-0.88,-0.90,,-0.59,0.34,-0.70,-0.32,-0.22,0.66,1.30,0.52,0.56,0.72,1.65,2.00,0.96,0.76,-0.28,-0.34,-0.62,0.20,-0.66
BalanceIntangibleAssets,4000,6000,,1652000,1665000,,,19202000,19208000,,,1260000,1976000,,,1186000,1160000,1145000,,1093000,1506000,1493000,,1452000,1452000,1435000,,1412000,1390000,1384000,,1356000,1326000,1346000,1351000,1331000,1318000,1438000,1432000,1424000,1409000,3073000,3057000,3038000,3019000,3001000,2982000,2965000,2948000,2932000,2936000
BalanceIntangibleAssets_yy,,,,,41525.00,-100.00,,1062.35,1053.63,,,-93.44,-89.71,,,-5.87,-41.30,,,-7.84,29.83,30.39,,32.85,-3.59,-3.88,,-2.75,-4.27,-3.55,,-3.97,-4.60,-2.75,,-1.84,-0.60,6.84,6.00,6.99,6.90,113.70,113.48,113.34,114.27,-2.34,-2.45,-2.40,-2.35,-2.30,-1.54
BalanceIntangibleAssets_sy,,,,,9.83,-28.00,,45.26,279.82,,,32.82,11.44,,,7.51,6.56,,,-0.04,-0.28,-0.50,,0.75,-0.07,-0.07,,-0.82,-1.58,-1.34,,-0.99,-0.72,-1.16,,-1.84,-2.28,-0.10,-0.07,0.08,0.63,2.14,0.49,3.20,4.00,2.10,2.32,-0.06,-0.18,-0.87,-0.04
BalanceIntangibleAssets_qq,,50.00,-100.00,,0.79,-100.00,,,0.03,-100.00,,,56.83,-100.00,,,-2.19,-1.29,-100.00,,37.79,-0.86,-100.00,,,-1.17,-100.00,,-1.56,-0.43,-100.00,,-2.21,1.51,0.37,-1.48,-0.98,9.10,-0.42,-0.56,-1.05,118.10,-0.52,-0.62,-0.63,-0.60,-0.63,-0.57,-0.57,-0.54,0.14
BalanceIntangibleAssets_sq,,-7.29,-23.08,,-8.19,-12.85,,,0.03,-3.87,,,-1.27,-1.39,,,-0.23,-1.20,-100.00,,-0.04,-0.85,-100.00,,,-0.90,-100.00,,-1.56,-0.07,-1.52,,-0.63,-0.53,-0.67,-0.56,-0.78,1.44,-0.02,-0.07,-0.08,1.34,,1.34,-0.28,-0.03,-0.10,-0.08,-0.15,-0.03,0.01
BalanceProperty,9428000,9449000,,16654000,16897000,,,23684000,23301000,,,26768000,25547000,,,25516000,25043000,24758000,,24297000,23754000,20919000,,21433000,21066000,23786000,,37627000,37092000,37764000,,37763000,35110000,35311000,34750000,34452000,34901000,35338000,35398000,36667000,36558000,36973000,39619000,42561000,43661000,45822000,45916000,45520000,44897000,44371000,43912000
BalanceProperty_yy,,,,,79.22,-100.00,,42.21,37.90,,,13.02,9.64,,,-4.68,-1.97,,,-4.78,-5.15,-15.51,,-11.79,-11.32,13.71,,75.56,76.08,58.77,,0.36,-5.34,-6.50,,-8.77,-0.60,0.08,1.86,6.43,4.75,4.63,11.92,16.07,19.43,23.93,15.89,6.95,2.83,-3.17,-4.36
BalanceProperty_sy,,,,,11.42,15.05,,26.05,37.90,,,45.40,48.35,,,42.07,28.28,,,-0.69,-1.77,-1.87,,2.99,3.64,10.23,,1.06,4.23,2.56,,-3.84,-3.98,-4.37,,-2.89,-1.77,-0.54,1.16,2.94,4.83,4.53,6.00,5.34,3.10,1.82,1.40,2.26,2.82,1.26,1.38
BalanceProperty_qq,,0.22,-100.00,,1.46,-100.00,,,-1.62,-100.00,,,-4.56,-100.00,,,-1.85,-1.14,-100.00,,-2.23,-11.93,-100.00,,-1.71,12.91,-100.00,,-1.42,1.81,-100.00,,-7.03,0.57,-1.59,-0.86,1.30,1.25,0.17,3.58,-0.30,1.14,7.16,7.43,2.58,4.95,0.21,-0.86,-1.37,-1.17,-1.03
BalanceProperty_sq,,2.01,-51.14,,0.82,3.19,,,7.57,4.39,,,1.77,4.87,,,-0.16,-0.66,-100.00,,-1.48,-0.10,-100.00,,-0.26,2.00,-100.00,,-0.96,-0.98,-1.71,,-0.90,-0.80,-0.63,-0.23,-0.32,1.36,0.84,0.31,0.36,0.76,1.06,1.38,-0.08,-0.23,-0.63,-0.09,-0.85,-0.67,0.06
BalanceNoncurrentReceivables,,,,,,,,,,,,,,,,,,,,,,,,0,0,0,,24000,21000,19000,,12000,35000,58000,64000,50000,121000,61000,84000,,76000,,,,,,,313000,313000,322000,322000
BalanceNoncurrentReceivables_yy,,,,,,,,,,,,,,,,,,,,,,,,,,,,,,,,-50.00,66.67,205.26,,316.67,245.71,5.17,31.25,-100.00,-37.19,-100.00,-100.00,,-100.00,,,,,,
BalanceNoncurrentReceivables_sy,,,,,,,,,,,,,,,,,,,,,,,,,,,,,,,,17.55,10.18,0.58,,-0.08,2.15,,-0.98,-9.66,-8.43,-7.94,-11.96,,-1.57,,,,,,
BalanceNoncurrentReceivables_qq,,,,,,,,,,,,,,,,,,,,,,,,,,,,,-12.50,-9.52,-100.00,,191.67,65.71,10.34,-21.88,142.00,-49.59,37.70,-100.00,,-100.00,,,,,,,,2.88,
BalanceNoncurrentReceivables_sq,,,,,,,,,,,,,,,,,,,,,,,,,,,,,-2.79,2.74,-3.20,,,,,-2.90,,-0.47,1.10,-0.82,,-0.79,,,,,,,,-0.29,
BalanceNoncurrInvestments,,,,,,,,0,0,,,132000,132000,,,132000,132000,132000,,132000,132000,132000,,132000,132000,132000,,132000,132000,132000,,132000,132000,132000,132000,132000,132000,374000,373000,3260000,3230000,3188000,3300000,527000,530000,435000,412000,386000,362000,334000,334000
BalanceNoncurrInvestments_yy,,,,,,,,,,,,,,,,,,,,,,,,,,,,,,,,,,,,,,183.33,182.58,2369.70,2346.97,752.41,784.72,-83.83,-83.59,-86.36,-87.52,-26.76,-31.70,-23.22,-18.93
BalanceNoncurrInvestments_sy,,,,,,,,,,,,,,,,,,,,,,,,,,,,,,,,,,,,,,-15.16,-11.26,16.44,19.04,10.83,10.40,2.42,-0.64,7.60,2.13,3.56,,-6.89,
BalanceNoncurrInvestments_qq,,,,,,,,,,,,,,-100.00,,,,,-100.00,,,,-100.00,,,,-100.00,,,,-100.00,,,,,,,183.33,-0.27,773.99,-0.92,-1.30,3.51,-84.03,0.57,-17.92,-5.29,-6.31,-6.22,-7.73,
BalanceNoncurrInvestments_sq,,,,,,,,,,,,,,-2.14,,,,,-100.00,,,,-100.00,,,,-100.00,,,,,,,,,,,,1.02,76.82,,-1.26,,0.25,,-1.65,-1.36,4.41,,,
BalanceOtherNoncurrentAssets,65000,59000,,81000,115000,,,249000,178000,,,1207000,1241000,,,1462000,1476000,421000,,612000,724000,556000,,698000,663000,600000,,797000,770000,1033000,,1086000,856000,1041000,1013000,1082000,1204000,1442000,1436000,1401000,1420000,,,,,,,,,,
BalanceOtherNoncurrentAssets_yy,,,,,76.92,-100.00,,207.41,54.78,,,384.74,597.19,,,21.13,18.94,,,-58.14,-50.95,32.07,,14.05,-8.43,7.91,,14.18,16.14,72.17,,36.26,11.17,0.77,,-0.37,40.65,38.52,41.76,29.48,17.94,-100.00,-100.00,-100.00,-100.00,,,,,,
BalanceOtherNoncurrentAssets_sy,,,,,-6.43,-23.96,,85.85,23.64,,,54.67,108.62,,,60.20,29.45,,,-26.26,5.06,26.56,,26.72,42.96,1.58,,15.87,16.22,20.46,,1.30,6.28,9.98,,8.87,15.81,16.16,24.77,8.22,-2.69,2.68,-2.40,-3.68,-3.86,,,,,,
BalanceOtherNoncurrentAssets_qq,,-9.23,-100.00,,41.98,-100.00,,,-28.51,-100.00,,,2.82,-100.00,,,0.96,-71.48,-100.00,,18.30,-23.20,-100.00,,-5.01,-9.50,-100.00,,-3.39,34.16,-100.00,,-21.18,21.61,-2.69,6.81,11.28,19.77,-0.42,-2.44,1.36,-100.00,,,,,,,,,
BalanceOtherNoncurrentAssets_sq,,-22.72,-69.13,,25.74,,,,-16.48,-1.40,,,9.04,-1.35,,,-2.68,-2.64,-100.00,,-1.18,5.20,-100.00,,-4.12,-7.12,-100.00,,-1.82,0.31,,,-0.17,5.18,-0.56,4.72,1.77,0.20,0.63,-2.23,1.67,1.21,,,,,,,,,
BalanceCurrentAssets,49105000,48849000,,53499000,56421000,,,86121000,74141000,,,78924000,79010000,,,70566000,68299000,55577000,,67207000,72449000,66480000,,93665000,88907000,80117000,,107100000,99279000,84803000,,103224000,88527000,106382000,108613000,87804000,95348000,121560000,119031000,96784000,110595000,139722000,124294000,96294000,105839000,104360000,98194000,86964000,109957000,123824000,110642000
BalanceCurrentAssets_yy,,,,,14.90,-100.00,,60.98,31.41,,,-8.36,6.57,,,-10.59,-13.56,,,-4.76,6.08,19.62,,39.37,22.72,20.51,,14.34,11.67,5.85,,-3.62,-10.83,25.45,,-14.94,7.70,14.27,9.59,10.23,15.99,14.94,4.42,-0.51,-4.30,-25.31,-21.00,-9.69,3.89,18.65,12.68
BalanceCurrentAssets_sy,,,,,11.96,14.10,,35.84,47.68,,,28.13,16.97,,,11.09,-2.80,,,-2.59,4.81,15.75,,19.55,31.52,17.48,,12.75,5.18,0.15,,-5.25,0.58,5.73,,2.22,5.93,5.73,9.24,9.74,8.87,7.08,1.64,-1.12,-1.44,1.36,0.10,11.49,11.50,12.57,8.22
BalanceCurrentAssets_qq,,-0.52,-100.00,,5.46,-100.00,,,-13.91,-100.00,,,0.11,-100.00,,,-3.21,-18.63,-100.00,,7.80,-8.24,-100.00,,-5.08,-9.89,-100.00,,-7.30,-14.58,-100.00,,-14.24,20.17,2.10,-19.16,8.59,27.49,-2.08,-18.69,14.27,26.34,-11.04,-22.53,9.91,-1.40,-5.91,-11.44,26.44,12.61,-10.65
BalanceCurrentAssets_sq,,0.40,-49.55,,1.82,9.67,,,16.70,5.50,,,6.53,7.18,,,-3.25,0.55,-100.00,,6.03,9.52,-100.00,,6.41,-1.31,-100.00,,-0.55,-2.36,-1.63,,-2.18,3.47,-1.24,-4.10,8.10,4.41,0.86,-4.35,4.54,1.52,0.43,-7.40,2.86,4.28,3.00,0.86,4.22,2.70,2.43
BalanceInventory,16451000,21547000,,16221000,18412000,,,31962000,33987000,,,29568000,38255000,,,23682000,21148000,21720000,,21609000,28791000,30413000,,32513000,41079000,34685000,,45841000,52346000,47638000,,40430000,47928000,48686000,57844000,47591000,49229000,54188000,61813000,55030000,57465000,71494000,66101000,55182000,59325000,62601000,60241000,50149000,67482000,66290000,58798000
BalanceInventory_yy,,,,,11.92,-100.00,,97.04,84.59,,,-7.49,12.56,,,-19.91,-44.72,,,-8.75,36.14,40.02,,50.46,42.68,14.05,,40.99,27.43,37.34,,-11.80,-8.44,2.20,,17.71,2.71,11.30,6.86,15.63,16.73,31.94,6.94,0.28,3.24,-12.44,-8.87,-9.12,13.75,5.89,-2.40
BalanceInventory_sy,,,,,12.39,42.30,,21.92,44.29,,,41.21,37.97,,,0.08,-4.56,,,-3.79,1.56,0.82,,17.41,27.96,18.11,,10.34,1.83,-2.29,,-1.82,-0.66,-1.20,,5.75,7.67,11.58,13.14,18.44,6.48,1.92,0.32,-7.08,-0.46,0.44,-1.16,13.49,7.83,12.66,4.54
BalanceInventory_qq,,30.98,-100.00,,13.51,-100.00,,,6.34,-100.00,,,29.38,-100.00,,,-10.70,2.70,-100.00,,33.24,5.63,-100.00,,26.35,-15.57,-100.00,,14.19,-8.99,-100.00,,18.55,1.58,18.81,-17.73,3.44,10.07,14.07,-10.97,4.42,24.41,-7.54,-16.52,7.51,5.52,-3.77,-16.75,34.56,-1.77,-11.30
BalanceInventory_sq,,-9.63,-48.23,,10.03,3.54,,,6.34,12.22,,,15.81,-0.14,,,-0.14,-0.58,-100.00,,7.19,5.63,-100.00,,10.10,-2.77,-100.00,,1.29,-1.40,-3.74,,3.86,-5.58,2.86,-1.51,5.11,2.94,4.29,0.14,2.28,0.96,-2.02,-6.84,3.40,1.00,0.81,4.02,3.09,3.39,4.72
BalanceCurrentReceivables,20690000,18159000,,37206000,35915000,,,51936000,37038000,,,46704000,37518000,,,40059000,34274000,24732000,,42356000,40070000,34675000,,58851000,47648000,44071000,,59907000,46675000,36650000,,60911000,38492000,55184000,47957000,36036000,42985000,61982000,51102000,37166000,48671000,63529000,52983000,32605000,36890000,35723000,35794000,34843000,39584000,56204000,49866000
BalanceCurrentReceivables_yy,,,,,73.59,-100.00,,39.59,3.13,,,-10.07,1.30,,,-14.23,-8.65,,,5.73,16.91,40.20,,38.94,18.91,27.10,,1.79,-2.04,-16.84,,1.68,-17.53,50.57,,-40.84,11.67,12.32,6.56,3.14,13.23,2.50,3.68,-12.27,-24.21,-43.77,-32.44,6.86,7.30,57.33,39.31
BalanceCurrentReceivables_sy,,,,,18.53,21.69,,37.37,44.17,,,17.93,6.58,,,1.38,-4.87,,,-11.21,12.42,14.53,,30.60,35.08,18.88,,12.04,5.56,-1.86,,-9.68,-3.75,9.00,,2.32,9.80,2.99,0.68,1.46,11.49,8.88,3.66,-2.36,-9.64,-3.00,-1.03,13.44,12.50,0.80,6.93
BalanceCurrentReceivables_qq,,-12.23,-100.00,,-3.47,-100.00,,,-28.69,-100.00,,,-19.67,-100.00,,,-14.44,-27.84,-100.00,,-5.40,-13.46,-100.00,,-19.04,-7.51,-100.00,,-22.09,-21.48,-100.00,,-36.81,43.36,-13.10,-24.86,19.28,44.19,-17.55,-27.27,30.96,30.53,-16.60,-38.46,13.14,-3.16,0.20,-2.66,13.61,41.99,-11.28
BalanceCurrentReceivables_sq,,7.31,-56.69,,4.29,7.04,,,1.63,1.73,,,13.19,8.78,,,1.35,1.58,-100.00,,10.78,10.73,-100.00,,10.82,-4.24,-100.00,,-3.08,-3.20,1.95,,0.52,9.49,0.27,-7.51,6.33,3.24,5.74,-7.52,8.18,3.28,-0.30,-14.17,5.31,8.04,2.60,-6.25,8.15,0.95,8.38
BalanceCurrentInvestments,,,,0,0,,,582000,371000,,,0,0,,,1185000,3658000,317000,,,247000,29000,,0,,0,,40000,,3000,,,21000,22000,15000,10000,23000,42000,34000,36000,40000,36000,36000,36000,34000,100000,100000,100000,100000,100000,100000
BalanceCurrentInvestments_yy,,,,,,,,,,,,-100.00,-100.00,,,,,,,-100.00,-93.25,-90.85,,,-100.00,-100.00,,,,,,-100.00,,633.33,,,9.52,90.91,126.67,260.00,73.91,-14.29,5.88,,-15.00,177.78,177.78,177.78,194.12,,
BalanceCurrentInvestments_sy,,,,,,,,,,,,26.66,-38.27,,,,,,,-85.47,-62.26,-90.16,,,-100.00,-87.26,,,,,,-80.17,,57.90,,,4.26,-3.42,,-70.53,9.66,,-3.42,,21.31,,-2.26,,-5.66,,
BalanceCurrentInvestments_qq,,,,,,,,,-36.25,-100.00,,,,,,,208.69,-91.33,-100.00,,,-88.26,-100.00,,,,,,-100.00,,-100.00,,,4.76,-31.82,-33.33,130.00,82.61,-19.05,5.88,11.11,-10.00,,,-5.56,194.12,,,,,
BalanceCurrentInvestments_sq,,,,,,,,,-25.00,-3.28,,,,,,,-41.83,-2.34,-100.00,,,-88.26,-100.00,,,,,,-85.07,,-80.02,,,3.07,-3.22,,-9.49,0.78,,-47.30,-2.04,-2.08,,,-5.56,0.01,,,,,
BalanceCash,11786000,8978000,,72000,1889000,,,1641000,2745000,,,2652000,3237000,,,5640000,9219000,8808000,,3242000,3341000,1363000,,2301000,180000,1361000,,1312000,258000,512000,,1883000,2086000,2490000,2797000,4167000,3111000,5348000,6082000,4552000,4419000,4663000,5174000,8471000,9590000,5936000,2059000,1872000,2791000,1230000,1878000
BalanceCash_yy,,,,,-83.97,-100.00,,2179.17,45.31,,,61.61,17.92,,,112.67,184.80,,,-42.52,-63.76,-84.53,,-29.03,-94.61,-0.15,,-42.98,43.33,-62.38,,43.52,708.53,386.33,,121.30,49.14,114.78,117.45,9.24,42.04,-12.81,-14.93,86.09,117.02,27.30,-60.20,-77.90,-70.90,-79.28,-8.79
BalanceCash_sy,,,,,-16.86,-42.44,,64.94,80.02,,,-13.21,14.01,,,13.48,-10.38,,,16.62,-5.04,-2.38,,-8.24,10.54,-22.56,,7.69,39.29,37.14,,4.72,-2.22,22.26,,19.18,2.40,-0.96,13.94,39.20,41.56,7.61,3.15,25.21,17.68,38.32,30.02,1.02,13.44,12.30,27.21
BalanceCash_qq,,-23.82,-100.00,,2523.61,-100.00,,,67.28,-100.00,,,22.06,-100.00,,,63.46,-4.46,-100.00,,3.05,-59.20,-100.00,,-92.18,656.11,-100.00,,-80.34,98.45,-100.00,,10.78,19.37,12.33,48.98,-25.34,71.91,13.72,-25.16,-2.92,5.52,10.96,63.72,13.21,-38.10,-65.31,-9.08,49.09,-55.93,52.68
BalanceCash_sq,,45.20,-85.52,,-25.17,-30.95,,,-42.22,-17.58,,,40.43,-14.40,,,-14.44,-1.34,-100.00,,-9.17,21.83,-100.00,,-11.35,-3.13,-100.00,,5.13,6.82,-21.36,,0.18,30.26,6.53,-7.78,3.06,25.23,5.76,16.89,3.92,-2.38,0.42,12.30,1.37,8.79,-12.46,39.34,-18.65,16.04,18.69
BalanceOtherCurrentAssets,178000,165000,,,205000,,,,,,,,,,,,,,,,,,,,,,,,,,,,,,,,,,,,,,,,,,,,,,
BalanceOtherCurrentAssets_yy,,,,,15.17,-100.00,,,-100.00,,,,,,,,,,,,,,,,,,,,,,,,,,,,,,,,,,,,,,,,,,
BalanceOtherCurrentAssets_sy,,,,,15.17,-47.33,,,-1.03,,,,,,,,,,,,,,,,,,,,,,,,,,,,,,,,,,,,,,,,,,
BalanceOtherCurrentAssets_qq,,-7.30,-100.00,,,-100.00,,,,,,,,,,,,,,,,,,,,,,,,,,,,,,,,,,,,,,,,,,,,,
BalanceOtherCurrentAssets_sq,,11.43,-27.18,,,-21.39,,,,,,,,,,,,,,,,,,,,,,,,,,,,,,,,,,,,,,,,,,,,,
BalanceAssetsForSale,,,,325000,325000,,,,,,,,,,,,,,,,,2577000,,,,,,,,,,,3300000,3300000,3300000,3300000,3300000,3300000,3300000,,,,,,,,,,,,
BalanceAssetsForSale_yy,,,,,,,,-100.00,-100.00,,,,,,,,,,,,,,,,,-100.00,,,,,,,,,,,,,,-100.00,-100.00,-100.00,-100.00,,,,,,,,
BalanceAssetsForSale_sy,,,,,,,,-50.00,-23.38,,,,,,,,,,,,,,,,,-85.02,,,,,,,,,,,,,,-77.85,-77.85,-48.12,-49.25,,,,,,,,
BalanceAssetsForSale_qq,,,,,,-100.00,,,,,,,,,,,,,,,,,-100.00,,,,,,,,,,,,,,,,,-100.00,,,,,,,,,,,
BalanceAssetsForSale_sq,,,,,,,,,,,,,,,,,,,,,,,-100.00,,,,,,,,,,,,,,,,,-18.16,,,,,,,,,,,
BalanceTotalAssets,58602000,58363000,,72211000,75423000,,,129256000,116828000,,,108291000,107906000,,,98862000,96110000,82033000,,93341000,98565000,92157000,,117380000,112220000,106070000,,147092000,138684000,125135000,,143573000,129286000,147570000,149223000,128151000,136324000,163513000,161054000,139536000,153288000,182956000,170270000,142420000,153049000,153618000,147504000,136148000,158477000,171783000,158146000
BalanceTotalAssets_yy,,,,,28.70,-100.00,,79.00,54.90,,,-16.22,-7.64,,,-8.71,-10.93,,,-5.58,2.55,12.34,,25.75,13.85,15.10,,25.31,23.58,17.97,,-2.39,-6.78,17.93,,-10.74,5.44,10.80,7.93,8.88,12.44,11.89,5.72,2.07,-0.16,-16.04,-13.37,-4.40,3.55,11.82,7.21
BalanceTotalAssets_sy,,,,,12.24,21.31,,37.38,47.76,,,37.81,28.58,,,17.56,5.57,,,-0.54,2.11,14.75,,21.62,22.59,15.10,,7.41,2.54,1.16,,-2.39,-0.88,1.55,,2.24,4.62,1.81,5.44,3.38,4.51,2.10,1.84,0.83,-0.12,0.37,1.28,7.30,7.78,8.20,4.73
BalanceTotalAssets_qq,,-0.41,-100.00,,4.45,-100.00,,,-9.62,-100.00,,,-0.36,-100.00,,,-2.78,-14.65,-100.00,,5.60,-6.50,-100.00,,-4.40,-5.48,-100.00,,-5.72,-9.77,-100.00,,-9.95,14.14,1.12,-14.12,6.38,19.94,-1.50,-13.36,9.86,19.35,-6.93,-16.36,7.46,0.37,-3.98,-7.70,16.40,8.40,-7.94
BalanceTotalAssets_sq,,1.12,-49.50,,1.77,4.72,,,15.96,4.64,,,1.41,6.78,,,-0.88,0.54,-100.00,,2.15,7.11,-100.00,,4.37,-1.36,-100.00,,-2.27,-0.50,-1.34,,-1.21,1.60,-1.08,-2.42,5.66,2.76,0.28,-2.80,3.23,0.79,0.66,-4.10,1.42,2.91,1.26,-0.75,3.34,2.38,1.46
BalanceCapital,35116000,36060000,,45665000,47040000,,,47306000,48295000,,,32853000,34771000,,,32975000,34541000,32353000,,34422000,35729000,35731000,,40300000,43941000,45021000,,50402000,50677000,49635000,,50607000,53876000,56738000,58551000,58686000,60501000,63378000,65876000,65963000,67365000,66454000,67920000,66536000,66676000,66264000,66415000,65171000,64371000,66104000,67036000
BalanceCapital_yy,,,,,33.96,-100.00,,3.59,2.67,,,-30.55,-28.00,,,0.37,-0.66,,,4.39,3.44,10.44,,17.08,22.98,26.00,,25.07,15.33,10.25,,0.41,6.31,14.31,,15.96,12.30,11.70,12.51,12.40,11.35,4.85,3.10,0.87,-1.02,-0.29,-2.22,-2.05,-3.46,-0.24,0.94
BalanceCapital_sy,,,,,17.83,7.46,,18.71,28.59,,,24.37,8.70,,,0.37,4.08,,,4.45,5.46,8.50,,10.13,11.49,10.83,,14.55,12.14,8.16,,1.62,5.50,6.89,,9.52,8.73,7.44,7.37,6.68,4.18,4.54,3.97,3.88,2.74,3.72,5.19,10.92,4.69,8.93,6.38
BalanceCapital_qq,,2.69,-100.00,,3.01,-100.00,,,2.09,-100.00,,,5.84,-100.00,,,4.75,-6.33,-100.00,,3.80,0.01,-100.00,,9.03,2.46,-100.00,,0.55,-2.06,-100.00,,6.46,5.31,3.20,0.23,3.09,4.76,3.94,0.13,2.13,-1.35,2.21,-2.04,0.21,-0.62,0.23,-1.87,-1.23,2.69,1.41
BalanceCapital_sq,,3.10,-57.12,,2.81,5.74,,,4.46,2.78,,,2.47,-0.06,,,1.42,1.00,-100.00,,1.98,3.47,-100.00,,4.00,1.54,-100.00,,0.58,-0.57,0.80,,1.39,-0.23,3.12,1.52,1.46,-0.66,2.01,1.96,2.92,-0.42,2.22,2.08,1.26,0.54,2.38,1.00,1.86,0.40,2.63
BalanceShareCapital,6000000,6000000,,6000000,6000000,,,6092000,6092000,,,6092000,6092000,,,6092000,6092000,6092000,,6092000,6092000,6092000,,6092000,6092000,6092000,,6092000,6092000,6092000,,6092000,6092000,6092000,6092000,6092000,6092000,6092000,6092000,6092000,6092000,6092000,6092000,6092000,6092000,6092000,6092000,6092000,6092000,6092000,6092000
BalanceShareCapital_yy,,,,,,-100.00,,1.53,1.53,,,,,,,,,,,,,,,,,,,,,,,,,,,,,,,,,,,,,,,,,,
BalanceShareCapital_sy,,,,,,,,,,,,,,,,,,,,,,,,,,,,,,,,,,,,,,,,,,,,,,,,,,,
BalanceShareCapital_qq,,,-100.00,,,-100.00,,,,-100.00,,,,-100.00,,,,,-100.00,,,,-100.00,,,,-100.00,,,,-100.00,,,,,,,,,,,,,,,,,,,,
BalanceShareCapital_sq,,,-50.00,,,,,,,,,,,,,,,,-100.00,,,,-100.00,,,,-100.00,,,,,,,,,,,,,,,,,,,,,,,,
BalanceOwnShares,,,,,,,,,,,,,,,,,,,,,,,,,,,,,,,,,,,,,,,,,,,,,,,,,,,
BalanceOwnShares_yy,,,,,,,,,,,,,,,,,,,,,,,,,,,,,,,,,,,,,,,,,,,,,,,,,,,
BalanceOwnShares_sy,,,,,,,,,,,,,,,,,,,,,,,,,,,,,,,,,,,,,,,,,,,,,,,,,,,
BalanceOwnShares_qq,,,,,,,,,,,,,,,,,,,,,,,,,,,,,,,,,,,,,,,,,,,,,,,,,,,
BalanceOwnShares_sq,,,,,,,,,,,,,,,,,,,,,,,,,,,,,,,,,,,,,,,,,,,,,,,,,,,
BalanceReserve,22861000,27302000,,33578000,33578000,,,41373000,41373000,,,43101000,43050000,,,45139000,45139000,50721000,,50721000,50721000,50721000,,49549000,49549000,49549000,,49543000,49543000,49543000,,49542000,49543000,49543000,49543000,49543000,49543000,50220000,50219000,50220000,50220000,55911000,55911000,51067000,51067000,58434000,53590000,53590000,53590000,54235000,54235000
BalanceReserve_yy,,,,,46.88,-100.00,,23.21,23.21,,,4.18,4.05,,,4.73,4.85,,,12.37,12.37,,,-2.31,-2.31,-2.31,,-0.01,-0.01,-0.01,,,,,,,,1.37,1.36,1.37,1.37,11.33,11.33,1.69,1.69,4.51,-4.15,4.94,4.94,-7.19,1.20
BalanceReserve_sy,,,,,47.65,8.99,,13.66,23.88,,,22.40,14.30,,,8.30,9.96,,,0.97,5.61,,,3.30,3.16,8.53,,12.22,11.36,5.38,,,,,,,,4.98,6.46,8.33,3.76,3.40,3.17,3.88,3.38,4.02,3.42,6.13,4.20,8.71,6.46
BalanceReserve_qq,,19.43,-100.00,,,-100.00,,,,-100.00,,,-0.12,-100.00,,,,12.37,-100.00,,,,-100.00,,,,-100.00,,,,-100.00,,,,,,,1.37,,,,11.33,,-8.66,,14.43,-8.29,,,1.20,
BalanceReserve_sq,,26.55,-76.99,,,11.37,,,,3.68,,,,6.20,,,,6.87,-100.00,,,,-100.00,,,,-100.00,,,,,,,,,,,1.52,,,,0.76,,,,2.02,,,,8.14,
BalanceNonshareCapital,,,,0,0,,,158000,140000,,,276000,267000,,,0,0,,,,,,,,,,,,,,,,,,,,,,,,,,,,,,,,,,
BalanceNonshareCapital_yy,,,,,,,,,,,,74.68,90.71,,,-100.00,-100.00,,,,,,,,,,,,,,,,,,,,,,,,,,,,,,,,,,
BalanceNonshareCapital_sy,,,,,,,,,,,,18.52,15.50,,,3.50,-1.32,,,,,,,,,,,,,,,,,,,,,,,,,,,,,,,,,,
BalanceNonshareCapital_qq,,,,,,,,,-11.39,-100.00,,,-3.26,-100.00,,,,,,,,,,,,,,,,,,,,,,,,,,,,,,,,,,,,,
BalanceNonshareCapital_sq,,,,,,,,,2.90,-5.84,,,2.77,-4.43,,,,,,,,,,,,,,,,,,,,,,,,,,,,,,,,,,,,,
BalanceNoncurrentLiabilities,743000,5730000,,1913000,1936000,,,11065000,11705000,,,9739000,9439000,,,48379000,49375000,42682000,,50695000,51463000,48875000,,6045000,5835000,49020000,,64511000,65470000,54324000,,63232000,3458000,4296000,4049000,48479000,60520000,66028000,71289000,62439000,68740000,70139000,64669000,4020000,2607000,4978000,4884000,40360000,51489000,57136000,51133000
BalanceNoncurrentLiabilities_yy,,,,,160.57,-100.00,,478.41,504.60,,,-11.98,-19.36,,,396.76,423.10,,,4.79,4.23,14.51,,-88.08,-88.66,0.30,,967.18,1022.02,10.82,,-1.98,-94.72,-92.09,,-23.33,1650.14,1436.96,1660.66,28.80,13.58,6.23,-9.29,-93.56,-96.21,-92.90,-92.45,903.98,1875.03,1047.77,946.95
BalanceNoncurrentLiabilities_sy,,,,,29.62,83.65,,10.36,66.94,,,49.38,36.44,,,146.53,79.22,,,-7.24,-9.40,7.68,,9.24,1.63,-3.04,,2.28,0.01,2.14,,-17.68,-11.42,-12.52,,-1.19,-2.02,2.89,1.26,5.22,9.25,5.46,-0.25,-2.81,-7.26,-10.84,-2.15,8.91,-3.81,-3.60,0.62
BalanceNoncurrentLiabilities_qq,,671.20,-100.00,,1.20,-100.00,,,5.78,-100.00,,,-3.08,-100.00,,,2.06,-13.56,-100.00,,1.51,-5.03,-100.00,,-3.47,740.10,-100.00,,1.49,-17.02,-100.00,,-94.53,24.23,-5.75,1097.31,24.84,9.10,7.97,-12.41,10.09,2.04,-7.80,-93.78,-35.15,90.95,-1.89,726.37,27.57,10.97,-10.51
BalanceNoncurrentLiabilities_sq,,8.42,-64.04,,3.92,-4.91,,,2.15,-0.99,,,4.99,4.34,,,-2.36,0.76,-100.00,,-4.34,7.87,-100.00,,-2.62,-0.40,-100.00,,-5.89,-0.76,-5.20,,,-0.84,-2.31,-0.41,,0.94,-2.42,-0.49,0.41,-0.35,-1.81,-2.66,-1.90,-0.24,-1.33,1.00,-1.23,,-1.45
BalanceNoncurrentTradeLiabilities,550000,5557000,,,250000,,,,,,,,,,,,,,,,,,,,,,,,,,,,,,,,,,,,,,,,,,,,,,
BalanceNoncurrentTradeLiabilities_yy,,,,,-54.55,-100.00,,,-100.00,,,,,,,,,,,,,,,,,,,,,,,,,,,,,,,,,,,,,,,,,,
BalanceNoncurrentTradeLiabilities_sy,,,,,-53.30,-100.00,,,-100.00,,,,,,,,,,,,,,,,,,,,,,,,,,,,,,,,,,,,,,,,,,
BalanceNoncurrentTradeLiabilities_qq,,910.36,-100.00,,,-100.00,,,,,,,,,,,,,,,,,,,,,,,,,,,,,,,,,,,,,,,,,,,,,
BalanceNoncurrentTradeLiabilities_sq,,16.90,-28.08,,,-100.00,,,,,,,,,,,,,,,,,,,,,,,,,,,,,,,,,,,,,,,,,,,,,
BalanceNoncurrentBorrowings,,,,0,,,,7800000,8700000,,,6619000,6300000,,,45303000,46290000,39685000,,48032000,48603000,46054000,,3678000,3424000,46701000,,62181000,63099000,51453000,,60433000,832000,581000,331000,44951000,56793000,62801000,68196000,59382000,65808000,68884000,63553000,2799000,1520000,,,35151000,46544000,52480000,46768000
BalanceNoncurrentBorrowings_yy,,,,,,,,,,,,-15.14,-27.59,,,584.44,634.76,,,6.02,5.00,16.05,,-92.34,-92.96,1.40,,1590.62,1742.84,10.18,,-2.81,-98.68,-98.87,,-25.62,6726.08,10709.12,20503.02,32.10,15.87,9.69,-6.81,-95.29,-97.69,-100.00,-100.00,1155.84,2962.11,,
BalanceNoncurrentBorrowings_sy,,,,,,,,,,,,54.94,49.98,,,124.04,87.33,,,-17.43,-27.22,-14.51,,-22.68,-30.61,-32.89,,-19.38,-0.79,2.65,,-18.55,-35.70,-29.76,,-15.81,-11.04,8.44,-5.99,14.65,15.62,-2.31,-4.08,-4.35,-19.76,-20.98,-10.93,7.10,-10.89,,
BalanceNoncurrentBorrowings_qq,,,,,,,,,11.54,-100.00,,,-4.82,-100.00,,,2.18,-14.27,-100.00,,1.19,-5.24,-100.00,,-6.91,1263.93,-100.00,,1.48,-18.46,-100.00,,-98.62,-30.17,-43.03,13480.36,26.34,10.58,8.59,-12.92,10.82,4.67,-7.74,-95.60,-45.69,-100.00,,,32.41,12.75,-10.88
BalanceNoncurrentBorrowings_sq,,,,,,,,,-1.28,7.72,,,4.65,-2.94,,,-4.24,-11.70,-100.00,,-11.62,13.02,-100.00,,-4.47,-12.46,-100.00,,-4.45,-4.94,-4.84,,-2.83,-2.18,-3.59,-7.10,-0.97,0.16,-5.34,-3.08,-0.46,-3.62,-5.64,-3.22,-2.01,-2.62,,,-3.75,,-6.57
BalanceNoncurrentObligations,,,,,,,,,,,,,,,,,,,,,,,,,,,,,,,,,,,,,,,,,,,,,,,,,,,
BalanceNoncurrentObligations_yy,,,,,,,,,,,,,,,,,,,,,,,,,,,,,,,,,,,,,,,,,,,,,,,,,,,
BalanceNoncurrentObligations_sy,,,,,,,,,,,,,,,,,,,,,,,,,,,,,,,,,,,,,,,,,,,,,,,,,,,
BalanceNoncurrentObligations_qq,,,,,,,,,,,,,,,,,,,,,,,,,,,,,,,,,,,,,,,,,,,,,,,,,,,
BalanceNoncurrentObligations_sq,,,,,,,,,,,,,,,,,,,,,,,,,,,,,,,,,,,,,,,,,,,,,,,,,,,
BalanceNoncurrentLeasing,,,,,,,,,,,,,,,,,,,,,,,,,,,,,,,,,,,,,,,,,,,,,,,,,,,
BalanceNoncurrentLeasing_yy,,,,,,,,,,,,,,,,,,,,,,,,,,,,,,,,,,,,,,,,,,,,,,,,,,,
BalanceNoncurrentLeasing_sy,,,,,,,,,,,,,,,,,,,,,,,,,,,,,,,,,,,,,,,,,,,,,,,,,,,
BalanceNoncurrentLeasing_qq,,,,,,,,,,,,,,,,,,,,,,,,,,,,,,,,,,,,,,,,,,,,,,,,,,,
BalanceNoncurrentLeasing_sq,,,,,,,,,,,,,,,,,,,,,,,,,,,,,,,,,,,,,,,,,,,,,,,,,,,
BalanceNoncurrentOtherLiabilities,193000,173000,,1913000,1686000,,,3265000,3005000,,,3120000,3139000,,,3076000,3085000,2997000,,2663000,2860000,2821000,,2367000,2411000,2319000,,2330000,2371000,2871000,,2799000,2626000,3715000,3718000,3528000,3727000,3227000,3093000,3057000,2932000,1255000,1116000,1221000,1087000,4978000,4884000,5209000,4945000,4656000,4365000
BalanceNoncurrentOtherLiabilities_yy,,,,,773.58,-100.00,,70.67,78.23,,,-4.44,4.46,,,-1.41,-1.72,,,-13.43,-7.29,-5.87,,-11.12,-15.70,-17.80,,-1.56,-1.66,23.80,,20.13,10.75,29.40,,26.05,41.93,-13.14,-16.81,-13.35,-21.33,-61.11,-63.92,-60.06,-62.93,296.65,337.63,326.62,354.92,-6.47,-10.63
BalanceNoncurrentOtherLiabilities_sy,,,,,42.14,15.60,,29.54,20.42,,,-5.18,20.45,,,21.65,15.38,,,-0.56,3.92,8.48,,11.18,10.92,10.25,,1.73,1.01,0.04,,6.38,18.04,19.33,,12.90,1.58,2.89,3.63,1.14,1.96,5.16,7.32,-4.27,-7.44,-8.18,4.88,5.86,5.10,-1.97,-1.52
BalanceNoncurrentOtherLiabilities_qq,,-10.36,-100.00,,-11.87,-100.00,,,-7.96,-100.00,,,0.61,-100.00,,,0.29,-2.85,-100.00,,7.40,-1.36,-100.00,,1.86,-3.82,-100.00,,1.76,21.09,-100.00,,-6.18,41.47,0.08,-5.11,5.64,-13.42,-4.15,-1.16,-4.09,-57.20,-11.08,9.41,-10.97,357.96,-1.89,6.65,-5.07,-5.84,-6.25
BalanceNoncurrentOtherLiabilities_sq,,-9.02,-56.78,,-1.10,-7.58,,,-0.34,1.28,,,0.14,5.68,,,0.16,2.43,-100.00,,0.70,2.50,-100.00,,-1.20,0.31,-100.00,,-0.42,0.04,-1.30,,0.74,0.04,,2.14,,0.48,0.38,,-0.07,-0.24,-0.09,-2.10,-2.47,0.43,2.57,3.92,-0.94,,
BalanceCurrentLiabilities,22743000,16573000,,24633000,26447000,,,70727000,56688000,,,65423000,63429000,,,17508000,12194000,6998000,,8224000,11373000,7551000,,71035000,62444000,12029000,,32179000,22537000,21176000,,29734000,71952000,86536000,86623000,20986000,15303000,34107000,23889000,11134000,17183000,46363000,37681000,71864000,83766000,82376000,76205000,30617000,42617000,48543000,39977000
BalanceCurrentLiabilities_yy,,,,,16.29,-100.00,,187.12,114.35,,,-7.50,11.89,,,-73.24,-80.78,,,-53.03,-6.73,7.90,,763.75,449.05,59.30,,-54.70,-63.91,76.04,,-7.60,219.26,308.65,,-29.42,-78.73,-60.59,-72.42,-46.95,12.29,35.93,57.73,545.45,387.49,77.68,102.24,-57.40,-49.12,-41.07,-47.54
BalanceCurrentLiabilities_sy,,,,,-0.15,13.99,,38.00,53.38,,,27.91,14.95,,,15.08,-3.92,,,-12.02,-0.61,4.36,,23.55,27.42,17.74,,-0.92,-3.02,-4.60,,5.64,-3.81,5.26,,-0.92,1.32,-1.78,0.24,7.73,10.21,0.80,1.47,8.74,1.80,3.50,-0.52,8.75,9.91,5.25,5.88
BalanceCurrentLiabilities_qq,,-27.13,-100.00,,7.36,-100.00,,,-19.85,-100.00,,,-3.05,-100.00,,,-30.35,-42.61,-100.00,,38.29,-33.61,-100.00,,-12.09,-80.74,-100.00,,-29.96,-6.04,-100.00,,141.99,20.27,0.10,-75.77,-27.08,122.88,-29.96,-53.39,54.33,169.82,-18.73,90.72,16.56,-1.66,-7.49,-59.82,39.19,13.91,-17.65
BalanceCurrentLiabilities_sq,,0.06,-60.34,,1.43,12.03,,,-0.30,8.79,,,-0.02,6.71,,,-0.24,-1.47,-100.00,,8.42,8.17,-100.00,,7.07,-1.54,-100.00,,-2.00,-0.76,-2.41,,-3.24,5.99,-0.11,-6.69,6.60,5.37,1.62,-7.80,10.88,4.85,2.06,-6.33,2.95,3.84,0.04,-1.00,8.26,-2.22,0.04
BalanceCurrentTradePayablesv,22541000,16384000,,7898000,26166000,,,23523000,11107000,,,17278000,14677000,,,8506000,3257000,3276000,,4037000,5925000,3629000,,21635000,13926000,7983000,,16005000,8763000,9389000,,12986000,10306000,11949000,11835000,6120000,10070000,20297000,17110000,6879000,10338000,36229000,31546000,20091000,26993000,26240000,22766000,20932000,37967000,38867000,33118000
BalanceCurrentTradePayablesv_yy,,,,,16.08,-100.00,,197.83,-57.55,,,-26.55,32.14,,,-50.77,-77.81,,,-52.54,81.92,10.78,,435.92,135.04,119.98,,-26.02,-37.07,17.61,,-18.86,17.61,27.27,,-52.87,-2.29,69.86,44.57,12.40,2.66,78.49,84.37,192.06,161.10,-27.57,-27.83,4.19,40.65,48.12,45.47
BalanceCurrentTradePayablesv_sy,,,,,2.24,28.76,,5.52,14.30,,,15.54,4.57,,,17.67,-19.92,,,-9.05,11.13,20.14,,20.80,22.57,7.87,,2.28,-3.81,3.74,,-4.06,-2.54,5.02,,0.24,9.29,5.71,3.20,7.15,6.84,1.67,4.66,9.53,2.70,0.92,-2.37,4.37,6.05,8.28,11.60
BalanceCurrentTradePayablesv_qq,,-27.31,-100.00,,231.30,-100.00,,,-52.78,-100.00,,,-15.05,-100.00,,,-61.71,0.58,-100.00,,46.77,-38.75,-100.00,,-35.63,-42.68,-100.00,,-45.25,7.14,-100.00,,-20.64,15.94,-0.95,-48.29,64.54,101.56,-15.70,-59.80,50.28,250.44,-12.93,-36.31,34.35,-2.79,-13.24,-8.06,81.38,2.37,-14.79
BalanceCurrentTradePayablesv_sq,,-3.27,-20.43,,-2.42,10.64,,,-1.45,-1.77,,,-2.35,1.16,,,-6.92,0.16,-100.00,,18.14,12.73,-100.00,,1.55,2.80,-100.00,,-4.38,7.14,-10.29,,1.80,7.40,4.47,-8.08,14.10,16.72,-2.64,-17.69,6.44,-0.37,2.62,-17.94,3.27,2.49,-0.37,-0.46,12.39,2.14,-2.44
BalanceCurrentBorrowings,,,,15184000,,,,44710000,43264000,,,45972000,46750000,,,5026000,1026000,1026000,,1026000,1026000,1026000,,44860000,45426000,1044000,,10040000,9757000,9018000,,11422000,56482000,69544000,69744000,10843000,855000,6745000,341000,85000,,,,47281000,52647000,48599000,48623000,5184000,,4530000,1225000
BalanceCurrentBorrowings_yy,,,,,,,,194.45,,,,2.82,8.06,,,-89.07,-97.81,,,-79.59,,,,4272.32,4327.49,1.75,,-77.62,-78.52,763.79,,13.76,478.89,671.17,,-5.07,-98.49,-90.30,-99.51,-99.22,-100.00,-100.00,-100.00,55524.71,,,,-89.04,-100.00,-90.68,-97.48
BalanceCurrentBorrowings_sy,,,,,,,,154.85,,,,56.54,46.61,,,-2.98,-14.04,,,-12.74,,,,4.69,24.12,11.18,,-6.49,-7.30,0.03,,7.50,-11.44,-2.77,,-9.29,-21.68,-9.65,-13.37,-12.16,-2.14,-6.48,-19.18,1.81,,,,4.53,16.10,7.72,2.98
BalanceCurrentBorrowings_qq,,,,,-100.00,,,,-3.23,-100.00,,,1.69,-100.00,,,-79.59,,-100.00,,,,-100.00,,1.26,-97.70,-100.00,,-2.82,-7.57,-100.00,,394.50,23.13,0.29,-84.45,-92.11,688.89,-94.94,-75.07,-100.00,,,,11.35,-7.69,0.05,-89.34,-100.00,,-72.96
BalanceCurrentBorrowings_sq,,,,,11.22,,,,10.52,18.44,,,1.69,-2.12,,,6.28,,-100.00,,,,-100.00,,7.30,-0.32,-100.00,,0.30,-1.97,-2.15,,-4.12,-1.36,-7.82,-5.32,-2.66,1.64,-7.96,-8.82,1.98,,,,-1.65,3.49,4.12,-9.68,-2.82,,8.39
BalanceCurrentObligations,,,,,,,,,,,,,,,,,,,,,,,,,,,,,,,,,,,,,,,,,,,,,,,,,,,
BalanceCurrentObligations_yy,,,,,,,,,,,,,,,,,,,,,,,,,,,,,,,,,,,,,,,,,,,,,,,,,,,
BalanceCurrentObligations_sy,,,,,,,,,,,,,,,,,,,,,,,,,,,,,,,,,,,,,,,,,,,,,,,,,,,
BalanceCurrentObligations_qq,,,,,,,,,,,,,,,,,,,,,,,,,,,,,,,,,,,,,,,,,,,,,,,,,,,
BalanceCurrentObligations_sq,,,,,,,,,,,,,,,,,,,,,,,,,,,,,,,,,,,,,,,,,,,,,,,,,,,
BalanceCurrentLeasing,,,,,,,,,,,,,,,,,,,,,,,,,,,,,,,,,,,,,,,,,,,,,,,,,,,
BalanceCurrentLeasing_yy,,,,,,,,,,,,,,,,,,,,,,,,,,,,,,,,,,,,,,,,,,,,,,,,,,,
BalanceCurrentLeasing_sy,,,,,,,,,,,,,,,,,,,,,,,,,,,,,,,,,,,,,,,,,,,,,,,,,,,
BalanceCurrentLeasing_qq,,,,,,,,,,,,,,,,,,,,,,,,,,,,,,,,,,,,,,,,,,,,,,,,,,,
BalanceCurrentLeasing_sq,,,,,,,,,,,,,,,,,,,,,,,,,,,,,,,,,,,,,,,,,,,,,,,,,,,
BalanceCurrentOtherLiabilities,202000,189000,,1551000,281000,,,2494000,2317000,,,2173000,2002000,,,3976000,7911000,2696000,,3161000,4422000,2896000,,4540000,3092000,3002000,,6134000,4017000,2769000,,5326000,5164000,5043000,5044000,4023000,4378000,7065000,6438000,4170000,6845000,10134000,6135000,4492000,4126000,7537000,4816000,4501000,4650000,5146000,5634000
BalanceCurrentOtherLiabilities_yy,,,,,39.11,-100.00,,60.80,724.56,,,-12.87,-13.60,,,82.97,295.15,,,-20.50,-44.10,7.42,,43.63,-30.08,3.66,,35.11,29.92,-7.76,,-13.17,28.55,82.12,,-24.46,-15.22,40.10,27.64,3.65,56.35,43.44,-4.71,7.72,-39.72,-25.63,-21.50,0.20,12.70,-31.72,16.99
BalanceCurrentOtherLiabilities_sy,,,,,-23.45,-0.30,,62.79,75.35,,,-12.87,-12.72,,,43.82,20.55,,,-3.90,14.70,15.14,,44.55,28.14,9.94,,4.74,-6.53,-7.76,,-14.21,2.82,3.98,,2.54,15.27,0.86,19.04,29.94,25.61,-0.84,-1.90,-18.50,-1.12,9.94,10.90,33.68,28.25,13.12,13.29
BalanceCurrentOtherLiabilities_qq,,-6.44,-100.00,,-81.88,-100.00,,,-7.10,-100.00,,,-7.87,-100.00,,,98.97,-65.92,-100.00,,39.89,-34.51,-100.00,,-31.89,-2.91,-100.00,,-34.51,-31.07,-100.00,,-3.04,-2.34,0.02,-20.24,8.82,61.38,-8.87,-35.23,64.15,48.05,-39.46,-26.78,-8.15,82.67,-36.10,-6.54,3.31,10.67,9.48
BalanceCurrentOtherLiabilities_sq,,-11.37,-94.19,,-6.90,-7.69,,,4.20,-8.30,,,-5.80,35.13,,,20.44,-2.95,-100.00,,11.38,1.60,-100.00,,-6.71,-15.54,-100.00,,-17.43,-9.04,-4.42,,3.01,5.15,-0.85,16.98,7.64,3.58,-8.52,-0.46,-3.44,1.12,-1.14,7.26,-1.33,4.04,0.76,7.91,2.56,0.67,-1.40
BalanceReckoning,,,,,0,,,,,,,,,,,,,,,,,,,,,,,,,,,,,,,,,,,,,,,,,,,,,,
BalanceReckoning_yy,,,,,,,,,,,,,,,,,,,,,,,,,,,,,,,,,,,,,,,,,,,,,,,,,,,
BalanceReckoning_sy,,,,,,,,,,,,,,,,,,,,,,,,,,,,,,,,,,,,,,,,,,,,,,,,,,,
BalanceReckoning_qq,,,,,,,,,,,,,,,,,,,,,,,,,,,,,,,,,,,,,,,,,,,,,,,,,,,
BalanceReckoning_sq,,,,,,,,,,,,,,,,,,,,,,,,,,,,,,,,,,,,,,,,,,,,,,,,,,,
BalanceTotalEquityAndLiabilities,58602000,58363000,0,72211000,75423000,0,0,129256000,116828000,0,0,108291000,107906000,0,0,98862000,96110000,82033000,0,93341000,98565000,92157000,0,117380000,112220000,106070000,0,147092000,138684000,125135000,0,143573000,129286000,147570000,149223000,128151000,136324000,163513000,161054000,139536000,153288000,182956000,170270000,142420000,153049000,153618000,147504000,136148000,158477000,171783000,158146000
BalanceTotalEquityAndLiabilities_yy,,,,,28.70,-100.00,,79.00,54.90,,,-16.22,-7.64,,,-8.71,-10.93,,,-5.58,2.55,12.34,,25.75,13.85,15.10,,25.31,23.58,17.97,,-2.39,-6.78,17.93,,-10.74,5.44,10.80,7.93,8.88,12.44,11.89,5.72,2.07,-0.16,-16.04,-13.37,-4.40,3.55,11.82,7.21
BalanceTotalEquityAndLiabilities_sy,,,,,12.24,21.31,,37.38,47.76,,,37.81,28.58,,,17.56,5.57,,,-0.54,2.11,14.75,,21.62,22.59,15.10,,7.41,2.54,1.16,,-2.39,-0.88,1.55,,2.24,4.62,1.81,5.44,3.38,4.51,2.10,1.83,0.83,0.34,0.37,1.28,7.30,7.78,8.20,4.73
BalanceTotalEquityAndLiabilities_qq,,-0.41,-100.00,,4.45,-100.00,,,-9.62,-100.00,,,-0.36,-100.00,,,-2.78,-14.65,-100.00,,5.60,-6.50,-100.00,,-4.40,-5.48,-100.00,,-5.72,-9.77,-100.00,,-9.95,14.14,1.12,-14.12,6.38,19.94,-1.50,-13.36,9.86,19.35,-6.93,-16.36,7.46,0.37,-3.98,-7.70,16.40,8.40,-7.94
BalanceTotalEquityAndLiabilities_sq,,1.12,-49.50,,1.77,4.09,,,15.96,4.64,,,1.41,6.78,,,-0.88,0.54,-100.00,,2.15,7.11,-100.00,,4.44,-1.36,-100.00,,-2.27,-0.50,-1.34,,-1.21,1.60,-1.08,-2.42,5.66,2.76,0.28,-2.80,3.23,0.79,0.66,-4.10,1.42,2.91,1.26,-0.75,3.34,2.38,1.46
CashflowOperatingCashflow,1118000,-2617000,-887000,-3133000,2200000,548000,1066000,-12773000,3001000,4465000,-356000,74000,855000,5273000,-5167000,2963000,6750000,6477000,3030000,-6935000,-1390000,2542000,503000,113000,-1716000,6117000,-4588000,-16961000,12467000,1270000,-4106000,-1056000,5128000,-14692000,1180000,16559000,-1049000,-5680000,3123000,9430000,-5616000,-334000,12752000,19024000,-1104000,-1023000,-2621000,12662000,-4941000,-10963000,10553000
CashflowOperatingCashflow_yy,,,,,96.78,120.94,220.18,-307.69,36.41,714.78,-133.40,100.58,-71.51,18.10,-1351.40,3904.05,689.47,22.83,158.64,-334.05,-120.59,-60.75,-83.40,101.63,-23.45,140.64,-1012.13,-15109.73,826.52,-79.24,10.51,93.77,-58.87,-1256.85,128.74,1668.09,-120.46,61.34,164.66,-43.05,-435.37,94.12,308.33,101.74,80.34,-206.29,-120.55,-33.44,-347.55,-971.65,502.63
CashflowOperatingCashflow_sy,,,,,-114.99,-34.16,-19.17,32.32,89.61,-145.09,16.64,-5.33,-6.29,64.09,49.59,104.56,-1.60,40.43,-19.71,50.34,-54.07,-52.19,68.88,-45.01,-30.26,8.70,29.89,20.69,80.45,-10.10,-0.04,-11.74,9.80,6.23,10.84,9.00,-27.30,-47.96,48.67,68.98,-11.46,-20.91,0.72,25.76,35.91,-18.98,-39.77,-49.98,-15.92,18.63,-8.02
CashflowOperatingCashflow_qq,,-334.08,66.11,-253.21,170.22,-75.09,94.53,-1298.22,123.49,48.78,-107.97,120.79,1055.41,516.73,-197.99,157.34,127.81,-4.04,-53.22,-328.88,79.96,282.88,-80.21,-77.53,-1618.58,456.47,-175.00,-269.68,173.50,-89.81,-423.31,74.28,585.61,-386.51,108.03,1303.31,-106.33,-441.47,154.98,201.95,-159.55,94.05,3917.96,49.18,-105.80,7.34,-156.21,583.10,-139.02,-121.88,196.26
CashflowOperatingCashflow_sq,,84.19,34.44,-70.75,62.14,11.22,-7.33,-13.59,-35.19,-182.70,87.12,-124.29,86.46,66.74,127.67,-55.98,-88.42,62.48,3.77,-53.79,-18.76,-8.67,83.66,-76.94,-100.00,77.60,58.76,-11.92,-50.54,47.40,40.45,74.28,-48.96,77.86,-4.50,-81.04,-45.82,82.40,45.16,78.88,-40.20,-10.12,159.00,18.70,-63.89,-2.22,-9.54,78.53,-52.19,1.33,-7.99
CashflowAmortization,358000,356000,177000,450000,324000,278000,321000,592000,498000,513000,597000,532000,542000,548000,535000,560000,518000,518000,98000,432000,364000,647000,481000,488000,516000,532000,518000,533000,3327000,-1987000,660000,856000,609000,650000,659000,651000,674000,651000,658000,866000,674000,644000,635000,618000,646000,638000,822000,837000,838000,835000,833000
CashflowAmortization_yy,,,,,-9.50,-21.91,81.36,31.56,53.70,84.53,85.98,-10.14,8.84,6.82,-10.39,5.26,-4.43,-5.47,-81.68,-22.86,-29.73,24.90,390.82,12.96,41.76,-17.77,7.69,9.22,544.77,-473.50,27.41,60.60,-81.70,132.71,-0.15,-23.95,10.67,0.15,-0.15,33.03,,-1.08,-3.50,-28.64,-4.15,-0.93,29.45,35.44,29.72,30.88,1.34
CashflowAmortization_sy,,,,,2.46,8.13,-0.28,2.17,17.69,56.28,40.46,7.64,16.33,36.90,14.26,33.22,14.74,18.07,22.60,-4.18,6.54,9.86,5.63,11.44,11.82,0.55,2.16,3.60,1.96,0.95,-1.15,-3.24,-4.31,-4.34,-4.04,-3.74,1.92,-1.57,-1.92,-2.48,,7.43,2.91,7.83,1.94,1.16,4.78,11.82,11.60,12.06,7.28
CashflowAmortization_qq,,-0.56,-50.28,154.24,-28.00,-14.20,15.47,84.42,-15.88,3.01,16.37,-10.89,1.88,1.11,-2.37,4.67,-7.50,,-81.08,340.82,-15.74,77.75,-25.66,1.46,5.74,3.10,-2.63,2.90,524.20,-159.72,133.22,29.70,-28.86,6.73,1.38,-1.21,3.53,-3.41,1.08,31.61,-22.17,-4.45,-1.40,-2.68,4.53,-1.24,28.84,1.82,0.12,-0.36,-0.24
CashflowAmortization_sq,,2.13,17.15,0.94,-12.43,-0.33,10.40,4.21,-3.42,3.01,14.56,1.18,3.14,9.10,0.87,17.57,-8.10,,-4.42,2.54,-5.98,1.39,-2.92,1.38,0.09,1.16,1.07,3.99,1.50,1.12,0.46,-1.88,-7.96,-0.58,0.87,0.38,-2.03,-0.24,0.02,-0.97,0.94,1.64,1.29,1.35,-0.16,2.94,2.64,2.84,2.33,1.82,1.11
CashflowInvestingCashflow,-97000,-464000,-2051000,-838000,-632000,-523000,-16908000,931000,-649000,440000,-254000,-2567000,-122000,-84000,-219000,66000,-19000,674000,-10995000,691000,1480000,-1477000,-2266000,2191000,-149000,-3235000,-4493000,3105000,-2944000,2257000,-1755000,-494000,-3312000,3058000,-94000,-355000,-1463000,-867000,-787000,-1407000,-390000,-2118000,-2415000,-1740000,-1436000,3717000,-873000,-1537000,254000,-158000,-319000
CashflowInvestingCashflow_yy,,,,,-551.55,-12.72,-724.38,211.10,-2.69,184.13,98.50,-375.73,81.20,-119.09,13.78,102.57,84.43,902.38,-4920.55,946.97,7889.47,-319.14,79.39,217.08,-110.07,-119.03,-98.28,41.72,-1875.84,169.77,60.94,-115.91,-12.50,35.49,94.64,28.14,55.83,-128.35,-737.23,-296.34,73.34,-144.29,-206.86,-23.67,-268.21,275.50,63.85,11.67,117.69,-104.25,63.46
CashflowInvestingCashflow_sy,,,,,21.22,-58.58,-407.07,-44.52,-184.76,-118.68,-16.20,-161.97,14.36,12.71,-9.93,60.65,90.56,85.78,8.99,52.95,-64.07,7.24,80.79,15.20,-18.75,-37.89,-105.36,-25.42,-3.78,79.92,22.94,53.44,11.76,-22.29,-70.20,18.52,-8.62,-132.45,-48.88,-122.48,11.68,-59.95,-106.14,-30.78,-78.06,26.82,26.55,44.78,43.61,19.74,18.73
CashflowInvestingCashflow_qq,,-378.35,-342.03,59.14,24.58,17.25,-3132.89,105.51,-169.71,167.80,-157.73,-910.63,95.25,31.15,-160.71,130.14,-128.79,3647.37,-1731.31,106.28,114.18,-199.80,-53.42,196.69,-106.80,-2071.14,-38.89,169.11,-194.81,176.66,-177.76,71.85,-570.45,192.33,-103.07,-277.66,-312.11,40.74,9.23,-78.78,72.28,-443.08,-14.02,27.95,17.47,358.84,-123.49,-76.06,116.53,-162.20,-101.90
CashflowInvestingCashflow_sq,,-28.08,-13.39,0.49,42.60,-43.70,-76.62,74.55,-169.71,-127.38,-6.10,-11.80,41.56,-33.62,2.19,60.14,56.26,31.75,-8.93,10.85,9.98,-17.65,33.84,-12.95,40.31,-93.24,-35.71,-45.03,61.74,-0.81,2.14,9.20,32.28,22.00,-32.04,-48.65,13.38,-35.70,16.14,39.10,-68.82,-133.14,40.38,-58.35,24.98,14.80,24.80,-34.74,-9.29,-64.29,20.84
CashflowCapex,639000,466000,2054000,843000,634000,528000,1108000,-820000,694000,-436000,276000,578000,149000,194000,236000,66000,48000,212000,11292000,-2625000,235000,383000,260000,1182000,149000,3235000,4504000,-3126000,3022000,-2299000,1759000,523000,3330000,-2607000,75000,361000,,2177000,769000,1428000,495000,2055000,2432000,1592000,1439000,-693000,897000,1625000,317000,173000,379000
CashflowCapex_yy,,,,,-0.78,13.30,-46.06,-197.27,9.46,-182.58,-75.09,170.49,-78.53,144.50,-14.49,-88.58,-67.79,9.28,4684.75,-4077.27,389.58,80.66,-97.70,145.03,-36.60,744.65,1632.31,-364.47,1928.19,-171.07,-60.95,116.73,10.19,-13.40,-95.74,-30.98,-100.00,183.51,925.33,295.57,,-5.60,216.25,11.48,190.71,-133.72,-63.12,2.07,-77.97,124.96,-57.75
CashflowCapex_sy,,,,,-1.94,261.98,89.79,29.16,188.95,105.06,12.90,152.02,-21.62,21.17,19.89,-62.74,-40.28,-56.54,-52.44,-47.71,33.21,-40.60,-47.26,80.32,20.79,1.54,85.47,45.11,2.04,-35.10,-15.68,-38.26,-36.34,-13.40,-6.94,0.25,61.56,142.56,171.45,101.35,,-8.64,3.46,33.98,29.12,-14.10,-21.74,-44.62,-24.66,-33.36,-1.22
CashflowCapex_qq,,-27.07,340.77,-58.96,-24.79,-16.72,109.85,-174.01,184.63,-162.82,163.30,109.42,-74.22,30.20,21.65,-72.03,-27.27,341.67,5226.42,-123.25,108.95,62.98,-32.11,354.62,-87.39,2071.14,39.23,-169.40,196.67,-176.08,176.51,-70.27,536.71,-178.29,102.88,381.33,-100.00,,-64.68,85.70,-65.34,315.15,18.35,-34.54,-9.61,-148.16,229.44,81.16,-80.49,-45.43,119.08
CashflowCapex_sq,,19.83,171.92,-31.26,-38.34,45.66,33.17,-44.19,95.45,27.99,15.84,73.18,-24.58,50.24,-18.93,-65.90,-38.65,124.92,-30.48,-21.69,0.96,54.94,-8.21,18.83,-67.46,102.41,-9.74,53.04,-48.24,24.88,-15.68,-14.69,-24.58,56.12,-12.02,9.24,13.31,,-18.50,-34.70,-16.64,78.40,-35.34,63.29,-31.69,-5.75,-21.58,32.14,-40.09,-5.29,58.16
CashflowFinancingCashflow,-3281000,274000,600000,-2598000,249000,-746000,16473000,11684000,-1248000,-3993000,386000,1712000,-148000,-5752000,5705000,-382000,-3153000,-7561000,8396000,2989000,10000,-3043000,1432000,-1035000,-256000,-1701000,9900000,12988000,-10041000,-3809000,6028000,2754000,-913000,12017000,-758000,-14854000,1456000,8784000,-1602000,-9553000,5873000,2696000,-9826000,-13987000,3659000,-6301000,-430000,-11255000,5591000,9580000,-9612000
CashflowFinancingCashflow_yy,,,,,107.59,-372.26,2645.50,549.73,-601.20,-435.25,-97.66,-85.35,88.14,-44.05,1377.98,-122.31,-2030.41,-31.45,47.17,882.46,100.32,59.75,-82.94,-134.63,-2660.00,44.10,591.34,1354.88,-3822.27,-123.93,-39.11,-78.80,90.91,415.49,-112.57,-639.36,259.47,-26.90,-111.35,35.69,303.37,-69.31,-513.36,-46.41,-37.70,-333.72,95.62,19.53,52.80,252.04,-2135.35
CashflowFinancingCashflow_sy,,,,,98.64,62.72,46.60,165.86,-17.15,31.96,-50.94,50.21,96.66,-44.05,-5.90,-107.22,-30.90,0.76,-109.93,49.68,0.74,18.34,-72.71,-13.50,23.52,-31.48,-1.47,-35.81,-42.68,-6.55,-7.53,-84.22,-65.49,26.85,-77.42,22.65,52.24,19.24,1.32,-26.46,38.84,32.00,-4.34,-26.08,-76.67,1.28,45.58,54.96,26.13,13.32,-46.35
CashflowFinancingCashflow_qq,,108.35,118.98,-533.00,109.58,-399.60,2308.18,-29.07,-110.68,-219.95,109.67,343.52,-108.64,-3786.49,199.18,-106.70,-725.39,-139.80,211.04,-64.40,-99.67,-30530.00,147.06,-172.28,75.27,-564.45,682.01,31.19,-177.31,62.07,258.26,-54.31,-133.15,1416.21,-106.31,-1859.63,109.80,503.30,-118.24,-496.32,161.48,-54.10,-464.47,-42.35,126.16,-272.21,93.18,-2517.44,149.68,71.35,-200.33
CashflowFinancingCashflow_sq,,121.89,-16.53,89.24,29.90,81.39,-25.05,94.08,-14.27,115.20,-14.94,201.87,-76.02,-67.72,-44.52,-103.88,-36.84,-8.20,-77.31,75.30,35.06,-41.91,-8.40,58.71,18.72,-72.34,-58.51,23.73,86.26,-88.70,14.14,-47.57,40.08,-9.37,-34.54,51.20,83.74,27.32,-102.24,21.44,59.14,-6.04,-39.14,28.43,46.26,-13.06,-1.26,-57.57,12.92,23.18,-77.08
CashflowShareCapitalCash,,,,,,,,,,,,,,,,,,,,,,,,,,,,,,,,,,,,,,,,,,,,,,,,,,,
CashflowShareCapitalCash_yy,,,,,,,,,,,,,,,,,,,,,,,,,,,,,,,,,,,,,,,,,,,,,,,,,,,
CashflowShareCapitalCash_sy,,,,,,,,,,,,,,,,,,,,,,,,,,,,,,,,,,,,,,,,,,,,,,,,,,,
CashflowShareCapitalCash_qq,,,,,,,,,,,,,,,,,,,,,,,,,,,,,,,,,,,,,,,,,,,,,,,,,,,
CashflowShareCapitalCash_sq,,,,,,,,,,,,,,,,,,,,,,,,,,,,,,,,,,,,,,,,,,,,,,,,,,,
CashflowDividend,,,,,,,,,,,,,,,,,,,,,,,,,,,,,,,,,,,,,,928000,,2376000,,,,3960000,,,,2010000,,,
CashflowDividend_yy,,,,,,,,,,,,,,,,,,,,,,,,,,,,,,,,,,,,,,,,,,-100.00,,66.67,,,,-49.24,,,
CashflowDividend_sy,,,,,,,,,,,,,,,,,,,,,,,,,,,,,,,,,,,,,,,,,,11.38,,7.69,,,,-100.00,,,
CashflowDividend_qq,,,,,,,,,,,,,,,,,,,,,,,,,,,,,,,,,,,,,,,-100.00,,-100.00,,,,-100.00,,,,-100.00,,
CashflowDividend_sq,,,,,,,,,,,,,,,,,,,,,,,,,,,,,,,,,,,,,,,-100.00,,-100.00,,,,-100.00,,,,-100.00,,
CashflowNetCashflow,-2260000,-2807000,-2338000,-6569000,1817000,-721000,631000,-158000,1104000,912000,-224000,-781000,585000,-563000,319000,2647000,3578000,-410000,431000,-3255000,100000,-1978000,-331000,1269000,-2121000,1181000,819000,-868000,-518000,-282000,167000,1204000,903000,383000,328000,1350000,-1056000,2237000,734000,-1530000,-133000,244000,511000,3297000,1119000,-3607000,-3924000,-130000,904000,-1541000,622000
CashflowNetCashflow_yy,,,,,180.40,74.31,126.99,97.59,-39.24,226.49,-135.50,-394.30,-47.01,-161.73,242.41,438.92,511.62,27.18,35.11,-222.97,-97.21,-382.44,-176.80,138.99,-2221.00,159.71,347.43,-168.40,75.58,-123.88,-79.61,238.71,274.32,235.82,96.41,12.13,-216.94,484.07,123.78,-213.33,87.41,-89.09,-30.38,315.49,941.35,-1578.28,-867.91,-103.94,-19.21,57.28,115.85
CashflowNetCashflow_sy,,,,,-19.46,13.30,16.28,98.80,12.11,226.49,-69.96,-83.36,69.98,-73.15,116.85,-19.06,-117.18,51.82,-100.92,43.50,-45.56,26.17,-30.60,62.10,28.57,-101.12,88.48,-58.14,46.51,69.32,-26.09,15.91,-5.56,77.12,62.24,11.33,27.28,-0.16,52.11,100.93,103.57,-73.95,-17.80,80.62,-58.28,58.58,56.72,-25.84,-19.21,24.33,-19.54
CashflowNetCashflow_qq,,-24.20,16.71,-180.97,127.66,-139.68,187.52,-125.04,798.73,-17.39,-124.56,-248.66,174.90,-196.24,156.66,729.78,35.17,-111.46,205.12,-855.22,103.07,-2078.00,83.27,483.38,-267.14,155.68,-30.65,-205.98,40.32,45.56,159.22,620.96,-25.00,-57.59,-14.36,311.59,-178.22,311.84,-67.19,-308.45,91.31,283.46,109.43,545.21,-66.06,-422.34,-8.79,96.69,795.38,-270.46,140.36
CashflowNetCashflow_sq,,209.55,-79.84,-167.02,27.54,124.87,28.88,52.66,-179.27,95.71,-26.41,80.21,107.01,-93.19,182.22,-91.46,61.02,31.98,-8.95,-122.37,70.02,82.57,-94.34,36.08,34.02,27.07,85.38,-125.32,63.69,60.28,-39.37,-35.65,26.35,120.80,19.20,-64.85,57.00,134.37,-48.63,2.81,36.44,5.50,94.58,122.32,-66.06,5.00,18.53,96.69,-74.48,85.45,-42.80
