,2006/Q1,2006/Q2,2006/Q3,2006/Q4,2007/Q1,2007/Q2,2007/Q3,2007/Q4,2008/Q1,2008/Q2,2008/Q3,2008/Q4,2009/Q1,2009/Q2,2009/Q3,2009/Q4,2010/Q1,2010/Q2,2010/Q3,2010/Q4,2011/Q1,2011/Q2,2011/Q3,2011/Q4,2012/Q1,2012/Q2,2012/Q3,2012/Q4,2013/Q1,2013/Q2,2013/Q3,2013/Q4,2014/Q1,2014/Q2,2014/Q3,2014/Q4,2015/Q1,2015/Q2,2015/Q3,2015/Q4,2016/Q1,2016/Q2,2016/Q3,2016/Q4,2017/Q1,2017/Q2,2017/Q3,2017/Q4,2018/Q1,2018/Q2
IncomeRevenues,24344000,116444000,84861000,79093000,88863000,99269000,95693000,142175000,142773000,149260000,134831000,119277000,135248000,142503000,141968000,130014000,135164000,151419000,161847000,148824000,154555000,158518000,161306000,148006000,156772000,155274000,171558000,149469000,162160000,176199000,181699000,153205000,163915000,171805000,169579000,162232000,164994000,180450000,166025000,163631000,172579000,177811000,180369000,164803000,183400000,187338000,203968000,174852000,191216000,207298000
IncomeRevenues_yy,,,,,265.03,-14.75,12.76,79.76,60.67,50.36,40.90,-16.11,-5.27,-4.53,5.29,9.00,-0.06,6.26,14.00,14.47,14.35,4.69,-0.33,-0.55,1.43,-2.05,6.36,0.99,3.44,13.48,5.91,2.50,1.08,-2.49,-6.67,5.89,0.66,5.03,-2.10,0.86,4.60,-1.46,8.64,0.72,6.27,5.36,13.08,6.10,4.26,10.65
IncomeRevenues_sy,,,,,31.99,4.28,13.52,9.57,17.16,18.70,37.43,8.28,-10.44,-2.46,-8.70,-3.08,7.18,12.14,26.26,29.33,33.45,43.24,32.31,20.22,15.88,18.31,8.98,17.41,7.21,13.48,5.91,4.57,4.54,2.11,0.05,9.11,2.51,-5.04,-2.10,0.86,10.01,14.96,11.56,9.87,3.17,2.90,3.44,6.10,1.89,9.01
IncomeRevenues_qq,,378.33,-27.12,-6.80,12.35,11.71,-3.60,48.57,0.42,4.54,-9.67,-11.54,13.39,5.36,-0.38,-8.42,3.96,12.03,6.89,-8.05,3.85,2.56,1.76,-8.25,5.92,-0.96,10.49,-12.88,8.49,8.66,3.12,-15.68,6.99,4.81,-1.30,-4.33,1.70,9.37,-7.99,-1.44,5.47,3.03,1.44,-8.63,11.28,2.15,8.88,-14.27,9.36,8.41
IncomeRevenues_sq,,28.17,-4.64,-10.42,10.14,10.09,3.54,-4.87,3.98,8.12,-1.38,-14.44,-6.52,15.60,-3.58,-6.56,6.73,18.26,6.31,-7.78,-5.63,33.38,1.76,-10.72,5.69,9.11,7.20,-8.47,2.54,12.30,1.17,-11.01,1.14,10.65,4.51,-7.44,0.80,6.93,6.29,-8.57,7.08,13.74,0.31,-7.90,5.60,5.14,8.57,-11.48,9.36,9.24
IncomeCostOfSales,21169000,91750000,69093000,69457000,74968000,81908000,81758000,121159000,119233000,125420000,113277000,104065000,102552000,115292000,117656000,111808000,113175000,128630000,140463000,131180000,135307000,138507000,139495000,127953000,136912000,137019000,147094000,132659000,137541000,152020000,149381000,133339000,136822000,142243000,143453000,138395000,136409000,147340000,143981000,142509000,145383000,147982000,152755000,135143000,152882000,158133000,175298000,149059000,162940000,175894000
IncomeCostOfSales_yy,,,,,254.14,-10.73,18.33,74.44,59.05,53.12,38.55,-14.11,-13.99,-8.08,3.87,7.44,10.36,11.57,19.38,17.33,19.56,7.68,-0.69,-2.46,1.19,-1.07,5.45,3.68,0.46,10.95,1.55,0.51,-0.52,-6.43,-3.97,3.79,-0.30,3.58,0.37,2.97,6.58,0.44,6.09,-5.17,5.16,6.86,14.76,10.30,6.58,11.23
IncomeCostOfSales_sy,,,,,35.33,1.94,11.87,14.03,27.88,24.20,38.55,-4.48,-13.99,-8.08,-13.51,6.32,27.49,28.26,37.65,38.71,31.38,21.90,18.67,9.30,14.63,17.56,13.77,15.72,7.55,8.58,1.55,0.51,8.65,7.43,-2.25,6.55,3.68,-2.54,-1.72,-13.20,6.58,5.32,6.88,5.28,2.68,3.54,11.44,10.30,5.62,12.84
IncomeCostOfSales_qq,,333.42,-24.69,0.53,7.93,9.26,-0.18,48.19,-1.59,5.19,-9.68,-8.13,-1.45,12.42,2.05,-4.97,1.22,13.66,9.20,-6.61,3.15,2.36,0.71,-8.27,7.00,0.08,7.35,-9.81,3.68,10.53,-1.74,-10.74,2.61,3.96,0.85,-3.53,-1.44,8.01,-2.28,-1.02,2.02,1.79,3.23,-11.53,13.13,3.43,10.85,-14.97,9.31,7.95
IncomeCostOfSales_sq,,36.83,-0.94,-7.47,3.80,9.26,-0.18,2.61,0.40,12.13,7.83,-17.07,-10.26,22.58,2.05,-4.16,1.22,13.66,9.20,-6.61,-5.04,25.69,2.47,-17.45,7.00,15.25,7.35,-9.81,-5.02,10.53,-1.74,-10.74,-1.68,6.86,4.36,-5.39,-5.80,8.01,1.28,-12.74,5.82,14.95,-0.54,-14.56,10.00,5.33,10.85,-14.97,9.31,7.10
IncomeDistributionExpenses,580000,6484000,3863000,4149000,3963000,4731000,4235000,5422000,8184000,11169000,9249000,7462000,10180000,9737000,9969000,10765000,9442000,10241000,10641000,10405000,9090000,8659000,8253000,9450000,8695000,9713000,9323000,9507000,9043000,7800000,10876000,10139000,9787000,10848000,9337000,10676000,9675000,10846000,10608000,11081000,10012000,10707000,10102000,12475000,11022000,11734000,11464000,13514000,11873000,12759000
IncomeDistributionExpenses_yy,,,,,583.28,-27.04,9.63,30.68,106.51,136.08,118.39,37.62,24.39,-12.82,7.78,44.26,-7.25,5.18,6.74,-3.34,-3.73,-15.45,-22.44,-9.18,-4.35,12.17,12.96,0.60,4.00,-19.70,16.66,6.65,8.23,39.08,-14.15,5.30,-1.14,-0.02,13.61,3.79,3.48,-1.28,-4.77,12.58,10.09,9.59,13.48,8.33,7.72,8.74
IncomeDistributionExpenses_sy,,,,,9.86,9.19,9.63,11.41,17.84,3.27,24.81,29.85,10.62,-8.37,-1.81,0.12,-7.25,5.18,37.56,46.61,39.17,6.34,32.12,6.75,37.98,39.78,18.22,3.64,29.06,-11.38,16.66,6.65,5.36,39.08,0.50,14.32,8.62,2.57,14.32,-10.72,14.45,12.78,9.80,18.56,7.28,4.28,13.09,2.44,4.06,5.09
IncomeDistributionExpenses_qq,,1017.93,-40.42,7.40,-4.48,19.38,-10.48,28.03,50.94,36.47,-17.19,-19.32,36.42,-4.35,2.38,7.98,-12.29,8.46,3.91,-2.22,-12.64,-4.74,-4.69,14.50,-7.99,11.71,-4.02,1.97,-4.88,-13.75,39.44,-6.78,-3.47,10.84,-13.93,14.34,-9.38,12.10,-2.19,4.46,-9.65,6.94,-5.65,23.49,-11.65,6.46,-2.30,17.88,-12.14,7.46
IncomeDistributionExpenses_sq,,46.67,-15.36,20.75,-14.77,25.35,-10.48,16.67,-10.72,30.27,-7.12,3.58,-16.19,-1.43,-4.86,7.98,-12.29,18.33,0.06,56.59,-12.64,4.52,22.62,5.40,-7.99,11.71,-4.02,1.97,-4.88,-13.75,39.44,-1.76,-12.04,12.36,5.30,13.92,-10.37,12.10,1.26,-0.76,7.12,7.00,-2.86,2.78,-10.37,6.46,-2.30,-4.96,-0.95,7.39
IncomeAdministrativExpenses,1434000,11401000,6334000,6645000,6764000,8267000,6582000,13364000,9538000,9116000,8678000,4275000,7829000,8610000,7375000,8330000,6803000,8108000,6829000,7641000,7136000,7316000,7447000,7794000,7281000,7585000,7224000,8250000,8556000,6382000,9302000,8944000,7742000,8719000,8728000,8590000,8237000,8516000,7770000,8790000,7656000,8604000,8382000,9655000,8356000,8309000,8877000,9904000,8735000,9966000
IncomeAdministrativExpenses_yy,,,,,371.69,-27.49,3.92,101.11,41.01,10.27,31.84,-68.01,-17.92,-5.55,-15.01,94.85,-13.11,-5.83,-7.40,-8.27,4.89,-9.77,9.05,2.00,2.03,3.68,-2.99,5.85,17.51,-15.86,28.77,8.41,-9.51,36.62,-6.17,-3.96,6.39,-2.33,-10.98,2.33,-7.05,1.03,7.88,9.84,9.14,-3.43,5.91,2.58,4.54,19.94
IncomeAdministrativExpenses_sy,,,,,10.64,12.17,3.92,3.63,29.25,10.27,65.90,3.41,8.21,-5.55,-10.66,-5.60,-12.58,-5.83,9.77,25.78,4.89,17.32,17.63,6.99,2.03,19.35,14.92,16.87,21.22,-14.29,12.62,-6.36,-9.29,36.62,-6.17,5.72,17.66,1.50,-6.24,-19.22,-13.44,4.58,17.62,21.52,6.85,-3.43,-3.91,7.44,0.86,4.64
IncomeAdministrativExpenses_qq,,695.05,-44.44,4.91,1.79,22.22,-20.38,103.04,-28.63,-4.42,-4.80,-50.74,83.13,9.98,-14.34,12.95,-18.33,19.18,-15.77,11.89,-6.61,2.52,1.79,4.66,-6.58,4.18,-4.76,14.20,3.71,-25.41,45.75,-3.85,-13.44,12.62,0.10,-1.58,-4.11,3.39,-8.76,13.13,-12.90,12.38,-2.58,15.19,-13.45,-0.56,6.84,11.57,-11.80,14.09
IncomeAdministrativExpenses_sq,,16.96,-11.91,5.42,-9.88,22.22,-20.38,49.24,-14.37,21.50,-7.95,7.99,-8.68,2.21,-14.34,3.32,-4.72,18.58,-0.81,13.90,-12.76,10.83,3.80,4.66,-7.93,26.07,4.22,9.51,-11.48,-4.58,33.53,-3.85,-4.92,10.25,-0.51,6.73,-9.44,0.72,-4.38,12.17,-0.41,14.14,-0.53,8.35,-7.45,-0.01,-2.52,11.58,-12.36,11.03
IncomeGrossProfit,1161000,6809000,5571000,-1158000,3168000,4363000,3118000,2230000,5818000,3555000,3627000,3475000,14687000,8864000,6968000,-889000,5744000,4440000,3914000,-402000,3022000,4036000,6111000,2809000,3884000,957000,7917000,-947000,7020000,9997000,12140000,783000,9564000,9995000,8061000,4571000,10673000,13748000,3666000,1251000,9528000,10518000,9130000,7530000,11140000,9162000,8329000,2375000,7668000,8679000
IncomeGrossProfit_yy,,,,,172.87,-35.92,-44.03,292.57,83.65,-18.52,16.32,55.83,152.44,149.34,92.11,-125.58,-60.89,-49.91,-43.83,54.78,-47.39,-9.10,56.13,798.76,28.52,-76.29,29.55,-133.71,80.74,944.62,53.34,182.68,36.24,-0.02,-33.60,483.78,11.60,37.55,-54.52,-72.63,-10.73,-23.49,149.05,501.92,16.92,-12.89,-8.77,-68.46,-31.17,-5.27
IncomeGrossProfit_sy,,,,,147.75,-29.56,9.90,120.48,20.30,37.44,11.70,42.89,98.04,36.50,-53.94,-25.42,-60.73,-50.40,86.72,37.20,-50.18,40.13,210.06,45.34,31.53,-39.55,8.78,8.33,43.00,199.72,14.52,25.47,2.77,-0.02,-16.40,-72.08,53.49,-30.10,-46.93,11.49,-3.02,26.85,11.98,8.70,-8.52,-20.92,-12.22,-9.52,-31.17,6.54
IncomeGrossProfit_qq,,486.48,-18.18,-120.79,373.58,37.72,-28.54,-28.48,160.90,-38.90,2.03,-4.19,322.65,-39.65,-21.39,-112.76,746.12,-22.70,-11.85,-110.27,851.74,33.55,51.41,-54.03,38.27,-75.36,727.27,-111.96,841.29,42.41,21.44,-93.55,1121.46,4.51,-19.35,-43.29,133.49,28.81,-73.33,-65.88,661.63,10.39,-13.20,-17.52,47.94,-17.76,-9.09,-71.49,222.86,13.18
IncomeGrossProfit_sq,,61.85,-20.01,-117.68,302.02,-30.26,19.82,-65.32,120.94,2.19,16.36,-1.84,61.59,1.44,-45.46,-63.99,114.82,25.10,10.02,-46.38,36.68,149.60,47.26,-29.21,33.11,10.43,120.88,-38.09,20.69,74.20,21.44,-47.98,-17.83,68.74,8.38,-85.52,166.89,-14.70,5.54,-60.97,110.61,10.38,-2.51,-33.33,23.02,-1.22,15.06,-69.50,25.57,7.62
IncomeOtherOperatingIncome,107000,1520000,52000,1173000,1260000,2633000,881000,2033000,729000,1346000,2524000,-451000,1303000,493000,2147000,1127000,1551000,880000,1944000,1935000,1221000,1617000,1054000,445000,700000,1614000,1531000,3963000,1294000,1570000,867000,1031000,1298000,2744000,448000,921000,1873000,1511000,1093000,2482000,1426000,520000,747000,147000,783000,1858000,799000,122000,353000,858000
IncomeOtherOperatingIncome_yy,,,,,1077.57,73.22,1594.23,73.32,-42.14,-48.88,186.49,-122.18,78.74,-63.37,-14.94,349.89,19.03,78.50,-9.46,71.69,-21.28,83.75,-45.78,-77.00,-42.67,-0.19,45.26,790.56,84.86,-2.73,-43.37,-73.98,0.31,74.78,-48.33,-10.67,44.30,-44.93,143.97,169.49,-23.87,-65.59,-31.66,-94.08,-45.09,257.31,6.96,-17.01,-54.92,-53.82
IncomeOtherOperatingIncome_sy,,,,,60.82,272.92,183.78,71.54,-7.61,36.04,165.91,71.85,34.02,-63.80,-9.38,153.02,36.86,30.36,6.06,34.92,-24.66,100.77,-32.01,-33.53,-29.28,-29.10,110.63,65.92,75.18,35.55,11.62,-44.44,10.64,45.71,25.00,-10.67,44.30,35.00,27.17,27.49,-11.77,19.16,-6.86,20.76,40.56,-33.09,-21.65,-10.00,-0.42,-22.42
IncomeOtherOperatingIncome_qq,,1320.56,-96.58,2155.77,7.42,108.97,-66.54,130.76,-64.14,84.64,87.52,-117.87,388.91,-62.16,335.50,-47.51,37.62,-43.26,120.91,-0.46,-36.90,32.43,-34.82,-57.78,57.30,130.57,-5.14,158.85,-67.35,21.33,-44.78,18.92,25.90,111.40,-83.67,105.58,103.37,-19.33,-27.66,127.08,-42.55,-63.53,43.65,-80.32,432.65,137.29,-57.00,-84.73,189.34,143.06
IncomeOtherOperatingIncome_sq,,-17.26,-0.62,115.78,-13.24,138.58,-81.61,65.66,-33.34,119.09,-6.42,-23.98,95.12,46.52,-6.24,145.31,92.71,-45.20,39.42,213.10,-53.41,-51.20,-62.98,337.56,-42.55,42.94,-7.33,158.85,-67.35,-18.30,20.83,18.92,7.42,59.65,-1.67,57.45,7.92,2.38,-30.18,58.86,-3.26,32.69,-23.42,-30.90,73.57,21.03,-26.70,9.54,-47.35,34.28
IncomeOtherOperatingCosts,100000,4712000,-30000,-870000,396000,865000,687000,1538000,812000,640000,1842000,-908000,557000,695000,278000,978000,558000,705000,1390000,5283000,588000,1332000,1498000,859000,848000,1304000,1601000,1181000,2278000,5209000,2052000,373000,1661000,2985000,897000,928000,1800000,1731000,582000,1961000,639000,530000,472000,2445000,752000,-266000,250000,295000,436000,489000
IncomeOtherOperatingCosts_yy,,,,,296.00,-81.64,2390.00,276.78,105.05,-26.01,168.12,-159.04,-31.40,8.59,-84.91,207.71,0.18,1.44,400.00,440.18,5.38,88.94,7.77,-83.74,44.22,-2.10,6.88,37.49,168.63,299.46,28.17,-68.42,-27.09,-42.70,-56.29,148.79,8.37,-42.01,-35.12,111.31,-64.50,-69.38,-18.90,24.68,17.68,-150.19,-47.03,-87.93,-42.02,283.83
IncomeOtherOperatingCosts_sy,,,,,83.94,334.04,-44.87,-13.13,41.28,-31.91,134.18,-7.54,3.03,77.82,-29.59,125.92,-9.95,-15.80,-4.72,260.04,-1.93,43.00,25.10,-31.06,59.10,-13.96,5.27,59.23,70.55,27.89,7.85,-5.45,-27.09,-7.11,-20.00,22.54,-11.20,105.50,-35.12,77.56,35.78,-25.55,-13.16,-22.04,4.78,-56.90,-46.71,-6.32,-16.01,38.60
IncomeOtherOperatingCosts_qq,,4612.00,-100.64,-2800.00,145.52,118.43,-20.58,123.87,-47.20,-21.18,187.81,-149.29,161.34,24.78,-60.00,251.80,-42.94,26.34,97.16,280.07,-88.87,126.53,12.46,-42.66,-1.28,53.77,22.78,-26.23,92.89,128.67,-60.61,-81.82,345.31,79.71,-69.95,3.46,93.97,-3.83,-66.38,236.94,-67.41,-17.06,-10.94,418.01,-69.24,-135.37,193.98,18.00,47.80,12.16
IncomeOtherOperatingCosts_sq,,19.68,-24.16,276.66,-50.70,147.88,-24.46,140.97,-46.26,-34.75,144.72,112.50,-13.72,79.21,-45.70,238.62,-66.57,43.10,-17.92,256.64,-71.09,105.72,-13.52,10.51,-17.71,13.47,29.78,60.28,-46.89,11.81,-19.02,85.82,-36.83,70.30,-63.05,127.46,-63.87,74.52,-68.44,263.75,-63.47,-3.10,-45.14,261.66,-49.66,3.40,52.01,35.18,-30.90,7.64
IncomeEBIT,1168000,3617000,5653000,885000,4032000,6131000,3312000,2725000,5735000,4261000,4309000,3932000,15433000,8662000,8837000,-740000,6737000,4615000,4468000,-3750000,3655000,4321000,5667000,2395000,3736000,1267000,7847000,1835000,6036000,6358000,10955000,1441000,9201000,9754000,7612000,4564000,10746000,13528000,4177000,1772000,10315000,10508000,9405000,5232000,11171000,11286000,8878000,2202000,7585000,9048000
IncomeEBIT_yy,,,,,245.21,69.51,-41.41,207.91,42.24,-30.50,30.10,44.29,169.10,103.29,105.08,-118.82,-56.35,-46.72,-49.44,-406.76,-45.75,-6.37,26.84,163.87,2.22,-70.68,38.47,-23.38,61.56,401.82,39.61,-21.47,52.44,53.41,-30.52,216.72,16.79,38.69,-45.13,-61.17,-4.01,-22.32,125.16,195.26,8.30,7.40,-5.60,-57.91,-32.10,-19.83
IncomeEBIT_sy,,,,,184.29,-4.54,6.58,56.40,19.10,14.62,24.71,81.04,75.26,27.98,-38.24,-57.04,-60.34,-39.22,12.38,-21.44,-21.32,80.95,239.88,25.56,10.64,-41.95,7.82,15.58,18.32,146.01,22.70,-6.99,20.58,-22.07,-7.82,-120.01,81.59,19.54,-39.28,37.69,-9.18,30.78,15.32,97.60,-8.04,-19.74,-10.12,25.43,-26.37,-0.28
IncomeEBIT_qq,,209.67,56.29,-84.34,355.59,52.06,-45.98,-17.72,110.46,-25.70,1.13,-8.75,292.50,-43.87,2.02,-108.37,1010.41,-31.50,-3.19,-183.93,197.47,18.22,31.15,-57.74,55.99,-66.09,519.34,-76.62,228.94,5.33,72.30,-86.85,538.51,6.01,-21.96,-40.04,135.45,25.89,-69.12,-57.58,482.11,1.87,-10.50,-44.37,113.51,1.03,-21.34,-75.20,244.46,19.29
IncomeEBIT_sq,,83.94,18.00,-133.64,296.10,-33.78,51.90,-27.40,89.92,32.44,2.40,-18.68,124.08,-16.12,-31.61,-50.30,127.87,-6.34,3.00,-84.59,44.91,53.83,41.66,-47.98,-15.42,-10.70,120.10,-46.10,-16.80,123.61,-8.00,-50.34,11.03,18.91,21.92,-111.09,213.71,-9.00,23.12,-68.94,336.87,4.36,12.08,-52.02,37.88,10.34,14.80,-60.13,23.55,9.10
IncomeFinanceIncome,10000,8994000,-91000,185000,462000,-196000,129000,5052000,2223000,4558000,-1258000,-4493000,446000,869000,855000,1441000,4994000,-4396000,3211000,982000,1155000,504000,-47000,505000,4863000,-640000,1396000,1569000,343000,53000,181000,72000,321000,8000,479000,-610000,910000,2129000,-119000,-348000,62000,17000,108000,-30000,533000,146000,225000,422000,180000,289000
IncomeFinanceIncome_yy,,,,,4520.00,-102.18,241.76,2630.81,381.17,2425.51,-1075.19,-188.94,-79.94,-80.93,167.97,132.07,1019.73,-605.87,275.56,-31.85,-76.87,111.46,-101.46,-48.57,321.04,-226.98,3070.21,210.69,-92.95,108.28,-87.03,-95.41,-6.41,-84.91,164.64,-947.22,183.49,26512.50,-124.84,42.95,-93.19,-99.20,190.76,91.38,759.68,758.82,108.33,1506.67,-66.23,97.95
IncomeFinanceIncome_sy,,,,,299.54,-85.06,-2.73,386.84,333.63,92.69,-78.36,165.96,-46.21,-66.55,126.26,-97.11,97.06,-101.01,108.47,209.80,-78.38,23.58,-69.28,-70.27,43.26,-61.07,81.29,102.35,10.95,-75.31,-41.35,-35.87,-43.09,71.11,11.11,333.02,100.04,82.52,-77.12,-80.56,-75.59,98.02,-67.50,116.46,-20.00,-1.82,28.57,162.50,-62.09,173.97
IncomeFinanceIncome_qq,,89840.00,-101.01,303.30,149.73,-142.42,165.82,3816.28,-56.00,105.04,-127.60,-257.15,109.93,94.84,-1.61,68.54,246.56,-188.03,173.04,-69.42,17.62,-56.36,-109.33,1174.47,862.97,-113.16,318.12,12.39,-78.14,-84.55,241.51,-60.22,345.83,-97.51,5887.50,-227.35,249.18,133.96,-105.59,-192.44,117.82,-72.58,535.29,-127.78,1876.67,-72.61,54.11,87.56,-57.35,60.56
IncomeFinanceIncome_sq,,48.60,,100.00,82.98,108.59,98.24,50.00,-10.56,-38.54,-67.20,110.90,-2.31,-12.78,41.74,-71.62,234.07,-141.74,177.70,-39.45,-5.41,24.22,13.62,24.36,190.59,-87.51,92.86,12.39,45.62,-90.24,111.11,26.67,153.61,-31.43,108.33,400.00,-64.90,-43.30,-57.98,-34.78,126.76,-37.50,-22.88,15.71,199.06,-98.71,70.66,118.18,-47.62,27.65
IncomeFinanceCosts,483000,1879000,363000,745000,884000,1312000,842000,3019000,3145000,2887000,2996000,22791000,15165000,-1560000,-2673000,-2000,2321000,2454000,1774000,2234000,2811000,1625000,8858000,37647000,2951000,2312000,2981000,3413000,3466000,6780000,639000,86000,1860000,1520000,1895000,1962000,1564000,1457000,1550000,47236000,1565000,2051000,614000,1243000,1165000,1156000,1314000,1369000,1660000,1643000
IncomeFinanceCosts_yy,,,,,83.02,-30.18,131.96,305.23,255.77,120.05,255.82,654.92,382.19,-154.04,-189.22,-100.01,-84.70,257.31,166.37,111800.00,21.11,-33.78,399.32,1585.18,4.98,42.28,-66.35,-90.93,17.45,193.25,-78.56,-97.48,-46.34,-77.58,196.56,2181.40,-15.91,-4.14,-18.21,2307.54,0.06,40.77,-60.39,-97.37,-25.56,-43.64,114.01,10.14,42.49,42.13
IncomeFinanceCosts_sy,,,,,51.05,-30.18,49.35,206.94,40.28,120.05,61.74,-8.26,22.48,-82.40,-80.00,-83.77,-71.79,257.31,166.37,98.37,21.11,-32.75,842.20,-2.69,4.98,42.28,-52.11,98.11,17.45,-18.48,-73.90,-18.09,-28.87,-23.71,41.92,38.96,-17.00,-4.14,-18.21,-20.97,-4.62,13.47,-55.67,38.69,-18.16,-25.08,153.05,32.67,42.49,13.19
IncomeFinanceCosts_qq,,289.03,-80.68,105.23,18.66,48.42,-35.82,258.55,4.17,-8.20,3.78,660.71,-33.46,-110.29,-71.35,99.93,116150.00,5.73,-27.71,25.93,25.83,-42.19,445.11,325.01,-92.16,-21.65,28.94,14.49,1.55,95.61,-90.58,-86.54,2062.79,-18.28,24.67,3.54,-20.29,-6.84,6.38,2947.48,-96.69,31.05,-70.06,102.44,-6.28,-0.77,13.67,4.19,21.26,-1.02
IncomeFinanceCosts_sq,,24.27,-34.38,71.19,-28.42,12.08,-10.02,217.57,-71.98,91.57,-3.22,112.50,-35.00,-16.67,-46.67,65.77,-32.66,8.44,-39.44,126.76,-8.95,-4.96,219.33,-74.39,-9.80,31.17,28.94,-6.22,-16.28,-12.80,-42.59,65.30,-1.49,-23.62,17.11,19.48,-4.49,3.64,8.74,6.40,-2.29,46.92,-62.32,133.79,-25.63,3.42,5.87,22.18,14.07,2.08
IncomeOtherIncome,,,,,,16000,,13000,,12000,0,-13000,,23000,0,-11000,,24000,0,9000,,14000,0,2000,,,,5000,,,,,,,,,,,,33000,,,,59000,,,,50000,,
IncomeOtherIncome_yy,,,,,,,,,,-25.00,,-200.00,,91.67,,15.38,,4.35,,181.82,,-41.67,,-77.78,,-100.00,,150.00,,,,-100.00,,,,,,,,,,,,78.79,,,,-15.25,,
IncomeOtherIncome_sy,,,,,,,,,,-25.00,,-200.00,,91.67,,15.38,,4.35,,181.82,,-41.67,,-88.89,,-100.00,,150.00,,,,-52.86,,,,,,,,,,,,-10.60,,,,-15.25,,
IncomeOtherIncome_qq,,,,,,,-100.00,,-100.00,,-100.00,,100.00,,-100.00,,100.00,,-100.00,,-100.00,,-100.00,,-100.00,,,,-100.00,,,,,,,,,,,,-100.00,,,,-100.00,,,,-100.00,
IncomeOtherIncome_sq,,,,,,,-100.00,,-100.00,,-100.00,,100.00,,-100.00,,100.00,,-100.00,,-100.00,,-100.00,,-100.00,,,,-100.00,,,,,,,,,,,,-100.00,,,,-100.00,,,,-100.00,
IncomeNetGrossProfit,695000,10732000,5199000,325000,3610000,4639000,2583000,4771000,4813000,5944000,55000,-23365000,714000,11114000,12365000,692000,9410000,-2211000,5905000,-4993000,1999000,3214000,-3238000,-34745000,5648000,-1685000,6262000,-4000,2913000,-369000,10497000,1427000,7662000,8242000,6196000,1992000,10092000,14200000,2508000,-45779000,8812000,8474000,8899000,4018000,10539000,10276000,7789000,1305000,6105000,7694000
IncomeNetGrossProfit_yy,,,,,419.42,-56.77,-50.32,1368.00,33.32,28.13,-97.87,-589.73,-85.17,86.98,22381.82,102.96,1217.93,-119.89,-52.24,-821.53,-78.76,245.36,-154.83,-595.87,182.54,-152.43,293.39,99.99,-48.42,78.10,67.63,35775.00,163.03,2333.60,-40.97,39.59,31.71,72.29,-59.52,-2398.14,-12.68,-40.32,254.82,108.78,19.60,21.27,-12.47,-67.52,-42.07,-25.13
IncomeNetGrossProfit_sy,,,,,92.15,-25.91,19.72,18.53,2.38,17.24,1.81,67.30,75.04,44.12,67.54,-24.66,-43.32,-27.36,4.91,26.88,-49.84,159.56,63.05,14.92,8.16,-22.45,-4.62,-5.67,-15.73,120.16,38.26,16.16,-14.67,-21.39,-4.58,-123.35,51.85,-12.29,-40.20,4.61,8.45,44.22,63.38,45.48,12.79,-26.64,-12.52,10.15,-24.12,3.96
IncomeNetGrossProfit_qq,,1444.17,-51.56,-93.75,1010.77,28.50,-44.32,84.71,0.88,23.50,-99.07,-42581.82,103.06,1456.58,11.26,-94.40,1259.83,-123.50,367.07,-184.56,140.04,60.78,-200.75,-973.04,116.26,-129.83,471.63,-100.06,72925.00,-112.67,2944.72,-86.41,436.93,7.57,-24.82,-67.85,406.63,40.71,-82.34,-1925.32,119.25,-3.84,5.02,-54.85,162.29,-2.50,-24.20,-83.25,367.82,26.03
IncomeNetGrossProfit_sq,,128.85,-25.88,-126.90,303.11,-50.22,60.24,-85.83,58.31,49.96,-8.77,-6.92,98.68,25.32,-22.68,-71.04,335.42,-37.73,27.15,-35.20,5.96,60.78,-13.08,1.64,-30.37,30.95,147.18,-43.47,15.25,86.71,1.66,-56.68,12.37,13.52,53.70,-109.85,158.28,3.70,43.50,5.16,66.70,-5.66,24.65,-58.69,48.25,3.84,26.08,-83.25,31.77,12.37
IncomeExtraordinarProfit,,,,,,,,,,,,,,,,,,,,,,,,,,,,,,,,,,,,,,,,,,,,,,,,,,
IncomeExtraordinarProfit_yy,,,,,,,,,,,,,,,,,,,,,,,,,,,,,,,,,,,,,,,,,,,,,,,,,,
IncomeExtraordinarProfit_sy,,,,,,,,,,,,,,,,,,,,,,,,,,,,,,,,,,,,,,,,,,,,,,,,,,
IncomeExtraordinarProfit_qq,,,,,,,,,,,,,,,,,,,,,,,,,,,,,,,,,,,,,,,,,,,,,,,,,,
IncomeExtraordinarProfit_sq,,,,,,,,,,,,,,,,,,,,,,,,,,,,,,,,,,,,,,,,,,,,,,,,,,
IncomeBeforeTaxProfit,695000,10732000,5199000,325000,3610000,4639000,2583000,4771000,4813000,5944000,55000,-23365000,714000,11114000,12365000,692000,9410000,-2211000,5905000,-4993000,1999000,3214000,-3238000,-34745000,5648000,-1685000,6262000,-4000,2913000,-369000,10497000,1427000,7662000,8242000,6196000,1992000,10092000,14200000,2508000,-45779000,8812000,8474000,8899000,4018000,10539000,10276000,7789000,1305000,6105000,7694000
IncomeBeforeTaxProfit_yy,,,,,419.42,-56.77,-50.32,1368.00,33.32,28.13,-97.87,-589.73,-85.17,86.98,22381.82,102.96,1217.93,-119.89,-52.24,-821.53,-78.76,245.36,-154.83,-595.87,182.54,-152.43,293.39,99.99,-48.42,78.10,67.63,35775.00,163.03,2333.60,-40.97,39.59,31.71,72.29,-59.52,-2398.14,-12.68,-40.32,254.82,108.78,19.60,21.27,-12.47,-67.52,-42.07,-25.13
IncomeBeforeTaxProfit_sy,,,,,92.15,-25.82,19.72,18.53,2.38,17.24,1.81,67.30,75.04,44.12,67.54,-24.86,-43.32,-27.36,4.91,26.88,-49.84,159.56,63.05,14.92,8.16,-22.45,-4.62,-5.67,-15.73,120.16,38.26,16.16,-14.67,-21.39,-4.58,-123.35,51.85,-12.29,-40.20,4.61,8.45,44.22,63.38,45.48,12.79,-26.64,-12.52,10.15,-24.12,3.96
IncomeBeforeTaxProfit_qq,,1444.17,-51.56,-93.75,1010.77,28.50,-44.32,84.71,0.88,23.50,-99.07,-42581.82,103.06,1456.58,11.26,-94.40,1259.83,-123.50,367.07,-184.56,140.04,60.78,-200.75,-973.04,116.26,-129.83,471.63,-100.06,72925.00,-112.67,2944.72,-86.41,436.93,7.57,-24.82,-67.85,406.63,40.71,-82.34,-1925.32,119.25,-3.84,5.02,-54.85,162.29,-2.50,-24.20,-83.25,367.82,26.03
IncomeBeforeTaxProfit_sq,,128.72,-25.88,-126.90,303.11,-50.22,60.24,-85.83,58.30,49.96,-8.77,-6.92,98.28,25.32,-22.68,-71.03,335.42,-37.73,27.15,-35.20,5.96,60.78,-13.08,1.64,-30.37,30.95,147.18,-43.47,15.25,86.71,1.66,-56.68,12.37,13.52,53.70,-109.85,158.28,3.70,43.50,5.16,66.70,-5.66,24.65,-58.69,48.25,3.84,26.08,-83.25,31.77,12.37
IncomeDiscontinuedProfit,,,,,,,,,,,,,,,,,,,,,,,,,,,,,,,,,,,,,,,,,,,,,,,,,,
IncomeDiscontinuedProfit_yy,,,,,,,,,,,,,,,,,,,,,,,,,,,,,,,,,,,,,,,,,,,,,,,,,,
IncomeDiscontinuedProfit_sy,,,,,,,,,,,,,,,,,,,,,,,,,,,,,,,,,,,,,,,,,,,,,,,,,,
IncomeDiscontinuedProfit_qq,,,,,,,,,,,,,,,,,,,,,,,,,,,,,,,,,,,,,,,,,,,,,,,,,,
IncomeDiscontinuedProfit_sq,,,,,,,,,,,,,,,,,,,,,,,,,,,,,,,,,,,,,,,,,,,,,,,,,,
IncomeNetProfit,736000,8809000,4878000,-275000,3132000,3634000,1608000,4215000,3391000,4861000,307000,-18585000,6000,7887000,10191000,-315000,7612000,-1480000,5141000,-3770000,1889000,2669000,-2759000,-29417000,3601000,-1132000,4805000,85000,2453000,-947000,7680000,2177000,5930000,6432000,5299000,1436000,7816000,11904000,2080000,-38270000,6902000,7119000,7095000,2627000,8431000,7409000,4582000,436000,5167000,6124000
IncomeNetProfit_yy,,,,,325.54,-58.75,-67.04,1632.73,8.27,33.76,-80.91,-540.93,-99.82,62.25,3219.54,98.31,126766.67,-118.77,-49.55,-1096.83,-75.18,280.34,-153.67,-680.29,90.63,-142.41,274.16,100.29,-31.88,16.34,59.83,2461.18,141.74,779.20,-31.00,-34.04,31.80,85.07,-60.75,-2765.04,-11.69,-40.20,241.11,106.86,22.15,4.07,-35.42,-83.40,-38.71,-17.34
IncomeNetProfit_sy,,,,,92.62,-25.44,7.00,123.59,10.49,15.61,-0.64,24.64,67.30,36.36,66.50,-15.86,-47.78,-54.64,-22.23,66.32,-37.21,173.64,46.98,20.77,1.74,-19.30,2.71,5.99,3.23,166.56,39.66,24.15,-21.22,-36.14,-3.33,-54.61,31.80,-62.51,-45.48,-25.51,32.50,38.50,104.01,24.37,3.55,-17.14,-27.62,32.68,-17.51,-16.38
IncomeNetProfit_qq,,1096.88,-44.62,-105.64,1238.91,16.03,-55.75,162.13,-19.55,43.35,-93.68,-6153.75,100.03,131350.00,29.21,-103.09,2516.51,-119.44,447.36,-173.33,150.11,41.29,-203.37,-966.22,112.24,-131.44,524.47,-98.23,2785.88,-138.61,910.98,-71.65,172.39,8.47,-17.62,-72.90,444.29,52.30,-82.53,-1939.90,118.04,3.14,-0.34,-62.97,220.94,-12.12,-38.16,-90.48,1085.09,18.52
IncomeNetProfit_sq,,132.65,-21.05,-134.00,356.00,-45.39,74.07,-39.41,55.12,57.29,10.13,-125.87,113.96,27.22,-18.32,-95.02,280.95,-33.22,-0.86,-34.10,15.56,41.29,-16.06,-9.18,2.36,-8.78,150.19,-44.51,4.74,89.85,-8.91,-68.00,-4.40,128.76,-17.62,-72.90,151.24,-11.74,32.16,30.94,67.72,-3.00,44.88,-69.48,69.54,-0.66,6.89,-84.60,59.21,7.43
IncomeShareholderNetProfit,736000,8253000,3707000,-731000,2773000,3538000,1610000,4181000,3373000,4836000,278000,-18440000,29000,7820000,10175000,-310000,7566000,-1458000,5118000,-3675000,1935000,2646000,-2718000,-29298000,3587000,-1123000,4790000,108000,2469000,-950000,7673000,2190000,5942000,6420000,5225000,1443000,7819000,11911000,2086000,-38012000,6938000,7139000,7017000,2659000,8394000,7399000,4556000,396000,5197000,6155000
IncomeShareholderNetProfit_yy,,,,,276.77,-57.13,-56.57,671.96,21.64,36.69,-82.73,-541.04,-99.14,61.70,3560.07,98.32,25989.66,-118.64,-49.70,-1085.48,-74.43,281.48,-153.11,-697.22,85.37,-142.44,276.23,100.37,-31.17,15.41,60.19,1927.78,140.66,775.79,-31.90,-34.11,31.59,85.53,-60.08,-2734.23,-11.27,-40.06,236.39,107.00,20.99,3.64,-35.07,-85.11,-38.09,-16.81
IncomeShareholderNetProfit_sy,,,,,92.62,-25.44,-21.01,81.48,-12.04,17.08,21.64,55.38,78.46,36.68,76.30,-44.06,-47.78,-54.64,-22.23,66.37,-37.85,143.02,30.93,18.09,1.74,-19.30,2.62,-1.91,26.99,166.39,46.70,44.27,-4.76,-36.14,-3.33,-46.91,31.59,-65.33,-45.44,-25.51,32.19,38.50,110.14,26.46,0.94,-17.13,-27.45,32.68,-17.51,-16.11
IncomeShareholderNetProfit_qq,,1021.33,-55.08,-119.72,479.34,27.59,-54.49,159.69,-19.33,43.37,-94.25,-6733.09,100.16,26865.52,30.12,-103.05,2540.65,-119.27,451.03,-171.81,152.65,36.74,-202.72,-977.92,112.24,-131.31,526.54,-97.75,2186.11,-138.48,907.68,-71.46,171.32,8.04,-18.61,-72.38,441.86,52.33,-82.49,-1922.24,118.25,2.90,-1.71,-62.11,215.68,-11.85,-38.42,-91.31,1212.37,18.43
IncomeShareholderNetProfit_sq,,132.65,-25.44,-141.04,356.00,-45.39,36.98,-39.41,57.64,82.68,8.14,-59.67,114.00,32.63,-8.37,-94.99,280.95,-33.12,-0.90,-34.12,15.49,36.74,-13.81,-9.08,2.36,-8.78,150.19,-44.51,4.74,89.92,-8.91,-68.00,-2.87,128.76,-18.61,-72.38,151.24,-11.82,33.67,30.94,67.72,-3.12,44.88,-69.20,60.60,-0.66,7.03,-84.60,72.83,7.38
BalanceNoncurrentAssets,36591000,94706000,93159000,91957000,140051000,139878000,267677000,272765000,268651000,263382000,260782000,269534000,279857000,272176000,265373000,260090000,253873000,253716000,249149000,248234000,248787000,247531000,257179000,257372000,271338000,271455000,265628000,259548000,268680000,265311000,261025000,267117000,285528000,282713000,280610000,282589000,281159000,293405000,291017000,247661000,244061000,236739000,243450000,224725000,236254000,241816000,245606000,237752000,248584000,254471000
BalanceNoncurrentAssets_yy,,,,,282.75,47.70,187.33,196.62,91.82,88.29,-2.58,-1.18,4.17,3.34,1.76,-3.50,-9.28,-6.78,-6.11,-4.56,-2.00,-2.44,3.22,3.68,9.06,9.67,3.29,0.85,-0.98,-2.26,-1.73,2.92,6.27,6.56,7.50,5.79,-1.53,3.78,3.71,-12.36,-13.19,-19.31,-16.35,-9.26,-3.20,2.14,0.89,5.80,5.22,5.23
BalanceNoncurrentAssets_sy,,,,,35.32,37.16,-100.00,30.90,18.22,39.12,-2.58,9.46,-4.97,-2.94,1.76,-3.39,-5.80,-4.74,-6.11,10.42,-1.00,14.72,3.22,3.95,21.26,21.22,3.29,2.85,7.00,1.73,5.26,6.05,5.90,3.25,4.93,5.79,4.74,0.21,-1.74,10.92,-3.54,-3.96,-3.14,-2.75,-2.51,4.66,2.88,3.07,5.22,5.29
BalanceNoncurrentAssets_qq,,158.82,-1.63,-1.29,52.30,-0.12,91.36,1.90,-1.51,-1.96,-0.99,3.36,3.83,-2.74,-2.50,-1.99,-2.39,-0.06,-1.80,-0.37,0.22,-0.50,3.90,0.08,5.43,0.04,-2.15,-2.29,3.52,-1.25,-1.62,2.33,6.89,-0.99,-0.74,0.71,-0.51,4.36,-0.81,-14.90,-1.45,-3.00,2.83,-7.69,5.13,2.35,1.57,-3.20,4.56,2.37
BalanceNoncurrentAssets_sq,,0.64,-52.28,2.94,7.85,0.86,-100.00,1.90,-1.52,3.02,-100.00,3.36,-0.84,-1.33,-100.00,-1.99,-1.12,-1.44,-100.00,-0.37,-0.32,0.40,-100.00,0.08,2.10,0.37,-2.22,2.86,4.94,1.16,2.08,-0.26,0.08,0.42,1.17,0.71,-0.57,-0.42,-0.81,-0.58,-1.18,-0.63,-0.09,4.67,0.48,0.23,0.94,0.78,0.19,1.34
BalanceIntangibleAssets,125000,1213000,1212000,1311000,20877000,20857000,93914000,99667000,99796000,99607000,99705000,99901000,99845000,99699000,99618000,99647000,99534000,99423000,99288000,99214000,99196000,99450000,99429000,66816000,66808000,66761000,66762000,66685000,67073000,67224000,67190000,66649000,66588000,66740000,66764000,66759000,66694000,66681000,66649000,20768000,20758000,20765000,20779000,20781000,20734000,20718000,20682000,21119000,21221000,21208000
BalanceIntangibleAssets_yy,,,,,16601.60,1619.46,7648.68,7502.36,378.02,377.57,6.17,0.23,0.05,0.09,-0.09,-0.25,-0.31,-0.28,-0.33,-0.43,-0.34,0.03,0.14,-32.65,-32.65,-32.87,-32.85,-0.20,0.40,0.69,0.64,-0.05,-0.72,-0.72,-0.63,0.17,0.16,-0.09,-0.17,-68.89,-68.88,-68.86,-68.82,0.06,-0.12,-0.23,-0.47,1.63,2.35,2.37
BalanceIntangibleAssets_sy,,,,,41.41,717.24,-100.00,-1.61,186.60,45.35,6.17,37.94,0.05,-0.24,-0.09,-10.95,-5.83,-6.08,-0.33,-4.46,-4.38,-4.08,0.14,-9.61,22.07,14.59,-32.85,-0.20,11.80,13.01,13.83,24.86,1.33,0.66,-0.63,-0.10,0.16,-0.09,-0.17,-1.39,-6.80,-1.35,-9.95,-0.34,-0.05,-1.37,-0.84,1.63,2.35,1.44
BalanceIntangibleAssets_qq,,870.40,-0.08,8.17,1492.45,-0.10,350.28,6.13,0.13,-0.19,0.10,0.20,-0.06,-0.15,-0.08,0.03,-0.11,-0.11,-0.14,-0.07,-0.02,0.26,-0.02,-32.80,-0.01,-0.07,,-0.12,0.58,0.23,-0.05,-0.81,-0.09,0.23,0.04,-0.01,-0.10,-0.02,-0.05,-68.84,-0.05,0.03,0.07,0.01,-0.23,-0.08,-0.17,2.11,0.48,-0.06
BalanceIntangibleAssets_sq,,-9.63,-63.46,8.17,-17.06,-0.05,-100.00,6.13,-0.94,16.57,-100.00,0.20,0.46,0.14,-100.00,0.03,-2.92,-1.16,-100.00,-0.07,-8.40,1.40,-100.00,-32.80,-3.34,5.18,,-0.24,-0.12,0.39,0.55,-0.44,-0.33,-1.02,0.04,-3.52,-0.10,-1.46,-0.05,-3.68,-2.80,0.03,0.03,,-1.74,0.10,-0.02,0.07,-2.40,-1.66
BalanceProperty,36192000,89850000,88399000,87821000,116160000,117445000,172390000,171071000,167028000,161475000,158910000,163695000,173134000,166772000,161153000,156320000,151092000,150819000,146386000,144129000,143381000,141798000,150103000,178968000,192635000,192395000,186899000,180884000,186554000,185378000,180501000,187833000,206076000,202762000,200848000,202575000,200799000,213585000,211929000,206543000,203010000,204562000,202491000,194425000,205655000,211444000,222021000,214272000,225677000,225463000
BalanceProperty_yy,,,,,220.95,30.71,95.01,94.80,43.79,37.49,-7.82,-4.31,3.66,3.28,1.41,-4.51,-12.73,-9.57,-9.16,-7.80,-5.10,-5.98,2.54,24.17,34.35,35.68,24.51,1.07,-3.16,-3.65,-3.42,3.84,10.46,9.38,11.27,7.85,-2.56,5.34,5.52,1.96,1.10,-4.22,-4.45,-5.87,1.30,3.36,9.64,10.21,9.74,6.63
BalanceProperty_sy,,,,,29.10,33.68,-100.00,30.41,18.47,37.85,-7.82,8.13,-4.31,-2.13,1.41,-3.57,-5.68,-5.65,-9.16,8.25,-2.68,13.74,2.54,2.05,16.54,22.56,24.51,8.23,12.63,1.39,4.68,5.77,8.49,5.00,4.70,7.83,5.57,-1.48,-1.28,11.09,-1.60,-6.22,-4.45,-2.21,1.30,9.72,13.46,2.88,8.29,6.07
BalanceProperty_qq,,148.26,-1.61,-0.65,32.27,1.11,46.78,-0.77,-2.36,-3.32,-1.59,3.01,5.77,-3.67,-3.37,-3.00,-3.34,-0.18,-2.94,-1.54,-0.52,-1.10,5.86,19.23,7.64,-0.12,-2.86,-3.22,3.13,-0.63,-2.63,4.06,9.71,-1.61,-0.94,0.86,-0.88,6.37,-0.78,-2.54,-1.71,0.76,-1.01,-3.98,5.78,2.81,5.00,-3.49,5.32,-0.09
BalanceProperty_sq,,0.72,-52.36,2.47,7.06,0.71,-100.00,-0.77,-1.70,0.52,-100.00,3.01,-2.34,-1.99,-100.00,-3.00,-2.00,-1.08,-100.00,-1.54,-1.55,0.30,-100.00,19.23,0.28,4.93,-1.92,2.44,5.71,0.70,2.36,0.33,0.30,0.27,0.61,0.86,-0.82,-0.12,-1.05,-1.12,-1.19,-1.37,-0.66,7.78,0.78,-0.08,1.18,0.83,0.09,0.72
BalanceNoncurrentReceivables,,,,0,0,,,,55000,,,,,,0,,0,,15000,,499000,,295000,,89000,,95000,,47000,,47000,,47000,,47000,,32000,,32000,,32000,,32000,,,,33000,,,346000
BalanceNoncurrentReceivables_yy,,,,,,,,,,,,,-100.00,,,,,,,,,,1866.67,,-82.16,,-67.80,,-47.19,,-50.53,,,,,,-31.91,,-31.91,,,,,,-100.00,,3.12,,,
BalanceNoncurrentReceivables_sy,,,,,,,,,,,,,-99.02,,,,,,,,,,1866.67,,-82.16,,-67.80,,-47.19,,-64.74,,,,,,-31.91,,-66.66,,,,,,-15.88,,-6.78,,,
BalanceNoncurrentReceivables_qq,,,,,,,,,,-100.00,,,,,,,,,,-100.00,,-100.00,,-100.00,,-100.00,,-100.00,,-100.00,,-100.00,,-100.00,,-100.00,,-100.00,,-100.00,,-100.00,,-100.00,,,,-100.00,,
BalanceNoncurrentReceivables_sq,,,,,,,,,,163.64,,,,,,,,,,-100.00,,-25.00,,-100.00,,-13.35,,-100.00,,-62.12,,-100.00,,-4.55,,-57.14,,-55.42,,-7.14,,-16.57,,-6.54,,,,-17.76,,
BalanceNoncurrInvestments,,206000,226000,143000,145000,162000,142000,192000,180000,303000,296000,334000,340000,356000,350000,392000,216000,285000,357000,370000,357000,351000,370000,346000,324000,509000,511000,498000,3264000,251000,237000,201000,196000,183000,205000,220000,258000,252000,235000,246000,240000,237000,229000,202000,204000,193000,251000,170000,167000,165000
BalanceNoncurrInvestments_yy,,,,,,-21.36,-37.17,34.27,24.14,87.04,108.45,73.96,88.89,17.49,18.24,17.37,-36.47,-19.94,2.00,-5.61,65.28,23.16,3.64,-6.49,-9.24,45.01,38.11,43.93,907.41,-50.69,-53.62,-59.64,-94.00,-27.09,-13.50,9.45,31.63,37.70,14.63,11.82,-6.98,-5.95,-2.55,-17.89,-15.00,-18.57,9.61,-15.84,-18.14,-14.51
BalanceNoncurrInvestments_sy,,,,,,-21.36,-68.58,175.00,-99.83,-99.99,108.45,-99.97,1556.94,100.00,18.24,189051.55,-36.47,145.70,2.00,-10.94,26.88,15.14,3.64,-6.49,-9.24,22.50,38.11,-12.16,-65.51,-25.34,-53.62,-29.82,-20.00,-12.54,-60.91,-65.78,-64.86,-67.15,-25.60,-46.22,-33.72,-35.37,-40.24,-35.94,-31.58,-47.17,-44.90,-15.84,-37.28,-14.51
BalanceNoncurrInvestments_qq,,,9.71,-36.73,1.40,11.72,-12.35,35.21,-6.25,68.33,-2.31,12.84,1.80,4.71,-1.69,12.00,-44.90,31.94,25.26,3.64,-3.51,-1.68,5.41,-6.49,-6.36,57.10,0.39,-2.54,555.42,-92.31,-5.58,-15.19,-2.49,-6.63,12.02,7.32,17.27,-2.33,-6.75,4.68,-2.44,-1.25,-3.38,-11.79,0.99,-5.39,30.05,-32.27,-1.76,-1.20
BalanceNoncurrInvestments_sq,,,,-46.14,1.40,,-100.00,35.21,-99.52,-12.71,-2.31,12.84,21379.47,4.71,-50.84,12.00,-17.46,4.26,-37.37,3.64,-3.51,-2.11,-100.00,-6.49,0.32,1.53,-1.74,-2.54,11.24,-20.00,4.50,-15.19,-2.49,-1.58,,-20.49,-3.84,-4.65,,-21.95,-10.94,-7.02,-3.38,-16.33,,-2.70,,-16.14,-5.76,-4.80
BalanceOtherNoncurrentAssets,274000,3437000,3322000,2682000,2869000,1414000,1231000,1835000,1592000,1997000,1871000,5604000,6538000,5349000,4252000,3731000,3031000,3189000,3103000,4521000,5354000,5932000,6982000,11242000,11482000,11790000,11361000,11481000,11742000,12458000,13050000,12434000,12621000,13028000,12746000,13035000,13376000,12887000,12172000,20104000,20021000,11175000,19919000,9317000,9661000,9461000,2619000,2191000,1519000,7289000
BalanceOtherNoncurrentAssets_yy,,,,,947.08,-58.86,-62.94,-31.58,-44.51,41.23,51.99,205.40,310.68,167.85,127.26,-33.42,-53.64,-40.38,-27.02,21.17,76.64,86.01,125.01,148.66,114.46,98.75,62.72,2.13,2.26,5.67,14.87,8.30,7.49,4.58,-2.33,4.83,5.98,-1.08,-4.50,54.23,49.68,-13.28,63.65,-53.66,-51.75,-15.34,-86.85,-76.48,-84.28,-22.96
BalanceOtherNoncurrentAssets_sy,,,,,19.52,-14.35,-100.00,22.06,35.98,41.70,51.99,33.56,-20.61,-33.24,127.26,-17.11,6.16,-15.36,-27.02,7.07,44.12,64.71,125.01,-8.68,32.73,0.60,62.72,2.13,3.42,8.22,11.20,-24.30,-18.36,-4.19,-5.39,-0.86,10.76,-8.09,-20.07,18.04,52.93,97.30,86.82,-15.10,-8.16,-12.81,-22.28,-3.60,-5.91,-1.10
BalanceOtherNoncurrentAssets_qq,,1154.38,-3.35,-19.27,6.97,-50.71,-12.94,49.07,-13.24,25.44,-6.31,199.52,16.67,-18.19,-20.51,-12.25,-18.76,5.21,-2.70,45.70,18.43,10.80,17.70,61.01,2.13,2.68,-3.64,1.06,2.27,6.10,4.75,-4.72,1.50,3.22,-2.16,2.27,2.62,-3.66,-5.55,65.17,-0.41,-44.18,78.25,-53.23,3.69,-2.07,-72.32,-16.34,-30.67,379.86
BalanceOtherNoncurrentAssets_sq,,3.54,-54.00,16.81,,4.94,-100.00,49.07,-6.62,10.22,-100.00,199.52,-27.09,-2.63,-100.00,-12.25,-9.97,-5.56,-100.00,45.70,3.11,-3.91,-100.00,61.01,-2.76,4.74,-4.82,-1.28,1.92,-4.57,-5.48,-6.38,1.47,7.16,-0.62,-8.06,3.19,-2.14,-1.22,50.74,-1.94,7.22,-1.98,-0.97,-4.32,-1.22,-5.64,-0.08,-8.15,3.54
BalanceCurrentAssets,22616000,113446000,105313000,109250000,117613000,130892000,191237000,169909000,172999000,188276000,167225000,153196000,160517000,170895000,156662000,147890000,159632000,180392000,183695000,179475000,193010000,195380000,197456000,200545000,201284000,194522000,204026000,208476000,204994000,205357000,207849000,215609000,207259000,221473000,210490000,208917000,210608000,224782000,214472000,219274000,219439000,224597000,213209000,197477000,221064000,227082000,238077000,235481000,265909000,267331000
BalanceCurrentAssets_yy,,,,,420.04,15.38,81.59,55.52,47.09,43.84,-12.56,-9.84,-7.22,-9.23,-6.32,-3.46,-0.55,5.56,17.26,21.36,20.91,8.31,7.49,11.74,4.29,-0.44,3.33,3.95,1.84,5.57,1.87,3.42,1.10,7.85,1.27,-3.10,1.62,1.49,1.89,4.96,4.19,-0.08,-0.59,-9.94,0.74,1.11,11.66,19.24,20.29,17.72
BalanceCurrentAssets_sy,,,,,29.52,17.90,-100.00,5.75,7.70,0.80,-12.56,-2.43,4.47,-7.95,-6.32,-4.84,6.00,22.86,17.26,32.19,31.46,31.16,7.49,11.74,20.74,4.60,3.33,15.76,9.98,8.58,4.47,3.42,1.10,1.50,1.45,-3.10,1.62,-11.88,1.89,4.96,7.16,17.07,1.96,2.82,0.84,2.60,-0.24,6.36,0.71,15.09
BalanceCurrentAssets_qq,,401.62,-7.17,3.74,7.65,11.29,46.10,-11.15,1.82,8.83,-11.18,-8.39,4.78,6.47,-8.33,-5.60,7.94,13.00,1.83,-2.30,7.54,1.23,1.06,1.56,0.37,-3.36,4.89,2.18,-1.67,0.18,1.21,3.73,-3.87,6.86,-4.96,-0.75,0.81,6.73,-4.59,2.24,0.08,2.35,-5.07,-7.38,11.94,2.72,4.84,-1.09,12.92,0.53
BalanceCurrentAssets_sq,,19.06,-53.59,-0.85,8.19,9.32,-100.00,-11.15,1.82,2.56,-100.00,-8.39,5.30,4.66,-100.00,-5.60,14.40,10.96,-100.00,-2.30,7.54,11.52,-100.00,1.56,4.58,-3.47,1.10,2.42,3.87,5.94,1.21,-5.19,-1.94,6.86,-1.38,-8.64,3.80,6.11,0.97,-4.04,2.94,2.98,-2.44,-11.16,9.16,3.72,2.80,-2.75,6.56,7.36
BalanceInventory,6196000,36775000,36299000,33569000,39027000,40369000,66997000,61676000,67664000,68303000,61087000,56342000,63502000,65657000,58965000,61302000,64414000,67571000,65640000,68830000,78796000,72647000,77823000,81343000,87127000,77150000,82561000,86339000,82680000,77950000,77787000,76882000,78063000,83674000,81425000,78793000,70950000,83797000,85301000,91015000,88107000,91058000,82447000,91811000,92590000,94769000,90071000,104381000,107465000,104351000
BalanceInventory_yy,,,,,529.87,9.77,84.57,83.73,73.38,69.20,-8.82,-8.65,-6.15,-3.87,-3.47,8.80,1.44,2.92,11.32,12.28,22.33,7.51,18.56,18.18,10.57,6.20,6.09,6.14,-5.10,1.04,-5.78,-10.95,-5.58,7.34,4.68,2.49,-9.11,0.15,4.76,15.51,24.18,8.66,-3.35,0.87,5.09,4.08,9.25,13.69,16.07,10.11
BalanceInventory_sy,,,,,40.31,17.76,-100.00,24.86,6.70,5.37,-8.82,-1.02,-6.15,-1.63,-3.47,-5.90,-8.63,13.50,11.32,32.29,34.05,24.27,18.56,8.19,25.91,11.05,6.09,19.74,0.46,4.82,-0.26,3.76,4.03,2.26,-0.26,-0.97,-6.71,0.15,3.24,15.51,22.19,38.43,28.62,-0.95,2.57,4.92,10.28,9.28,13.10,13.66
BalanceInventory_qq,,493.53,-1.29,-7.52,16.26,3.44,65.96,-7.94,9.71,0.94,-10.56,-7.77,12.71,3.39,-10.19,3.96,5.08,4.90,-2.86,4.86,14.48,-7.80,7.12,4.52,7.11,-11.45,7.01,4.58,-4.24,-5.72,-0.21,-1.16,1.54,7.19,-2.69,-3.23,-9.95,18.11,1.79,6.70,-3.20,3.35,-9.46,11.36,0.85,2.35,-4.96,15.89,2.95,-2.90
BalanceInventory_sq,,8.14,-50.64,-7.52,10.95,2.62,-100.00,-7.94,-2.74,0.94,-100.00,-7.77,6.50,-7.72,-100.00,3.96,1.64,1.74,-100.00,4.86,13.38,-0.31,-100.00,4.52,23.92,-9.62,-1.06,1.42,7.33,-5.40,0.22,-1.16,5.99,-0.51,-2.05,-1.89,7.60,1.80,-0.82,12.97,-0.36,3.30,-6.20,0.72,6.10,4.02,0.78,7.51,-0.50,-1.48
BalanceCurrentReceivables,15869000,57710000,65356000,57604000,72412000,85540000,116190000,100627000,99559000,117201000,103103000,82751000,93695000,98235000,91452000,81294000,91422000,108098000,115067000,97867000,110964000,108424000,116553000,101124000,109806000,104285000,118596000,101816000,119232000,118606000,125546000,109080000,124958000,126198000,127002000,116827000,123137000,131656000,126276000,111416000,125132000,124530000,123306000,95057000,118497000,118642000,141799000,107386000,138362000,135977000
BalanceCurrentReceivables_yy,,,,,356.31,48.22,77.78,74.69,37.49,37.01,-11.26,-17.76,-5.89,-16.18,-11.30,-1.76,-2.43,10.04,25.82,20.39,21.38,0.30,1.29,3.33,-1.04,-3.82,1.75,0.68,8.58,13.73,5.86,7.13,4.80,6.40,1.16,7.10,-1.46,4.32,-0.57,-4.63,1.62,-5.41,-2.35,-14.68,-5.30,-4.73,15.00,12.97,16.76,14.61
BalanceCurrentReceivables_sy,,,,,36.20,20.31,-100.00,22.68,15.82,23.58,-11.26,7.93,-5.08,-0.03,-11.30,-3.92,2.04,14.47,25.82,45.52,52.12,36.24,1.29,17.72,13.46,15.40,1.75,18.70,13.02,9.70,5.14,-3.08,3.07,-6.40,1.16,5.23,-0.05,4.32,-0.57,5.57,4.82,4.39,-2.35,-0.92,-5.30,5.65,3.46,3.92,4.17,14.86
BalanceCurrentReceivables_qq,,263.67,13.25,-11.86,25.71,18.13,35.83,-13.39,-1.06,17.72,-12.03,-19.74,13.23,4.85,-6.90,-11.11,12.46,18.24,6.45,-14.95,13.38,-2.29,7.50,-13.24,8.59,-5.03,13.72,-14.15,17.11,-0.53,5.85,-13.12,14.56,0.99,0.64,-8.01,5.40,6.92,-4.09,-11.77,12.31,-0.48,-0.98,-22.91,24.66,0.12,19.52,-24.27,28.85,-1.72
BalanceCurrentReceivables_sq,,24.20,-52.18,-3.35,19.21,13.64,-100.00,-13.39,13.10,16.73,-100.00,-19.74,3.19,8.78,-100.00,-11.11,13.88,31.77,-100.00,-14.95,9.83,11.10,-100.00,-13.24,-1.08,15.32,1.62,-3.14,0.61,12.82,-1.71,-13.12,10.95,12.55,5.15,-11.04,5.40,7.48,-2.11,-16.75,8.66,16.33,-0.26,-19.52,24.44,4.51,3.51,-15.22,14.73,14.53
BalanceCurrentInvestments,,23000,33000,33000,33000,86000,101000,48000,46000,102000,98000,42000,42000,37000,35000,44000,49000,52000,85000,93000,90000,77000,82000,86000,88000,83000,90000,89000,89000,81000,73000,65000,55000,60000,64000,55000,55000,48000,41000,40000,38000,37000,35000,42000,46000,212000,36000,226000,139000,41000
BalanceCurrentInvestments_yy,,,,,,273.91,206.06,45.45,39.39,18.60,-2.97,-12.50,-8.70,-63.73,-64.29,4.76,16.67,40.54,142.86,111.36,83.67,48.08,-3.53,-7.53,-2.22,7.79,9.76,3.49,1.14,-2.41,-18.89,-26.97,-38.20,-25.93,-12.33,-15.38,,-20.00,-35.94,-27.27,-30.91,-22.92,-14.63,5.00,21.05,472.97,2.86,438.10,202.17,-80.66
BalanceCurrentInvestments_sy,,,,,,273.91,206.06,45.45,39.39,18.60,-2.97,-12.50,-8.70,-70.58,-64.29,-47.62,4304.49,14963.12,142.86,111.36,183.16,63.56,-3.53,182.61,118.31,22.00,9.76,-41.48,106.80,-88.52,-87.18,-80.62,-68.99,-52.87,-22.83,2080.81,,-20.00,-35.94,-28.64,-22.28,-11.60,-13.04,-4.76,,-9.52,-10.00,-25.00,-18.90,-30.00
BalanceCurrentInvestments_qq,,,43.48,,,160.61,17.44,-52.48,-4.17,121.74,-3.92,-57.14,,-11.90,-5.41,25.71,11.36,6.12,63.46,9.41,-3.23,-14.44,6.49,4.88,2.33,-5.68,8.43,-1.11,,-8.99,-9.88,-10.96,-15.38,9.09,6.67,-14.06,,-12.73,-14.58,-2.44,-5.00,-2.63,-5.41,20.00,9.52,360.87,-83.02,527.78,-38.50,-70.50
BalanceCurrentInvestments_sq,,,43.48,,,160.61,17.44,-52.48,-4.17,121.74,-51.96,-57.14,,-29.02,-52.70,25.71,11.36,45.94,-18.27,9.41,-27.68,-13.15,-100.00,4.88,-4.33,-25.74,-12.08,111.97,,-53.12,-23.04,-55.48,-52.69,,6.67,39.19,,-7.36,-3.27,-2.44,-5.00,-2.63,-4.76,,2.26,0.20,-12.63,-11.80,-16.12,-12.50
BalanceCash,178000,18189000,3212000,17733000,4622000,4897000,7056000,7558000,5730000,2670000,2937000,12380000,3278000,4675000,6010000,4284000,3747000,3218000,2903000,11809000,3160000,11612000,2998000,16762000,4263000,11469000,2779000,18785000,2993000,7337000,4443000,28272000,4183000,10124000,1999000,12186000,16466000,7324000,2854000,15735000,6162000,6715000,7421000,9216000,7811000,10742000,6171000,21502000,17308000,24657000
BalanceCash_yy,,,,,2496.63,-73.08,119.68,-57.38,23.97,-45.48,-58.38,63.80,-42.79,75.09,104.63,-65.40,14.31,-31.17,-51.70,175.65,-15.67,260.85,3.27,41.94,34.91,-1.23,-7.30,12.07,-29.79,-36.03,59.88,50.50,39.76,37.99,-55.01,-56.90,293.64,-27.66,42.77,29.12,-62.58,-8.32,160.02,-41.43,26.76,59.97,-16.84,133.31,121.58,129.54
BalanceCash_sy,,,,,219.11,-10.26,-100.00,-55.26,-21.10,-43.80,-58.38,25.40,108.51,65.16,104.63,-20.40,13.19,171.24,-51.70,99.98,5.22,-7.57,3.27,-34.11,16.43,-12.15,-7.30,12.07,-26.84,-16.06,59.85,87.73,63.35,39.03,1.21,-36.78,45.50,-39.15,-10.20,26.33,4.12,6.13,160.02,7.64,29.16,19.18,-43.70,5.46,-24.29,-30.49
BalanceCash_qq,,10118.54,-82.34,452.09,-73.94,5.95,44.09,7.11,-24.19,-53.40,10.00,321.52,-73.52,42.62,28.56,-28.72,-12.54,-14.12,-9.79,306.79,-73.24,267.47,-74.18,459.11,-74.57,169.04,-75.77,575.96,-84.07,145.14,-39.44,536.33,-85.20,142.03,-80.25,509.60,35.12,-55.52,-61.03,451.33,-60.84,8.97,10.51,24.19,-15.25,37.52,-42.55,248.44,-19.51,42.46
BalanceCash_sq,,35.91,-91.17,112.93,-48.30,28.38,-100.00,7.11,-19.38,46.57,-100.00,321.52,22.68,-0.44,-100.00,-28.72,4.17,-5.24,-100.00,306.79,-52.94,58.91,-100.00,459.11,-1.73,-33.92,21.83,59.58,-55.94,50.48,17.00,204.71,-54.74,52.29,-10.36,-5.88,8.95,-36.70,-2.40,7.97,-24.18,-12.37,30.38,-28.94,22.85,-7.46,-19.47,4.83,-19.51,-24.52
BalanceOtherCurrentAssets,373000,749000,413000,311000,1519000,,893000,,,,,1681000,,2291000,200000,966000,,1453000,,876000,,2620000,,1230000,,1535000,,1447000,,1383000,,1310000,,1417000,,1056000,,1957000,,1068000,,2257000,,1351000,2120000,2717000,,1986000,2635000,2305000
BalanceOtherCurrentAssets_yy,,,,,307.24,-100.00,116.22,-100.00,-100.00,,-100.00,,,,,-42.53,,-36.58,-100.00,-9.32,,80.32,,40.41,,-41.41,,17.64,,-9.90,,-9.47,,2.46,,-19.39,,38.11,,1.14,,15.33,,26.50,,20.38,,47.00,24.29,-15.16
BalanceOtherCurrentAssets_sy,,,,,2.04,-9.88,-100.00,-30.45,59.70,,-100.00,,,,,-18.18,,7.92,-100.00,-9.32,,23.83,,7.62,,22.75,,17.02,,-6.64,,0.95,,16.24,,22.81,,15.40,,2.72,,15.33,,40.15,,11.15,,60.34,24.29,16.61
BalanceOtherCurrentAssets_qq,,100.80,-44.86,-24.70,388.42,-100.00,,-100.00,,,,,-100.00,,-91.27,383.00,-100.00,,-100.00,,-100.00,,-100.00,,-100.00,,-100.00,,-100.00,,-100.00,,-100.00,,-100.00,,-100.00,,-100.00,,-100.00,,-100.00,,56.92,28.16,-100.00,,32.68,-12.52
BalanceOtherCurrentAssets_sq,,57.78,-72.43,-24.70,12.88,-0.38,,-100.00,,,,,-30.17,,-100.00,383.00,165.19,,-100.00,,243.24,,-100.00,,153.57,,-12.44,,-6.16,,-20.33,,24.95,,-22.38,,59.64,,-19.38,,1.96,,-12.17,,27.40,9.82,-11.06,,38.86,-12.00
BalanceAssetsForSale,,,,,,,,,,,,,,,,,,,,,,0,,,,939000,,,,,,,,,,,,,,844000,117000,117000,117000,,,,,,,
BalanceAssetsForSale_yy,,,,,,,,,,,,,,,,,,,,,,,,,,,,,,-100.00,,,,,,,,,,,,,,-100.00,-100.00,-100.00,-100.00,,,
BalanceAssetsForSale_sy,,,,,,,,,,,,,,,,,,,,,,,,,,,,,,-100.00,,,,,,,,,,,,,,-100.00,-91.15,-56.14,-46.37,,,
BalanceAssetsForSale_qq,,,,,,,,,,,,,,,,,,,,,,,,,,,-100.00,,,,,,,,,,,,,,-86.14,,,-100.00,,,,,,
BalanceAssetsForSale_sq,,,,,,,,,,,,,,,,,,,,,,,,,,,-100.00,,,,,,,,,,,,,,-86.14,,,-46.37,,,,,,
BalanceTotalAssets,59207000,208152000,198472000,201207000,257664000,270770000,458914000,442674000,441650000,451658000,428007000,422730000,440374000,443071000,422035000,407980000,413505000,434108000,432844000,427709000,441797000,442911000,454635000,457917000,472622000,466916000,469654000,468024000,473674000,470668000,468874000,482726000,492787000,504186000,491100000,491506000,491767000,518187000,505489000,467779000,463617000,461453000,456776000,422202000,457318000,468898000,483683000,473233000,514493000,521802000
BalanceTotalAssets_yy,,,,,335.19,30.08,131.22,120.01,71.41,66.81,-6.73,-4.51,-0.29,-1.90,-1.40,-3.49,-6.10,-2.02,2.56,4.84,6.84,2.03,5.03,7.06,6.98,5.42,3.30,2.21,0.22,0.80,-0.17,3.14,4.04,7.12,4.74,1.82,-0.21,2.78,2.93,-4.83,-5.72,-10.95,-9.64,-9.74,-1.36,1.61,5.89,12.09,12.50,11.28
BalanceTotalAssets_sy,,,,,27.27,26.42,-100.00,19.83,10.79,17.30,-6.73,7.24,-0.29,-0.73,-1.40,-4.07,-0.68,5.67,2.56,21.96,13.06,18.38,12.62,15.59,21.55,13.82,-48.35,10.56,9.68,10.98,6.16,3.36,4.24,2.36,3.76,-3.32,-0.21,1.04,-0.32,12.62,0.25,6.37,5.37,0.81,-1.36,2.72,3.96,10.41,5.73,9.38
BalanceTotalAssets_qq,,251.57,-4.65,1.38,28.06,5.09,69.48,-3.54,-0.23,2.27,-5.24,-1.23,4.17,0.61,-4.75,-3.33,1.35,4.98,-0.29,-1.19,3.29,0.25,2.65,0.72,3.21,-1.21,0.59,-0.35,1.21,-0.63,-0.38,2.95,2.08,2.31,-2.60,0.08,0.05,5.37,-2.45,-7.46,-0.89,-0.47,-1.01,-7.57,8.32,2.53,3.15,-2.16,8.72,1.42
BalanceTotalAssets_sq,,6.91,-52.32,1.38,10.54,4.34,-100.00,-3.54,1.69,2.78,-100.00,-1.23,4.38,0.48,-100.00,-3.33,3.81,5.40,-100.00,0.25,3.27,6.45,-100.00,4.51,3.80,1.57,-0.42,0.92,3.90,2.98,0.93,-1.25,0.25,2.72,2.27,-3.66,1.43,2.28,0.89,-2.84,0.89,3.73,-1.20,-2.87,6.26,2.06,0.92,-0.25,2.17,3.48
BalanceCapital,21481000,88473000,92191000,91474000,149734000,151435000,152810000,155989000,158910000,162325000,163116000,150956000,155527000,161254000,169135000,168386000,173761000,174736000,178530000,174696000,176984000,179444000,179379000,172827000,174385000,174035000,177678000,177689000,181017000,181533000,188343000,199525000,205715000,211975000,213488000,215747000,221875000,228876000,231350000,193526000,200538000,200941000,205934000,200070000,205116000,204997000,217226000,208995000,213853000,212701000
BalanceCapital_yy,,,,,597.05,71.17,65.75,70.53,6.13,7.19,6.74,-3.23,-2.13,-0.66,3.69,11.55,11.72,8.36,5.55,3.75,1.85,2.69,0.48,-1.07,-1.47,-3.01,-0.95,2.81,3.80,4.31,6.00,12.29,13.64,16.77,13.35,8.13,7.86,7.97,8.37,-10.30,-9.62,-12.21,-10.99,3.38,2.28,2.02,5.48,4.46,4.26,3.76
BalanceCapital_sy,,,,,48.40,43.56,-100.00,15.84,13.50,14.92,6.74,9.41,1.82,2.84,3.69,5.64,8.66,10.57,5.55,12.22,7.04,7.32,5.78,7.94,6.14,2.09,-50.48,1.53,5.15,4.31,6.10,10.18,9.89,7.45,6.48,1.84,1.60,-3.91,-6.64,0.04,2.72,8.38,7.99,9.52,6.44,-0.39,0.26,3.37,4.26,4.56
BalanceCapital_qq,,311.87,4.20,-0.78,63.69,1.14,0.91,2.08,1.87,2.15,0.49,-7.45,3.03,3.68,4.89,-0.44,3.19,0.56,2.17,-2.15,1.31,1.39,-0.04,-3.65,0.90,-0.20,2.09,0.01,1.87,0.29,3.75,5.94,3.10,3.04,0.71,1.06,2.84,3.16,1.08,-16.35,3.62,0.20,2.48,-2.85,2.52,-0.06,5.97,-3.79,2.32,-0.54
BalanceCapital_sq,,0.07,-48.96,-0.78,12.70,1.24,-100.00,2.08,2.13,1.54,-100.00,-7.45,3.71,0.06,-100.00,-0.44,5.80,2.76,-100.00,0.83,3.64,1.39,-100.00,-1.38,0.72,0.60,2.09,0.09,2.14,1.22,3.76,2.90,1.74,2.07,2.82,-1.58,1.41,-1.06,2.38,1.36,1.82,2.69,4.52,-0.81,1.64,0.31,3.56,-1.27,2.26,-0.83
BalanceShareCapital,7794000,4106000,4106000,4106000,23602000,23602000,23602000,23662000,23662000,23662000,23662000,23662000,23662000,23662000,23662000,23662000,23662000,23662000,23662000,23662000,23662000,23662000,23662000,23662000,23662000,23662000,23662000,23662000,23662000,23662000,23662000,23662000,23662000,23662000,23662000,23662000,23662000,23662000,23662000,23662000,23662000,23662000,23662000,23662000,23662000,23662000,23047000,23047000,23047000,23047000
BalanceShareCapital_yy,,,,,202.82,474.82,474.82,476.28,0.25,0.25,0.25,,,,,,,,,,,,,,,,,,,,,,,,,,,,,,,,,,,,-2.60,-2.60,-2.60,-2.60
BalanceShareCapital_sy,,,,,23.81,42.36,-100.00,,0.12,0.12,0.25,,,,,,,,,,,,,,,,,,,,,,,,,,,,,,,,,,,,,,,
BalanceShareCapital_qq,,-47.32,,,474.82,,,0.25,,,,,,,,,,,,,,,,,,,,,,,,,,,,,,,,,,,,,,,-2.60,,,
BalanceShareCapital_sq,,,,,,,,0.25,,,,,,,,,,,,,,,,,,,,,,,,,,,,,,,,,,,,,,,,,,
BalanceOwnShares,,-10000,-11000,-11000,-11000,-11000,-11000,,,,,,,,,,,,,,,,,,,,,,,,,,,,,,,,,,,-915000,-2008000,-3784000,-5448000,-5598000,-407000,-946000,-1432000,-1691000
BalanceOwnShares_yy,,,,,,-10.00,,100.00,100.00,100.00,100.00,,,,,,,,,,,,,,,,,,,,,,,,,,,,,,,,,,,-511.80,79.73,75.00,73.72,69.79
BalanceOwnShares_sy,,,,,,-5.00,,50.00,50.00,50.00,100.00,,,,,,,,,,,,,,,,,,,,,,,,,,,,,,,,,,,-226.52,-0.04,-0.04,-0.04,
BalanceOwnShares_qq,,,-10.00,,,,,100.00,,,,,,,,,,,,,,,,,,,,,,,,,,,,,,,,,,,-119.45,-88.45,-43.97,-2.75,92.73,-132.43,-51.37,-18.09
BalanceOwnShares_sq,,,-5.00,,,,,100.00,,,,,,,,,,,,,,,,,,,,,,,,,,,,,,,,,,,-0.42,,,-2.75,,,,
BalanceReserve,9617000,77532000,77533000,77533000,113524000,20398000,119623000,19125000,18673000,42094000,42607000,48887000,53429000,51336000,73817000,48603000,46412000,48845000,47521000,47349000,47702000,47516000,50169000,72915000,70886000,71659000,70512000,70415000,71274000,72740000,71877000,75813000,76061000,75953000,76107000,76949000,75258000,76263000,76651000,76839000,76913000,78211000,77280000,72326000,70642000,70955000,72233000,65964000,66111000,66676000
BalanceReserve_yy,,,,,1080.45,-73.69,54.29,-75.33,-83.55,106.36,-64.38,155.62,186.13,21.96,73.25,-0.58,-13.13,-4.85,-35.62,-2.58,2.78,-2.72,5.57,53.99,48.60,50.81,40.55,-3.43,0.55,1.51,1.94,7.67,6.72,4.42,5.89,1.50,-1.06,0.41,0.71,-0.14,2.20,2.55,0.82,-5.87,-8.15,-9.28,-6.53,-8.80,-6.41,-6.03
BalanceReserve_sy,,,,,40.60,21.80,-100.00,1.24,-2.56,13.50,-64.38,18.36,4.25,1.92,73.25,-1.26,0.74,2.72,-35.62,3.46,6.22,4.84,5.57,0.18,6.96,3.66,40.55,-0.33,0.28,0.14,1.03,,0.32,0.22,0.17,,,,0.17,-0.14,-2.24,,,0.26,0.19,0.02,0.07,17.36,,1.59
BalanceReserve_qq,,706.20,,,46.42,-82.03,486.44,-84.01,-2.36,125.43,1.22,14.74,9.29,-3.92,43.79,-34.16,-4.51,5.24,-2.71,-0.36,0.75,-0.39,5.58,45.34,-2.78,1.09,-1.60,-0.14,1.22,2.06,-1.19,5.48,0.33,-0.14,0.20,1.11,-2.20,1.34,0.51,0.25,0.10,1.69,-1.19,-6.41,-2.33,0.44,1.80,-8.68,0.22,0.85
BalanceReserve_sq,,15.16,,,11.90,-1.22,-100.00,-84.01,1.06,6.32,-100.00,14.74,1.14,-2.48,-100.00,-34.16,0.04,2.56,-100.00,-0.36,-0.04,-0.66,-100.00,45.34,-0.28,0.54,-0.90,-0.15,,0.37,,,,-0.02,,,-0.01,0.89,,,,1.69,-0.58,-0.84,-0.02,0.22,,-0.33,0.15,1.52
BalanceNonshareCapital,,18554000,19725000,20181000,559000,612000,610000,780000,797000,818000,849000,721000,710000,771000,771000,765000,835000,821000,839000,744000,699000,721000,690000,401000,409000,402000,413000,328000,314000,637000,642000,653000,642000,705000,728000,724000,715000,712000,707000,450000,414000,399000,473000,416000,447000,459000,513000,487000,458000,428000
BalanceNonshareCapital_yy,,,,,,-96.70,-96.91,-96.13,42.58,33.66,39.18,-7.56,-10.92,-5.75,-9.19,6.10,17.61,6.49,8.82,-2.75,-16.29,-12.18,-17.76,-46.10,-41.49,-44.24,-40.14,-18.20,-23.23,58.46,55.45,99.09,104.46,10.68,13.40,10.87,11.37,0.99,-2.88,-37.85,-42.10,-43.96,-33.10,-7.56,7.97,15.04,8.46,17.07,2.46,-6.75
BalanceNonshareCapital_sy,,,,,,-96.70,-96.91,1.94,42.58,33.66,39.18,-3.84,-0.35,-0.23,-9.19,-50.18,-50.08,-50.14,8.82,-1.50,-8.30,-6.19,-17.76,-23.15,-20.78,-0.20,-40.14,-9.20,-11.02,-10.06,1.05,2.26,2.60,3.80,12.16,9.98,10.08,3.08,0.10,1.25,-21.05,-21.98,-19.32,-5.36,2.45,15.04,8.46,17.07,9.56,-1.55
BalanceNonshareCapital_qq,,,6.31,2.31,-97.23,9.48,-0.33,27.87,2.18,2.63,3.79,-15.08,-1.53,8.59,,-0.78,9.15,-1.68,2.19,-11.32,-6.05,3.15,-4.30,-41.88,2.00,-1.71,2.74,-20.58,-4.27,102.87,0.78,1.71,-1.68,9.81,3.26,-0.55,-1.24,-0.42,-0.70,-36.35,-8.00,-3.62,18.55,-12.05,7.45,2.68,11.76,-5.07,-5.95,-6.55
BalanceNonshareCapital_sq,,,6.31,2.31,1.38,9.48,-0.33,27.87,1.09,-0.12,-100.00,-15.08,-18.61,4.56,,-0.78,4.56,-0.90,-48.90,-11.32,12.08,-6.06,-100.00,-41.88,0.66,-0.24,-0.38,-0.04,0.12,0.97,,0.84,-0.84,7.04,3.14,0.32,0.31,0.42,-1.28,1.46,-4.00,,,,7.45,1.34,,0.26,,-1.53
BalanceNoncurrentLiabilities,7166000,17900000,18772000,18103000,21414000,26454000,51890000,110618000,106475000,94683000,91011000,136970000,114745000,105118000,95261000,113905000,104696000,102856000,95598000,91097000,93228000,91636000,94657000,99340000,101818000,99224000,94334000,65421000,54311000,56025000,54835000,89919000,106981000,92021000,94320000,86676000,100360000,89340000,73377000,70760000,76663000,63676000,71059000,55062000,75899000,93539000,93927000,102945000,103199000,84483000
BalanceNoncurrentLiabilities_yy,,,,,198.83,47.79,176.42,511.05,397.22,257.92,75.39,23.82,7.77,11.02,4.67,-16.84,-8.76,-2.15,0.35,-20.02,-10.95,-10.91,-0.98,9.05,9.21,8.28,-0.34,-34.14,-46.66,-43.54,-41.87,37.45,96.98,64.25,72.01,-3.61,-6.19,-2.91,-22.20,-18.36,-23.61,-28.73,-3.16,-22.18,-1.00,46.90,32.18,86.96,35.97,-9.68
BalanceNoncurrentLiabilities_sy,,,,,79.30,43.81,-100.00,56.31,14.60,34.14,75.39,10.78,-1.26,-1.74,4.67,-13.81,-32.08,-22.94,0.35,-16.20,-11.84,71.51,-0.28,7.49,83.86,8.28,-50.17,32.86,44.89,5.75,14.85,9.00,-10.94,-11.51,6.11,9.32,10.22,-2.91,-11.47,-7.79,-6.87,-14.10,-3.16,14.06,-1.00,26.78,25.87,7.03,1.42,-1.97
BalanceNoncurrentLiabilities_qq,,149.79,4.87,-3.56,18.29,23.54,96.15,113.18,-3.75,-11.07,-3.88,50.50,-16.23,-8.39,-9.38,19.57,-8.08,-1.76,-7.06,-4.71,2.34,-1.71,3.30,4.95,2.49,-2.55,-4.93,-30.65,-16.98,3.16,-2.12,63.98,18.97,-13.98,2.50,-8.10,15.79,-10.98,-17.87,-3.57,8.34,-16.94,11.59,-22.51,37.84,23.24,0.41,9.60,0.25,-18.14
BalanceNoncurrentLiabilities_sq,,23.24,-55.30,-3.56,11.16,22.54,-100.00,113.18,-4.12,-6.20,-100.00,50.50,-4.74,-8.18,-100.00,19.57,-5.14,-2.76,-100.00,-3.45,-1.02,4.38,-100.00,-4.84,4.02,-2.55,-4.93,5.98,10.58,3.16,-2.12,-6.17,-5.21,-3.79,12.19,-0.21,-2.99,-6.83,-2.85,-3.57,4.17,-5.26,-2.98,10.35,-1.63,-0.28,-2.94,-4.02,-0.38,-1.71
BalanceNoncurrentTradeLiabilities,5747000,,,,,,,,,,,,,,,,,,,,,,,,,,,,,,,,,,,,,,,,,,,,,,,,,
BalanceNoncurrentTradeLiabilities_yy,,,,,-100.00,,,,,,,,,,,,,,,,,,,,,,,,,,,,,,,,,,,,,,,,,,,,,
BalanceNoncurrentTradeLiabilities_sy,,,,,-65.38,,,,,,,,,,,,,,,,,,,,,,,,,,,,,,,,,,,,,,,,,,,,,
BalanceNoncurrentTradeLiabilities_qq,,-100.00,,,,,,,,,,,,,,,,,,,,,,,,,,,,,,,,,,,,,,,,,,,,,,,,
BalanceNoncurrentTradeLiabilities_sq,,-14.74,,,,,,,,,,,,,,,,,,,,,,,,,,,,,,,,,,,,,,,,,,,,,,,,
BalanceNoncurrentBorrowings,,11348000,15506000,14624000,17447000,18161000,47338000,97020000,92829000,80675000,76979000,123823000,101110000,87668000,77691000,98632000,90663000,89130000,82581000,78946000,79865000,79991000,82157000,81436000,83498000,81291000,76787000,40187000,36240000,30714000,28733000,68702000,86005000,71023000,73935000,66201000,80044000,69130000,53560000,50620000,56975000,49798000,52824000,43313000,62023000,82073000,84903000,91744000,92894000,68795000
BalanceNoncurrentBorrowings_yy,,,,,,60.04,205.29,563.43,432.06,344.22,62.62,27.63,8.92,8.67,0.92,-20.34,-10.33,1.67,6.29,-19.96,-11.91,-10.25,-0.51,3.15,4.55,1.63,-6.54,-50.65,-56.60,-62.22,-62.58,70.96,137.32,131.24,157.32,-3.64,-6.93,-2.67,-27.56,-23.54,-28.82,-27.96,-1.37,-14.44,8.86,64.81,60.73,111.82,49.77,-16.18
BalanceNoncurrentBorrowings_sy,,,,,,60.04,205.29,326.12,36.47,3.06,62.62,-3.74,-33.66,-8.66,0.92,-33.81,-66.58,-62.78,6.29,-40.69,-28.40,-10.25,-0.51,-0.24,173.05,37.44,-6.54,0.82,40.06,4.28,18.37,13.47,-13.41,-18.33,3.24,3.16,9.74,-21.62,-27.56,-23.54,-19.41,-23.02,-7.96,-3.57,0.19,14.54,16.41,3.88,-2.64,-5.98
BalanceNoncurrentBorrowings_qq,,,36.64,-5.69,19.30,4.09,160.66,104.95,-4.32,-13.09,-4.58,60.85,-18.34,-13.29,-11.38,26.95,-8.08,-1.69,-7.35,-4.40,1.16,0.16,2.71,-0.88,2.53,-2.64,-5.54,-47.66,-9.82,-15.25,-6.45,139.10,25.19,-17.42,4.10,-10.46,20.91,-13.64,-22.52,-5.49,12.55,-12.60,6.08,-18.01,43.20,32.33,3.45,8.06,1.25,-25.94
BalanceNoncurrentBorrowings_sq,,,-100.00,-5.69,35.52,17.68,-100.00,104.95,-13.90,-13.09,-100.00,60.85,-6.34,-13.29,-100.00,26.95,-8.08,-6.59,-100.00,-4.40,-9.25,43.26,-100.00,-0.88,2.30,-1.79,-6.80,0.78,15.55,-9.14,-5.54,-6.43,-11.65,-13.53,5.95,-6.50,-6.57,-11.66,-10.36,-7.92,-0.19,-10.28,-2.31,-7.43,-0.39,-4.78,-6.06,-1.13,1.25,-6.04
BalanceNoncurrentObligations,,,,,,,,,,,,,,,,,,,,,,,,,,,,,,,,,,,,,,,,,,,,,,,,,,
BalanceNoncurrentObligations_yy,,,,,,,,,,,,,,,,,,,,,,,,,,,,,,,,,,,,,,,,,,,,,,,,,,
BalanceNoncurrentObligations_sy,,,,,,,,,,,,,,,,,,,,,,,,,,,,,,,,,,,,,,,,,,,,,,,,,,
BalanceNoncurrentObligations_qq,,,,,,,,,,,,,,,,,,,,,,,,,,,,,,,,,,,,,,,,,,,,,,,,,,
BalanceNoncurrentObligations_sq,,,,,,,,,,,,,,,,,,,,,,,,,,,,,,,,,,,,,,,,,,,,,,,,,,
BalanceNoncurrentLeasing,,,,,,,,,,,,,,,,,,,,,,,,,,,,,,,,,,,,,,,,,,4324000,,4933000,4827000,4557000,,4072000,3647000,5112000
BalanceNoncurrentLeasing_yy,,,,,,,,,,,,,,,,,,,,,,,,,,,,,,,,,,,,,,,,,,,,,,5.39,,-17.45,-24.45,12.18
BalanceNoncurrentLeasing_sy,,,,,,,,,,,,,,,,,,,,,,,,,,,,,,,,,,,,,,,,,,,,,,5.39,,-15.62,-20.28,12.18
BalanceNoncurrentLeasing_qq,,,,,,,,,,,,,,,,,,,,,,,,,,,,,,,,,,,,,,,,,,,-100.00,,-2.15,-5.59,-100.00,,-10.44,40.17
BalanceNoncurrentLeasing_sq,,,,,,,,,,,,,,,,,,,,,,,,,,,,,,,,,,,,,,,,,,,-6.49,,-7.44,-5.59,,,-8.56,40.17
BalanceNoncurrentOtherLiabilities,1419000,6552000,3266000,3479000,3967000,8293000,4552000,13598000,13646000,14008000,14032000,13147000,13635000,17450000,17570000,15273000,14033000,13726000,13017000,12151000,13363000,11645000,12500000,17904000,18320000,17933000,17547000,25234000,18071000,25311000,26102000,21217000,20976000,20998000,20385000,20475000,20316000,20210000,19817000,20140000,19688000,9554000,18235000,6816000,9049000,6909000,9024000,7129000,6658000,10576000
BalanceNoncurrentOtherLiabilities_yy,,,,,179.56,26.57,39.38,290.86,243.99,68.91,208.26,-3.32,-0.08,24.57,25.21,16.17,2.92,-21.34,-25.91,-20.44,-4.77,-15.16,-3.97,47.35,37.09,54.00,40.38,40.94,-1.36,41.14,48.75,-15.92,16.08,-17.04,-21.90,-3.50,-3.15,-3.75,-2.79,-1.64,-3.09,-52.73,-7.98,-66.16,-54.04,-27.68,-50.51,4.59,-26.42,53.08
BalanceNoncurrentOtherLiabilities_sy,,,,,14.48,11.82,-100.00,34.79,54.79,51.92,208.26,13.62,-0.08,3.87,25.21,11.55,-5.06,3.56,-25.91,8.78,9.06,19.45,-3.97,8.59,22.72,32.29,40.38,39.60,-0.94,6.02,14.38,2.15,6.43,-3.34,2.64,12.98,6.58,11.32,0.81,2.18,-2.21,0.12,-2.57,-1.66,-2.86,-3.60,-3.57,1.68,3.08,6.27
BalanceNoncurrentOtherLiabilities_qq,,361.73,-50.15,6.52,14.03,109.05,-45.11,198.73,0.35,2.65,0.17,-6.31,3.71,27.98,0.69,-13.07,-8.12,-2.19,-5.17,-6.65,9.97,-12.86,7.34,43.23,2.32,-2.11,-2.15,43.81,-28.39,40.06,3.13,-18.72,-1.14,0.10,-2.92,0.44,-0.78,-0.52,-1.94,1.63,-2.24,-51.47,90.86,-62.62,32.76,-23.65,30.61,-21.00,-6.61,58.85
BalanceNoncurrentOtherLiabilities_sq,,5.19,-75.08,6.52,-1.71,8.22,-100.00,198.73,2.13,4.30,-100.00,-6.31,0.74,6.40,-100.00,-13.07,-0.34,0.54,-100.00,-6.65,0.15,-6.86,-100.00,43.23,2.32,-2.72,0.36,7.09,-3.53,2.84,1.85,-2.22,-1.14,0.73,2.08,3.86,-0.78,-0.22,1.17,1.35,-1.90,-2.36,0.59,1.22,-1.18,-2.26,0.31,0.02,-2.24,1.56
BalanceCurrentLiabilities,30560000,83225000,67784000,71449000,85957000,92269000,253604000,175287000,175468000,193832000,173031000,134083000,169392000,175928000,156868000,124924000,134213000,155695000,157877000,161172000,170886000,171110000,179909000,185349000,196010000,193255000,197229000,224586000,238032000,232473000,225054000,192629000,179449000,199485000,182564000,188359000,168817000,199259000,200055000,203043000,186002000,196437000,179310000,166654000,175856000,169903000,172017000,160806000,196983000,224190000
BalanceCurrentLiabilities_yy,,,,,181.27,10.87,274.14,145.33,104.13,110.07,-31.77,-23.51,-3.46,-9.24,-9.34,-6.83,-20.77,-11.50,0.64,29.02,27.32,9.90,13.96,15.00,14.70,12.94,9.63,21.17,21.44,20.29,14.11,-14.23,-24.61,-14.19,-18.88,-2.22,-5.92,-0.11,9.58,7.80,10.18,-1.42,-10.37,-17.92,-5.45,-13.51,-4.07,-3.51,12.01,31.95
BalanceCurrentLiabilities_sy,,,,,21.44,-1.90,-100.00,23.14,-11.86,39.88,-31.77,-10.00,-6.87,0.06,-9.34,-3.62,-15.23,-11.69,0.64,40.58,26.32,73.60,30.18,15.00,40.07,34.23,-45.18,20.87,22.99,20.29,14.74,4.40,10.06,3.57,-4.70,-1.55,2.50,-0.11,9.58,7.80,5.74,12.23,3.58,-1.88,-0.74,-3.40,6.64,26.02,10.64,25.04
BalanceCurrentLiabilities_qq,,172.33,-18.55,5.41,20.31,7.34,174.85,-30.88,0.10,10.47,-10.73,-22.51,26.33,3.86,-10.83,-20.36,7.44,16.01,1.40,2.09,6.03,0.13,5.14,3.02,5.75,-1.41,2.06,13.87,5.99,-2.34,-3.19,-14.41,-6.84,11.17,-8.48,3.17,-10.37,18.03,0.40,1.49,-8.39,5.61,-8.72,-7.06,5.52,-3.39,1.24,-6.52,22.50,13.81
BalanceCurrentLiabilities_sq,,12.91,-59.28,5.41,21.49,-4.58,-100.00,-30.88,-10.32,10.47,-100.00,-22.51,10.40,-1.95,-100.00,-20.36,4.58,5.74,-100.00,0.91,-1.85,28.78,-100.00,14.58,11.66,6.81,-2.29,3.86,4.15,16.46,-3.19,-10.43,5.98,11.17,-8.48,-9.00,3.19,8.96,0.40,-2.42,-1.56,8.43,-4.60,-6.30,14.06,10.86,-1.75,-1.77,7.83,17.42
BalanceCurrentTradePayablesv,30227000,,23398000,,30134000,47016000,57571000,67006000,56729000,66935000,48256000,66795000,57261000,75856000,45914000,75118000,48446000,87302000,79627000,112826000,77670000,117570000,71278000,121804000,89156000,115916000,81543000,129787000,79588000,120051000,75939000,108462000,70360000,105231000,66394000,100413000,55299000,93019000,51478000,101632000,53708000,68847000,50207000,65083000,69533000,77223000,65823000,65737000,88469000,127943000
BalanceCurrentTradePayablesv_yy,,,,,-0.31,,146.05,,88.26,42.37,-16.18,-0.31,0.94,13.33,-4.85,12.46,-15.39,15.09,73.43,50.20,60.32,34.67,-10.49,7.96,14.79,-1.41,14.40,6.55,-10.73,3.57,-6.87,-16.43,-11.59,-12.34,-12.57,-7.42,-21.41,-11.60,-22.47,1.21,-2.88,-25.99,-2.47,-35.96,29.46,12.17,31.10,1.00,27.23,65.68
BalanceCurrentTradePayablesv_sy,,,,,-2.33,,-100.00,,-2.30,-38.57,-16.18,-22.98,-14.08,-5.95,-4.85,12.46,5.21,28.33,73.43,50.90,60.32,34.67,-10.49,-6.30,14.79,0.56,14.40,25.47,5.34,12.17,-5.20,-16.43,11.49,4.75,-8.76,-8.22,-14.59,-12.92,15.14,1.74,11.60,5.92,-8.55,-2.26,-1.48,0.76,11.38,22.30,6.17,24.41
BalanceCurrentTradePayablesv_qq,,-100.00,,-100.00,,56.02,22.45,16.39,-15.34,17.99,-27.91,38.42,-14.27,32.47,-39.47,63.61,-35.51,80.20,-8.79,41.69,-31.16,51.37,-39.37,70.89,-26.80,30.01,-29.65,59.16,-38.68,50.84,-36.74,42.83,-35.13,49.56,-36.91,51.24,-44.93,68.21,-44.66,97.43,-47.15,28.19,-27.07,29.63,6.84,11.06,-14.76,-0.13,34.58,44.62
BalanceCurrentTradePayablesv_sq,,4.10,,-35.06,,7.28,-100.00,16.39,-15.34,-1.34,-100.00,38.42,-8.47,-5.54,-100.00,63.61,6.64,46.88,-100.00,41.69,7.66,29.12,-100.00,70.89,38.59,-3.54,3.57,6.22,-16.52,16.74,-6.71,-8.36,16.01,5.02,-7.33,-1.22,-6.77,8.72,10.77,-9.87,4.22,9.38,-12.69,-1.79,13.70,15.36,-2.34,4.08,4.07,19.70
BalanceCurrentBorrowings,,38194000,36544000,31079000,42005000,44539000,69590000,103320000,107513000,113967000,114839000,62114000,99652000,93378000,97099000,41197000,66868000,60831000,65278000,37805000,75199000,43519000,92339000,55861000,88174000,62965000,94681000,88049000,130821000,100220000,127945000,73473000,88084000,80469000,95857000,75907000,91693000,90749000,129723000,92315000,112668000,112380000,106794000,92145000,95811000,82295000,83571000,87097000,99789000,84807000
BalanceCurrentBorrowings_yy,,,,,,16.61,90.43,232.44,155.95,155.88,65.02,-39.88,-7.31,-18.07,-15.45,-33.68,-32.90,-34.86,-32.77,-8.23,12.46,-28.46,41.46,47.76,17.25,44.68,2.54,57.62,48.37,59.17,35.13,-16.55,-32.67,-19.71,-25.08,3.31,4.10,12.78,35.33,21.62,22.88,23.84,-17.68,-0.18,-14.96,-26.77,-21.75,-5.48,4.15,3.05
BalanceCurrentBorrowings_sy,,,,,,16.61,90.43,138.32,-54.46,148.38,65.02,21.38,4.72,-20.24,-15.45,-35.28,-32.90,-47.69,-32.77,51.68,12.46,13.87,41.46,5.07,88.94,37.70,2.54,14.80,35.58,9.46,24.56,5.97,5.56,9.25,-1.15,-8.67,0.25,5.37,-3.73,21.21,-29.99,23.84,26.56,10.30,11.51,-13.15,11.64,14.76,1.16,-1.84
BalanceCurrentBorrowings_qq,,,-4.32,-14.95,35.16,6.03,56.25,48.47,4.06,6.00,0.77,-45.91,60.43,-6.30,3.98,-57.57,62.31,-9.03,7.31,-42.09,98.91,-42.13,112.18,-39.50,57.85,-28.59,50.37,-7.00,48.58,-23.39,27.66,-42.57,19.89,-8.65,19.12,-20.81,20.80,-1.03,42.95,-28.84,22.05,-0.26,-4.97,-13.72,3.98,-14.11,1.55,4.22,14.57,-15.01
BalanceCurrentBorrowings_sq,,,-100.00,-14.95,12.82,2.88,-100.00,48.47,-61.20,39.32,-100.00,-45.91,-4.36,-6.30,-100.00,-57.57,-15.24,-9.03,-100.00,-42.09,-0.70,18.64,-100.00,-39.50,-1.61,13.66,-2.77,-6.16,1.34,6.62,14.52,4.26,-1.10,4.55,13.47,-17.32,7.34,-13.94,-1.48,0.77,-1.57,27.84,-2.11,-8.80,24.74,2.98,-1.69,1.92,14.57,8.78
BalanceCurrentObligations,,,,,,,,,,,,,,,,,,,,,,,,,,,,,,,,,,,,,,,,,,,,,,,,,,
BalanceCurrentObligations_yy,,,,,,,,,,,,,,,,,,,,,,,,,,,,,,,,,,,,,,,,,,,,,,,,,,
BalanceCurrentObligations_sy,,,,,,,,,,,,,,,,,,,,,,,,,,,,,,,,,,,,,,,,,,,,,,,,,,
BalanceCurrentObligations_qq,,,,,,,,,,,,,,,,,,,,,,,,,,,,,,,,,,,,,,,,,,,,,,,,,,
BalanceCurrentObligations_sq,,,,,,,,,,,,,,,,,,,,,,,,,,,,,,,,,,,,,,,,,,,,,,,,,,
BalanceCurrentLeasing,,,,,,,,,,,,,,,,,,,,,,,,,,,,,,,,,,,,,,,,,,1631000,,1693000,1696000,1700000,,1772000,1782000,2221000
BalanceCurrentLeasing_yy,,,,,,,,,,,,,,,,,,,,,,,,,,,,,,,,,,,,,,,,,,,,,,4.23,,4.67,5.07,30.65
BalanceCurrentLeasing_sy,,,,,,,,,,,,,,,,,,,,,,,,,,,,,,,,,,,,,,,,,,,,,,5.18,,7.38,7.90,30.65
BalanceCurrentLeasing_qq,,,,,,,,,,,,,,,,,,,,,,,,,,,,,,,,,,,,,,,,,,,-100.00,,0.18,0.24,-100.00,,0.56,24.64
BalanceCurrentLeasing_sq,,,,,,,,,,,,,,,,,,,,,,,,,,,,,,,,,,,,,,,,,,,0.36,,0.22,-1.09,-6.30,,0.68,24.64
BalanceCurrentOtherLiabilities,272000,44754000,7576000,40056000,11022000,714000,123660000,4961000,10608000,12431000,9089000,4843000,11882000,6242000,13473000,8246000,18556000,7195000,12625000,10217000,17689000,8253000,14506000,5907000,16919000,5491000,12653000,5418000,17375000,10721000,19684000,9265000,19553000,12333000,18874000,10549000,20315000,14157000,17534000,8083000,18763000,12803000,21523000,1012000,1314000,3061000,21679000,65000,9000,287000
BalanceCurrentOtherLiabilities_yy,,,,,3952.21,-98.40,1532.26,-87.61,-3.76,1641.04,-92.65,-2.38,12.01,-49.79,48.23,70.27,56.17,15.27,-6.29,23.90,-4.67,14.70,14.90,-42.18,-4.35,-33.47,-12.77,-8.28,2.70,95.25,55.57,71.00,12.54,15.04,-4.12,13.86,3.90,14.79,-7.10,-23.38,-7.64,-9.56,22.75,-87.48,-93.00,-76.09,0.72,-93.58,-99.32,-90.62
BalanceCurrentOtherLiabilities_sy,,,,,66.80,-1.10,-100.00,79.92,11.70,522.95,-92.65,-5.39,6.59,-48.13,48.23,-18.12,-9.32,4.44,-6.29,17.27,-4.16,37.94,14.90,-22.34,41.74,1.63,-12.77,-0.31,33.50,54.50,51.89,71.00,12.54,-23.91,0.93,-1.45,3.90,34.64,18.75,63.61,3.42,16.06,20.16,12.67,22.39,12.86,2.87,-5.92,-23.59,-36.56
BalanceCurrentOtherLiabilities_qq,,16353.68,-83.07,428.72,-72.48,-93.52,17219.33,-95.99,113.83,17.19,-26.88,-46.72,145.34,-47.47,115.84,-38.80,125.03,-61.23,75.47,-19.07,73.13,-53.34,75.77,-59.28,186.42,-67.55,130.43,-57.18,220.69,-38.30,83.60,-52.93,111.04,-36.93,53.04,-44.11,92.58,-30.31,23.85,-53.90,132.13,-31.76,68.11,-95.30,29.84,132.95,608.23,-99.70,-86.15,3088.89
BalanceCurrentOtherLiabilities_sq,,26.06,-91.54,42.08,-1.76,-35.81,-100.00,-95.99,-9.30,28.96,-100.00,-46.72,0.86,-41.35,-100.00,-38.80,2.15,6.89,-100.00,-19.07,-9.12,31.13,-100.00,-59.28,-1.10,6.04,-3.18,17.80,-3.77,40.58,2.54,4.28,-4.46,-2.81,12.99,-16.98,26.15,5.89,-3.94,-3.94,-8.59,-2.35,12.95,-8.06,17.71,25.37,2.42,-11.45,5.27,1.77
BalanceReckoning,61000,277000,266000,314000,2796000,,2783000,,618000,499000,847000,331000,597000,452000,382000,363000,343000,367000,347000,324000,328000,1768000,1786000,1777000,1761000,8883000,8352000,1332000,10248000,1481000,1486000,1429000,1452000,1452000,1439000,1490000,1510000,1334000,1320000,1013000,863000,776000,786000,6721000,7502000,5624000,944000,6135000,6934000,8932000
BalanceReckoning_yy,,,,,4483.61,-100.00,946.24,-100.00,-77.90,,-69.57,,-3.40,-9.42,-54.90,9.67,-42.55,-18.81,-9.16,-10.74,-4.37,381.74,414.70,448.46,436.89,402.43,367.64,-25.04,481.94,-83.33,-82.21,7.28,-85.83,-1.96,-3.16,4.27,3.99,-8.13,-8.27,-32.01,-42.85,-41.83,-40.45,563.47,769.29,624.74,20.10,-8.72,-7.57,58.82
BalanceReckoning_sy,,,,,629.27,64.09,-100.00,-76.68,-77.90,,-69.57,,-32.40,-9.42,-54.90,9.67,2.08,-17.91,-9.16,-10.04,30.36,69.77,414.70,11.55,-15.44,33.81,367.64,-18.04,25.32,-13.89,-19.39,-6.68,-22.30,-0.66,3.01,0.98,38.32,9.58,7.35,-27.08,-32.29,-41.83,-40.45,10.29,-8.41,-2.60,11.49,-8.72,-8.23,34.99
BalanceReckoning_qq,,354.10,-3.97,18.05,790.45,-100.00,,-100.00,,-19.26,69.74,-60.92,80.36,-24.29,-15.49,-4.97,-5.51,7.00,-5.45,-6.63,1.23,439.02,1.02,-0.50,-0.90,404.43,-5.98,-84.05,669.37,-85.55,0.34,-3.84,1.61,,-0.90,3.54,1.34,-11.66,-1.05,-23.26,-14.81,-10.08,1.29,755.09,11.62,-25.03,-83.21,549.89,13.02,28.81
BalanceReckoning_sq,,40.00,-14.35,147.25,15.22,47.56,,-100.00,,13.97,-100.00,-60.92,0.83,-24.29,-100.00,-4.97,-5.62,-1.91,-100.00,-6.63,-1.26,71.64,-100.00,-0.50,-0.21,52.51,-6.06,-1.36,-1.38,-1.76,-1.62,-7.50,-7.46,,-1.23,-3.57,7.34,-3.50,-4.61,-23.26,5.62,-7.95,-13.07,-11.32,4.98,-24.13,-20.77,5.99,,19.92
BalanceTotalEquityAndLiabilities,59207000,208152000,198472000,201207000,257664000,270770000,458914000,442674000,441650000,451658000,428007000,422730000,440374000,443071000,422035000,407980000,413505000,434108000,432844000,427709000,441797000,442911000,454635000,457917000,472622000,466916000,469654000,468024000,473674000,470668000,468874000,482726000,492787000,504186000,491100000,491506000,491767000,518187000,505489000,467779000,463617000,461453000,456776000,422202000,457318000,468898000,483683000,473233000,514493000,521802000
BalanceTotalEquityAndLiabilities_yy,,,,,335.19,30.08,131.22,120.01,71.41,66.81,-6.73,-4.51,-0.29,-1.90,-1.40,-3.49,-6.10,-2.02,2.56,4.84,6.84,2.03,5.03,7.06,6.98,5.42,3.30,2.21,0.22,0.80,-0.17,3.14,4.04,7.12,4.74,1.82,-0.21,2.78,2.93,-4.83,-5.72,-10.95,-9.64,-9.74,-1.36,1.61,5.89,12.09,12.50,11.28
BalanceTotalEquityAndLiabilities_sy,,,,,27.27,26.42,-100.00,19.83,10.79,17.30,-6.73,7.24,-0.29,-0.73,-1.40,-4.07,-0.68,5.67,2.56,21.96,13.06,17.90,12.62,15.59,21.55,13.82,-48.35,10.56,9.68,10.98,6.16,3.36,4.24,2.36,3.76,-3.32,-0.21,1.04,-0.32,12.41,0.25,6.37,5.37,1.16,-1.36,2.72,3.96,10.41,5.73,9.38
BalanceTotalEquityAndLiabilities_qq,,251.57,-4.65,1.38,28.06,5.09,69.48,-3.54,-0.23,2.27,-5.24,-1.23,4.17,0.61,-4.75,-3.33,1.35,4.98,-0.29,-1.19,3.29,0.25,2.65,0.72,3.21,-1.21,0.59,-0.35,1.21,-0.63,-0.38,2.95,2.08,2.31,-2.60,0.08,0.05,5.37,-2.45,-7.46,-0.89,-0.47,-1.01,-7.57,8.32,2.53,3.15,-2.16,8.72,1.42
BalanceTotalEquityAndLiabilities_sq,,6.91,-52.32,1.38,10.54,4.34,-100.00,-3.54,1.69,2.78,-100.00,-1.23,4.38,0.48,-100.00,-3.33,3.81,5.40,-100.00,0.25,3.27,6.45,-100.00,4.51,3.80,1.57,-0.42,0.92,3.90,2.98,0.93,-1.25,0.25,2.72,2.27,-3.66,1.43,2.28,0.89,-2.84,0.89,3.73,-1.20,-2.87,6.26,2.18,0.92,-0.25,2.17,3.48
CashflowOperatingCashflow,3773000,-4547000,-9914000,19922000,-13968000,6365000,1676000,26240000,3268000,1220000,10526000,45507000,3361000,15351000,4828000,34054000,-18476000,17155000,2025000,43353000,-38295000,45482000,-37853000,55431000,-22232000,28687000,-33638000,63229000,-44789000,47482000,-25358000,46378000,-29817000,30015000,-16740000,45981000,-18639000,19463000,-16354000,54247000,-32169000,19796000,15363000,26426000,-2577000,12091000,10728000,5632000,3073000,63329000
CashflowOperatingCashflow_yy,,,,,-470.21,239.98,116.91,31.71,123.40,-80.83,528.04,73.43,2.85,1158.28,-54.13,-25.17,-649.72,11.75,-58.06,27.31,-107.27,165.12,-1969.28,27.86,41.95,-36.93,11.14,14.07,-101.46,65.52,24.62,-26.65,33.43,-36.79,33.99,-0.86,37.49,-35.16,2.31,17.98,-72.59,1.71,193.94,-51.29,91.99,-38.92,-30.17,-78.69,219.25,423.77
CashflowOperatingCashflow_sy,,,,,-49.78,142.75,88.30,89.38,-59.40,-7.75,51.00,249.64,135.70,115.22,-32.58,-41.37,-92.02,-69.23,1.22,4.46,27.31,63.38,14.06,27.86,122.90,1.16,129.70,20.07,-25.44,66.02,-5.31,48.72,33.43,-36.79,33.99,-52.61,-7.40,36.35,29.23,17.98,-37.24,-57.08,75.72,10.84,-13.16,15.60,-20.12,10.83,-17.74,140.72
CashflowOperatingCashflow_qq,,-220.51,-118.03,300.95,-170.11,145.57,-73.67,1465.63,-87.55,-62.67,762.79,332.33,-92.61,356.74,-68.55,605.34,-154.26,192.85,-88.20,2040.89,-188.33,218.77,-183.23,246.44,-140.11,229.03,-217.26,287.97,-170.84,206.01,-153.41,282.89,-164.29,200.66,-155.77,374.68,-140.54,204.42,-184.03,431.70,-159.30,161.54,-22.39,72.01,-109.75,569.19,-11.27,-47.50,-45.44,1960.82
CashflowOperatingCashflow_sq,,-61.22,57.83,-41.12,-129.80,88.66,34.14,29.18,-123.16,91.81,471.80,292.24,-59.64,25.26,-58.81,73.78,-86.30,372.22,-32.81,105.54,-96.45,56.42,-49.82,45.70,70.97,-13.70,163.92,-44.47,190.41,95.51,1.81,135.01,-24.29,-22.18,91.66,-26.97,-52.96,19.02,71.54,-12.90,-62.46,-37.62,198.46,40.22,-57.06,-2.26,85.12,-2.20,-79.69,86.33
CashflowAmortization,868000,4364000,2987000,2822000,3177000,3546000,3262000,6172000,5355000,5701000,5428000,5834000,5954000,5918000,5608000,5635000,5248000,5093000,4935000,5136000,4896000,4969000,5003000,5018000,4727000,5452000,5280000,5208000,5253000,5325000,5461000,5137000,5502000,5785000,5734000,5042000,5792000,5953000,6397000,6324000,6254000,6343000,6086000,4976000,5863000,5302000,6450000,5112000,5933000,5896000
CashflowAmortization_yy,,,,,266.01,-18.74,9.21,118.71,68.56,60.77,66.40,-5.48,11.19,3.81,3.32,-3.41,-11.86,-13.94,-12.00,-8.86,-6.71,-2.43,1.38,-2.30,-3.45,9.72,5.54,3.79,11.13,-2.33,3.43,-1.36,4.74,8.64,5.00,-1.85,5.27,2.90,11.56,25.43,7.98,6.55,-4.86,-21.32,-6.25,-16.41,5.98,2.73,1.19,11.20
CashflowAmortization_sy,,,,,17.56,1.51,9.88,70.86,36.16,28.90,56.26,11.82,7.31,2.17,-0.64,-9.10,-7.22,-1.70,2.16,7.06,2.98,6.92,6.64,11.00,11.04,15.62,22.54,-4.16,9.19,0.42,2.10,-0.63,3.62,9.02,5.10,4.94,14.19,11.64,9.80,6.25,7.09,9.58,-2.19,-3.24,-1.80,-16.65,1.27,8.21,1.51,24.22
CashflowAmortization_qq,,402.76,-31.55,-5.52,12.58,11.61,-8.01,89.21,-13.24,6.46,-4.79,7.48,2.06,-0.60,-5.24,0.48,-6.87,-2.95,-3.10,4.07,-4.67,1.49,0.68,0.30,-5.80,15.34,-3.15,-1.36,0.86,1.37,2.55,-5.93,7.11,5.14,-0.88,-12.07,14.88,2.78,7.46,-1.14,-1.11,1.42,-4.05,-18.24,17.83,-9.57,21.65,-20.74,16.06,-0.62
CashflowAmortization_sq,,9.25,1.48,-2.34,12.79,9.34,0.48,44.82,-1.36,0.10,5.21,5.03,0.89,1.16,-3.29,-1.00,-1.06,-0.08,1.47,0.90,-0.59,1.11,1.92,5.22,-5.80,2.30,10.32,-6.16,-3.52,-0.42,3.67,-3.66,-2.31,1.30,3.97,2.18,8.83,1.74,-0.64,4.80,-0.03,2.52,-1.72,-1.38,5.60,-6.04,8.91,0.65,6.39,0.32
CashflowInvestingCashflow,-3428000,-1958000,-4677000,4460000,-4757000,-8403000,-4081000,-111693000,-3915000,-1842000,-2101000,-953000,-9214000,2252000,-2219000,-1823000,-2061000,-2929000,5573000,-9249000,-5744000,-4069000,-10357000,-5313000,-20525000,-2585000,-1371000,-3178000,-5073000,-2618000,-1931000,-6988000,-23837000,135000,-3137000,-6322000,-6187000,-13799000,-3610000,2171000,-2356000,-5788000,-4145000,-2538000,-18458000,-6483000,-10497000,-4232000,-17790000,-5159000
CashflowInvestingCashflow_yy,,,,,-38.77,-329.16,12.74,-2604.33,17.70,78.08,48.52,99.15,-135.35,222.26,-5.62,-91.29,77.63,-230.06,351.15,-407.35,-178.70,-38.92,-285.84,42.56,-257.33,36.47,86.76,40.18,75.28,-1.28,-40.85,-119.89,-369.88,105.16,-62.45,9.53,74.04,-10321.48,-15.08,134.34,61.92,58.05,-14.82,-216.90,-683.45,-12.01,-153.24,-66.75,3.62,20.42
CashflowInvestingCashflow_sy,,,,,-28.87,-244.40,-186.92,-251.62,10.82,-111.56,-0.83,33.05,45.94,98.16,70.46,-30.94,60.64,-105.53,-81.78,-360.67,-197.27,-641.22,-313.56,-30.15,-358.80,102.23,61.88,54.79,62.76,-34.65,-0.30,-67.01,31.57,51.90,51.82,1.46,65.33,-5.67,15.53,94.50,9.62,-26.91,-42.94,-113.94,-49.45,19.12,-30.47,-11.44,-50.89,-28.80
CashflowInvestingCashflow_qq,,42.88,-138.87,195.36,-206.66,-76.64,51.43,-2636.90,96.49,52.95,-14.06,54.64,-866.84,124.44,-198.53,17.85,-13.06,-42.12,290.27,-265.96,37.90,29.16,-154.53,48.70,-286.32,87.41,46.96,-131.80,-59.63,48.39,26.24,-261.89,-241.11,100.57,-2423.70,-101.53,2.14,-123.03,73.84,160.14,-208.52,-145.67,28.39,38.77,-627.27,64.88,-61.92,59.68,-320.37,71.00
CashflowInvestingCashflow_sq,,49.52,-93.16,-46.35,-95.11,-45.98,-17.52,-111.80,25.30,-218.14,34.84,58.33,-180.49,76.05,-16.76,-16.82,13.47,-79.65,-15.75,-125.23,36.35,-64.57,15.00,36.26,15.62,108.84,-179.76,-86.17,-16.10,27.71,14.16,54.21,-105.70,-5.54,-15.74,-14.80,57.19,-68.74,39.96,21.37,-150.75,-56.49,-15.38,-42.26,5.04,45.07,-46.52,-17.63,51.97,-62.53
CashflowCapex,3467000,9180000,4383000,3172000,4882000,9871000,9110000,107351000,4036000,1798000,2393000,2968000,9250000,-2364000,2185000,2234000,2483000,2866000,,9165000,8205000,4126000,10325000,5477000,20650000,3156000,2072000,3266000,2207000,2650000,2471000,,23966000,375000,4299000,,6275000,14025000,4568000,4286000,4548000,7198000,5414000,2551000,18571000,6703000,10526000,4359000,16052000,6800000
CashflowCapex_yy,,,,,40.81,7.53,107.85,3284.33,-17.33,-81.79,-73.73,-97.24,129.19,-231.48,-8.69,-24.73,-73.16,221.24,-100.00,310.25,230.45,43.96,,-40.24,151.68,-23.51,-79.93,-40.37,-89.31,-16.03,19.26,-100.00,985.91,-85.85,73.98,,-73.82,3640.00,6.26,,-27.52,-48.68,18.52,-40.48,308.33,-6.88,94.42,70.87,-13.56,1.45
CashflowCapex_sy,,,,,37.97,61.10,59.72,1033.94,-37.48,106.83,-33.87,-87.63,-57.58,-85.86,-32.88,-11.72,-57.09,34.94,78.53,181.59,230.45,1701.89,,-40.24,185.94,-78.51,-37.06,-3.37,175.36,34.72,19.26,2.90,-30.58,-46.14,-22.69,,-63.83,-1.30,-46.35,,-14.20,15.80,81.13,43.08,47.53,42.45,36.36,33.23,-13.56,24.64
CashflowCapex_qq,,164.78,-52.25,-27.63,53.91,102.19,-7.71,1078.39,-96.24,-55.45,33.09,24.03,211.66,-125.56,192.43,2.24,11.15,15.42,-100.00,,-10.47,-49.71,150.24,-46.95,277.03,-84.72,-34.35,57.63,-32.42,20.07,-6.75,-100.00,,-98.44,1046.40,-100.00,,123.51,-67.43,-6.17,6.11,58.27,-24.78,-52.88,627.99,-63.91,57.03,-58.59,268.25,-57.64
CashflowCapex_sq,,26.10,-58.36,24.82,18.68,57.68,-47.24,265.86,-46.48,145.41,-23.68,-19.00,86.90,-27.45,-46.31,2.24,-27.16,58.69,226.37,,-23.88,74.16,-11.24,-64.06,102.44,-39.76,89.46,32.83,-26.68,20.07,-9.14,-28.33,,-37.46,46.26,-68.98,,68.26,-32.76,0.28,1.84,-2.48,31.13,93.56,-32.64,-39.35,43.30,6.58,-48.43,54.34
CashflowFinancingCashflow,-314000,21648000,-387000,-10108000,5521000,2621000,4218000,86575000,-1128000,-2364000,-8160000,-35438000,-3446000,-16123000,-1071000,-33961000,20107000,-14827000,275000,-33352000,35388000,-32960000,39587000,-36565000,30261000,-18743000,26153000,-43669000,33831000,-40080000,24090000,-15024000,29541000,-24207000,11750000,-29667000,29107000,-14808000,15503000,-43550000,24957000,-13470000,-10485000,-22151000,19772000,-2687000,-4812000,13837000,10519000,-50324000
CashflowFinancingCashflow_yy,,,,,1858.28,-87.89,1189.92,956.50,-120.43,-190.19,-293.46,-140.93,-205.50,-582.02,86.88,4.17,683.49,8.04,125.68,1.79,76.00,-122.30,14295.27,-9.63,-14.49,43.13,-33.94,-19.43,11.80,-113.84,-7.89,65.60,-12.68,39.60,-51.22,-97.46,-1.47,38.83,31.94,-46.80,-14.26,9.04,-167.63,49.14,-20.78,80.05,54.11,162.47,-46.80,-1772.87
CashflowFinancingCashflow_sy,,,,,615.94,24.24,146.50,-110.67,-16.46,180.61,-286.13,-64.61,-97.55,-160.40,6.84,26.31,404.27,1.03,134.22,-68.62,-47.01,37.71,210.08,-9.63,2.21,-91.59,-67.97,-44.16,-37.72,17.38,10.90,-76.04,-140.72,96.12,-119.32,-97.46,53.28,-174.09,24.82,21.11,34.01,113.51,-75.38,25.88,-4.37,-181.78,-37.35,35.35,-46.80,-118.39
CashflowFinancingCashflow_qq,,6994.27,-101.79,-2511.89,154.62,-52.53,60.93,1952.51,-101.30,-109.57,-245.18,-334.29,90.28,-367.88,93.36,-3070.96,159.21,-173.74,101.85,-12228.00,206.10,-193.14,220.11,-192.37,182.76,-161.94,239.53,-266.98,177.47,-218.47,160.10,-162.37,296.63,-181.94,148.54,-352.49,198.11,-150.87,204.69,-380.91,157.31,-153.97,22.16,-111.26,189.26,-113.59,-79.08,387.55,-23.98,-578.41
CashflowFinancingCashflow_sq,,93.74,-89.09,167.33,-78.89,-6.80,61.33,-95.57,90.92,23.03,-183.51,-47.90,80.69,-145.20,34.32,-17.24,135.51,-52.08,101.85,-127.48,100.00,70.98,-45.11,-86.38,42.88,8.46,63.58,6.12,170.31,40.61,111.68,-124.60,-48.84,99.30,-137.20,1.69,71.76,-76.31,-47.88,22.08,58.51,-52.50,-251.77,-57.79,84.19,-60.52,-74.31,46.36,74.09,-92.74
CashflowShareCapitalCash,,15456000,-304000,304000,,,,470000,,,,,,,,,,,,,,,,,,,,,,,,,,,,,,,,,,,,,,,,,,
CashflowShareCapitalCash_yy,,,,,,-100.00,100.00,54.61,,,,-100.00,,,,,,,,,,,,,,,,,,,,,,,,,,,,,,,,,,,,,,
CashflowShareCapitalCash_sy,,,,,,-100.00,100.00,-88.91,,,,-100.00,,,,,,,,,,,,,,,,,,,,,,,,,,,,,,,,,,,,,,
CashflowShareCapitalCash_qq,,,-101.97,200.00,-100.00,,,,-100.00,,,,,,,,,,,,,,,,,,,,,,,,,,,,,,,,,,,,,,,,,
CashflowShareCapitalCash_sq,,,-101.97,200.00,-100.00,,,,746.74,,,,,,,,,,,,,,,,,,,,,,,,,,,,,,,,,,,,,,,,,
CashflowDividend,,,,,,,,,,,,,,,,,,,,,,,,,,,,,,,,,,,3918000,26000,,,5915000,0,,,6277000,0,,,7681000,0,,
CashflowDividend_yy,,,,,,,,,,,,,,,,,,,,,,,,,,,,,,,,,,,,,,,50.97,-100.00,,,6.12,,,,22.37,,,
CashflowDividend_sy,,,,,,,,,,,,,,,,,,,,,,,,,,,,,,,,,,,,,,,-1.64,-28.00,,,-53.14,,,,5.28,,,
CashflowDividend_qq,,,,,,,,,,,,,,,,,,,,,,,,,,,,,,,,,,,,-99.34,-100.00,,,-100.00,,,,-100.00,,,,-100.00,,
CashflowDividend_sq,,,,,,,,,,,,,,,,,,,,,,,,,,,,,,,,,,,,-100.00,0.02,,,-100.00,,,,-100.00,,,,-100.00,,
CashflowNetCashflow,31000,15143000,-14978000,14274000,-13204000,583000,1813000,1122000,-1775000,-2986000,9257000,124000,-9299000,1480000,1538000,-1730000,-430000,-601000,-283000,8908000,-8651000,8453000,-8623000,13553000,-12496000,7359000,-8856000,16382000,-16031000,4784000,-3199000,24366000,-24113000,5943000,-8127000,9992000,4281000,-9144000,-4461000,12868000,-9568000,538000,733000,24959000,-1263000,2921000,-4581000,36682000,-4198000,7846000
CashflowNetCashflow_yy,,,,,-42693.55,-96.15,112.10,-92.14,86.56,-612.18,410.59,-88.95,-423.89,149.56,-83.39,-1495.16,95.38,-140.61,-118.40,614.91,-1911.86,1506.49,-2947.00,52.14,-44.45,-12.94,-2.70,20.87,-28.29,-34.99,63.88,48.74,-50.41,24.23,-154.05,-58.99,117.75,-253.86,45.11,28.78,-323.50,105.88,116.43,93.96,86.80,442.94,-724.97,46.97,-232.38,168.61
CashflowNetCashflow_sy,,,,,-255.73,59.30,137.30,-115.30,-25.34,-32.12,-138.97,40.49,94.90,103.84,-71.59,-51.39,-17.89,-89.70,-564.94,173.73,-225.28,55.92,9.78,-84.24,75.98,-64.30,66.24,20.87,-71.69,44.26,14.99,100.19,-252.13,24.23,-40.57,-84.56,114.37,-59.47,90.03,28.78,32.10,-17.50,145.26,1.70,-42.89,89.98,-83.96,45.72,-88.88,34.94
CashflowNetCashflow_qq,,48748.39,-198.91,195.30,-192.50,104.42,210.98,-38.11,-258.20,-68.23,410.01,-98.66,-7599.19,115.92,3.92,-212.48,75.14,-39.77,52.91,3247.70,-197.11,197.71,-202.01,257.17,-192.20,158.89,-220.34,284.98,-197.86,129.84,-166.87,861.68,-198.96,124.65,-236.75,222.95,-57.16,-313.59,51.21,388.46,-174.35,105.62,36.25,3305.05,-105.06,331.27,-256.83,900.74,-111.44,286.90
CashflowNetCashflow_sq,,113.35,-47.52,436.54,-159.23,105.90,46.29,-11.67,-160.32,36.05,59.50,3.54,178.21,-63.50,10.26,82.28,125.68,13.50,38.80,93.72,-161.38,206.24,-113.98,119.37,81.75,-109.76,72.60,105.99,-122.52,162.09,-70.89,291.83,-222.75,124.65,-13.75,29.13,-22.96,-82.63,71.34,-35.48,65.08,-41.26,103.26,-188.49,66.52,-42.00,-221.70,73.82,77.75,94.84
