,2011/Q1,2011/Q2,2011/Q3,2011/Q4,2012/Q1,2012/Q2,2012/Q3,2012/Q4,2013/Q1,2013/Q2,2013/Q3,2013/Q4,2014/Q1,2014/Q2,2014/Q3,2014/Q4,2015/Q1,2015/Q2,2015/Q3,2015/Q4,2016/Q1,2016/Q2,2016/Q3,2016/Q4,2017/Q1,2017/Q2,2017/Q3,2017/Q4,2018/Q1,2018/Q2
IncomeRevenues,128181000,107887000,129005000,142201000,221524000,226817000,220219000,226481000,221810000,200644000,196897000,240208000,173541000,162631000,217201000,218952000,207127000,280077000,207929000,231048000,192214000,255447000,261208000,300841000,349007000,331805000,339768000,374369000,372620000,443506000
IncomeRevenues_yy,,,,,72.82,110.24,70.71,59.27,0.13,-11.54,-10.59,6.06,-21.76,-18.95,10.31,-8.85,19.35,72.22,-4.27,5.52,-7.20,-8.79,25.62,30.21,81.57,29.89,30.08,24.44,6.77,33.66
IncomeRevenues_sy,,,,,13.89,10.85,3.12,9.90,4.68,9.87,8.11,14.70,10.97,14.47,16.92,7.31,8.46,7.60,8.43,8.35,12.46,10.94,9.72,7.20,12.39,11.06,12.57,13.14,7.74,14.42
IncomeRevenues_qq,,-15.83,19.57,10.23,55.78,2.39,-2.91,2.84,-2.06,-9.54,-1.87,22.00,-27.75,-6.29,33.55,0.81,-5.40,35.22,-25.76,11.12,-16.81,32.90,2.26,15.17,16.01,-4.93,2.40,10.18,-0.47,19.02
IncomeRevenues_sq,,7.40,4.58,5.29,-7.22,5.74,-0.74,3.95,-14.07,12.16,2.66,10.72,-5.10,9.18,3.00,5.59,-7.96,12.18,-0.32,7.94,-6.38,7.48,0.24,5.31,-1.71,4.43,2.23,6.21,-1.39,4.50
IncomeCostOfSales,,229698000,125081000,,,,,,,,,,,,,,,,,,,,,,,,,,,
IncomeCostOfSales_yy,,,,,,-100.00,-100.00,,,,,,,,,,,,,,,,,,,,,,,
IncomeCostOfSales_sy,,,,,,18.66,-5.50,,,,,,,,,,,,,,,,,,,,,,,
IncomeCostOfSales_qq,,,-45.55,-100.00,,,,,,,,,,,,,,,,,,,,,,,,,,
IncomeCostOfSales_sq,,,6.01,1.96,,,,,,,,,,,,,,,,,,,,,,,,,,
IncomeDistributionExpenses,,,,,,,,,,,,,,,,,,,,,,,,,,,,,,
IncomeDistributionExpenses_yy,,,,,,,,,,,,,,,,,,,,,,,,,,,,,,
IncomeDistributionExpenses_sy,,,,,,,,,,,,,,,,,,,,,,,,,,,,,,
IncomeDistributionExpenses_qq,,,,,,,,,,,,,,,,,,,,,,,,,,,,,,
IncomeDistributionExpenses_sq,,,,,,,,,,,,,,,,,,,,,,,,,,,,,,
IncomeAdministrativExpenses,,,,,,,,,,,,,,,,,,,,,,,,,,,,,,
IncomeAdministrativExpenses_yy,,,,,,,,,,,,,,,,,,,,,,,,,,,,,,
IncomeAdministrativExpenses_sy,,,,,,,,,,,,,,,,,,,,,,,,,,,,,,
IncomeAdministrativExpenses_qq,,,,,,,,,,,,,,,,,,,,,,,,,,,,,,
IncomeAdministrativExpenses_sq,,,,,,,,,,,,,,,,,,,,,,,,,,,,,,
IncomeGrossProfit,5491000,879000,3924000,3128000,6658000,4180000,6712000,7725000,6375000,5026000,5907000,6809000,9569000,8095000,9379000,5835000,11842000,13019000,13256000,15988000,14049000,16250000,14061000,18010000,17543000,8516000,11687000,8999000,12196000,13187000
IncomeGrossProfit_yy,,,,,21.25,375.54,71.05,146.96,-4.25,20.24,-11.99,-11.86,50.10,61.06,58.78,-14.30,23.75,60.83,41.34,174.00,18.64,24.82,6.07,12.65,24.87,-47.59,-16.88,-50.03,-30.48,54.85
IncomeGrossProfit_sy,,,,,21.25,-14.25,-15.59,-35.32,-4.25,13.30,15.00,45.52,56.85,6.06,29.68,42.25,36.97,46.18,9.65,-15.76,-29.56,-13.08,-9.79,5.09,3.05,-5.43,5.66,-11.86,-8.32,19.41
IncomeGrossProfit_qq,,-83.99,346.42,-20.28,112.85,-37.22,60.57,15.09,-17.48,-21.16,17.53,15.27,40.53,-15.40,15.86,-37.79,102.95,9.94,1.82,20.61,-12.13,15.67,-13.47,28.08,-2.59,-51.46,37.24,-23.00,35.53,8.13
IncomeGrossProfit_sq,,8.40,26.21,19.73,-46.32,-37.22,40.19,-16.21,-36.51,33.70,17.53,-9.35,-5.56,12.14,20.96,3.02,3.32,0.72,1.82,-22.23,-5.48,-8.16,-6.93,5.79,13.53,-25.14,31.12,-28.36,12.68,3.02
IncomeOtherOperatingIncome,,539000,722000,322000,568000,400000,408000,834000,472000,611000,653000,775000,608000,525000,392000,1461000,575000,556000,495000,1850000,1056000,3060000,1189000,733000,2064000,3297000,508000,1410000,469000,816000
IncomeOtherOperatingIncome_yy,,,,,,-25.79,-43.49,159.40,-16.90,52.75,60.05,-7.07,28.81,-14.08,-39.97,88.52,-5.43,5.90,26.28,26.63,83.65,450.36,140.20,-60.38,95.45,7.75,-57.28,92.36,-77.28,-75.25
IncomeOtherOperatingIncome_sy,,,,,,-32.78,-22.80,9.68,36.50,51.21,52.45,86.66,19.87,7.07,-20.08,-14.17,-18.78,-24.76,31.06,1.88,9.17,23.76,-4.70,23.89,-7.29,5.68,34.69,16.38,17.06,17.71
IncomeOtherOperatingIncome_qq,,,33.95,-55.47,76.67,-29.58,2.00,104.41,-43.41,29.45,6.87,18.68,-21.55,-13.65,-25.33,272.70,-60.64,-3.30,-10.97,273.74,-42.92,189.77,-61.14,-38.35,181.58,59.74,-84.59,177.56,-66.74,73.99
IncomeOtherOperatingIncome_sq,,,-4.96,7.45,-16.80,-10.22,18.53,29.58,6.46,2.25,8.08,25.67,-23.98,-0.62,-15.66,15.74,-29.68,-1.84,-27.50,52.14,-5.62,-1.74,4.00,38.33,-35.95,14.42,10.94,44.64,-26.84,-7.14
IncomeOtherOperatingCosts,,278000,128000,447000,24000,337000,184000,-383000,1000,28000,17000,840000,11000,51000,50000,849000,137000,320000,591000,3847000,161000,1163000,176000,4700000,77000,676000,-265000,838000,300000,874000
IncomeOtherOperatingCosts_yy,,,,,,21.22,43.75,-185.63,-95.83,-91.69,-90.76,319.32,1000.00,82.14,194.12,1.07,1145.45,527.45,1082.00,353.12,17.52,263.44,-70.22,22.17,-52.17,-41.87,-250.57,-82.17,289.61,29.29
IncomeOtherOperatingCosts_sy,,,,,,-28.44,-50.00,12.90,45.59,1.99,11.78,32.30,6.29,-14.24,6.16,-1.84,-37.15,-16.62,-0.94,-9.79,13.86,14.00,-20.51,-10.23,-8.68,-25.34,-8.69,36.41,-1.23,73.20
IncomeOtherOperatingCosts_qq,,,-53.96,249.43,-94.63,1304.17,-45.40,-308.15,100.26,2700.00,-39.29,4841.18,-98.69,363.64,-1.96,1598.00,-83.86,133.58,84.69,550.93,-95.81,622.36,-84.87,2570.45,-98.36,777.92,-139.20,416.23,-64.20,191.33
IncomeOtherOperatingCosts_sq,,,-28.03,175.00,-60.12,10.15,-2.56,125.07,-40.71,69.60,-13.28,217.00,-59.72,11.60,-19.17,124.20,-72.53,20.27,-18.58,216.38,-63.22,8.33,-28.86,97.78,-41.67,16.04,-13.80,83.08,-55.93,59.87
IncomeEBIT,,6631000,4518000,3002000,7202000,4243000,6936000,8942000,6846000,5609000,6543000,6744000,10166000,8569000,9721000,6447000,12280000,13255000,13160000,13991000,14944000,18147000,15074000,14043000,19530000,11137000,12460000,9571000,12365000,13129000
IncomeEBIT_yy,,,,,,-36.01,53.52,197.84,-4.94,32.19,-5.67,-24.58,48.50,52.77,48.57,-4.40,20.79,54.69,35.38,117.02,21.69,36.91,14.54,0.37,30.69,-38.63,-17.34,-31.85,-36.69,17.89
IncomeEBIT_sy,,,,,,-23.98,5.62,-39.60,14.29,4.23,11.81,56.42,41.64,34.54,35.89,26.31,33.95,13.31,8.65,-8.92,-22.11,-7.34,-5.67,14.00,9.49,-26.94,4.92,-19.90,-3.94,23.19
IncomeEBIT_qq,,,-31.87,-33.55,139.89,-41.09,63.47,28.92,-23.44,-18.07,16.65,3.07,50.74,-15.71,13.44,-33.68,90.48,7.94,-0.72,6.31,6.81,21.43,-16.93,-6.84,39.07,-42.97,11.88,-23.19,29.19,6.18
IncomeEBIT_sq,,,26.02,-3.54,-35.45,-32.85,39.95,-31.26,-7.47,7.46,31.56,-6.95,-24.68,26.60,13.44,-33.68,5.71,8.34,-0.72,-10.97,-1.58,2.32,-4.89,12.88,0.74,-19.68,20.68,-27.08,24.58,-2.22
IncomeFinanceIncome,,147000,335000,116000,39000,300000,348000,281000,217000,2582000,-431000,1023000,429000,611000,493000,1358000,1245000,-367000,121000,2174000,711000,1545000,91000,1606000,304000,696000,1164000,148000,382000,3818000
IncomeFinanceIncome_yy,,,,,,104.08,3.88,143.27,456.41,760.67,-223.85,264.06,97.70,-76.34,214.39,32.75,190.21,-160.07,-75.46,60.09,-42.89,520.98,-24.79,-26.13,-57.24,-54.95,1179.12,-90.78,25.66,448.56
IncomeFinanceIncome_sy,,,,,,-7.39,22.72,-50.69,55.56,25.45,-64.12,-30.23,-26.03,-44.54,40.74,27.80,-1.92,-43.50,-34.72,-36.41,-31.40,29.97,9.80,-22.72,-4.10,-9.52,17.45,37.14,-12.90,34.13
IncomeFinanceIncome_qq,,,127.89,-65.52,-66.24,669.23,16.00,-19.25,-22.78,1089.86,-116.69,337.35,-58.06,42.42,-19.31,175.46,-8.32,-129.48,132.97,1696.69,-67.30,117.30,-94.11,1664.84,-81.07,128.95,67.24,-87.29,158.11,899.48
IncomeFinanceIncome_sq,,,7.10,17.27,-29.47,-4.55,1.43,-19.05,3.57,-7.28,-35.65,19.65,,-1.25,-6.62,117.92,-15.70,-27.87,0.36,58.33,-13.64,8.85,-35.29,12.90,22.42,-6.65,-4.60,31.18,27.76,73.91
IncomeFinanceCosts,,1510000,699000,723000,1135000,706000,2068000,1085000,1321000,598000,-765000,2957000,954000,1009000,716000,2869000,1053000,1558000,1822000,2721000,2405000,1467000,1753000,2826000,4261000,4575000,2623000,4357000,3144000,2992000
IncomeFinanceCosts_yy,,,,,,-53.25,195.85,50.03,16.39,-15.30,-136.99,172.53,-27.78,68.73,193.59,-2.98,10.38,54.41,154.47,-5.16,128.40,-5.84,-3.79,3.86,77.17,211.86,49.63,54.18,-26.21,-34.60
IncomeFinanceCosts_sy,,,,,,17.89,85.69,-16.84,-4.16,-0.53,-26.85,-1.14,-12.66,22.17,30.90,24.32,1.59,-12.22,-11.48,-7.74,8.22,23.81,7.96,-1.64,14.00,1.30,3.21,25.70,-1.28,21.34
IncomeFinanceCosts_qq,,,-53.71,3.46,56.95,-37.80,192.92,-47.53,21.75,-54.73,-227.93,486.54,-67.74,5.77,-29.04,300.70,-63.30,47.96,16.94,49.34,-11.61,-39.00,19.50,61.21,50.78,7.37,-42.67,66.11,-27.84,-4.83
IncomeFinanceCosts_sq,,,-8.65,26.56,-2.43,5.00,1.66,-26.68,-10.57,-8.50,-12.04,19.20,-13.32,7.07,6.33,11.29,-25.46,-5.10,-2.13,21.20,-11.61,27.22,-12.04,7.36,-0.98,0.79,0.79,20.66,-9.06,31.18
IncomeOtherIncome,,,,-159000,140000,,,0,,,,,,,,5000,,,,,,,,,,,,,,
IncomeOtherIncome_yy,,,,,,,,100.00,-100.00,,,,,,,,,,,-100.00,,,,,,,,,,
IncomeOtherIncome_sy,,,,,,,,-100.00,-23.08,,,,,,,,,,,-52.10,,,,,,,,,,
IncomeOtherIncome_qq,,,,,188.23,-100.00,,,,,,,,,,,-100.00,,,,,,,,,,,,,
IncomeOtherIncome_sq,,,,,0.24,41.88,,,,,,,,,,,-3.87,,,,,,,,,,,,,
IncomeNetGrossProfit,4937000,331000,4154000,2236000,6246000,3697000,5216000,8138000,5742000,7593000,6877000,4810000,9641000,8171000,9498000,4941000,12472000,11330000,11459000,13444000,13250000,18225000,13412000,12823000,15573000,7258000,11001000,5362000,9603000,13955000
IncomeNetGrossProfit_yy,,,,,26.51,1016.92,25.57,263.96,-8.07,105.38,31.84,-40.89,67.90,7.61,38.11,2.72,29.36,38.66,20.65,172.09,6.24,60.86,17.04,-4.62,17.53,-60.18,-17.98,-58.18,-38.34,92.27
IncomeNetGrossProfit_sy,,,,,14.63,-37.72,-8.21,-53.22,6.27,48.76,23.68,39.90,67.90,22.88,29.31,17.80,34.35,5.80,23.36,-10.40,-27.16,-4.45,-5.36,9.40,18.59,-32.16,2.96,-26.39,-1.28,22.01
IncomeNetGrossProfit_qq,,-93.30,1154.98,-46.17,179.35,-40.81,41.09,56.02,-29.44,32.24,-9.43,-30.06,100.44,-15.25,16.24,-47.98,152.42,-9.16,1.14,17.32,-1.44,37.55,-26.41,-4.39,21.45,-53.39,51.57,-51.26,79.09,45.32
IncomeNetGrossProfit_sq,,47.77,19.47,24.95,-40.30,-28.76,35.95,-58.34,-20.48,6.42,38.07,-18.54,-9.79,24.98,16.24,-47.98,13.78,11.32,1.14,-4.34,-1.84,18.51,-16.47,6.91,-2.61,-30.04,37.48,-21.98,7.38,-6.86
IncomeExtraordinarProfit,,,,,,,,,,,,,,,,,,,,,,,,,,,,,,
IncomeExtraordinarProfit_yy,,,,,,,,,,,,,,,,,,,,,,,,,,,,,,
IncomeExtraordinarProfit_sy,,,,,,,,,,,,,,,,,,,,,,,,,,,,,,
IncomeExtraordinarProfit_qq,,,,,,,,,,,,,,,,,,,,,,,,,,,,,,
IncomeExtraordinarProfit_sq,,,,,,,,,,,,,,,,,,,,,,,,,,,,,,
IncomeBeforeTaxProfit,4937000,331000,4154000,2236000,6246000,3697000,5216000,8138000,5742000,7593000,6877000,4810000,9641000,8171000,9498000,4941000,12472000,11330000,11459000,13444000,13250000,18225000,13412000,12823000,15573000,7258000,11001000,5362000,9603000,13955000
IncomeBeforeTaxProfit_yy,,,,,26.51,1016.92,25.57,263.96,-8.07,105.38,31.84,-40.89,67.90,7.61,38.11,2.72,29.36,38.66,20.65,172.09,6.24,60.86,17.04,-4.62,17.53,-60.18,-17.98,-58.18,-38.34,92.27
IncomeBeforeTaxProfit_sy,,,,,14.63,-37.72,-8.21,-53.22,6.27,48.76,23.68,39.90,67.90,22.88,29.31,17.80,34.35,5.80,23.36,-10.40,-27.16,-4.45,-5.36,9.40,18.59,-32.16,2.96,-26.39,-1.28,22.01
IncomeBeforeTaxProfit_qq,,-93.30,1154.98,-46.17,179.35,-40.81,41.09,56.02,-29.44,32.24,-9.43,-30.06,100.44,-15.25,16.24,-47.98,152.42,-9.16,1.14,17.32,-1.44,37.55,-26.41,-4.39,21.45,-53.39,51.57,-51.26,79.09,45.32
IncomeBeforeTaxProfit_sq,,47.77,19.47,24.95,-40.30,-28.76,35.95,-58.34,-20.48,6.42,38.07,-18.54,-9.79,24.98,16.24,-47.98,13.78,11.32,1.14,-4.34,-1.84,18.51,-16.47,6.91,-2.61,-30.04,37.48,-21.98,7.38,-6.86
IncomeDiscontinuedProfit,,,,,,,,,,,,,,,,,,,,,,,,,,,,,,
IncomeDiscontinuedProfit_yy,,,,,,,,,,,,,,,,,,,,,,,,,,,,,,
IncomeDiscontinuedProfit_sy,,,,,,,,,,,,,,,,,,,,,,,,,,,,,,
IncomeDiscontinuedProfit_qq,,,,,,,,,,,,,,,,,,,,,,,,,,,,,,
IncomeDiscontinuedProfit_sq,,,,,,,,,,,,,,,,,,,,,,,,,,,,,,
IncomeNetProfit,4051000,196000,3576000,1679000,5001000,3086000,4682000,7186000,5537000,7372000,6818000,4721000,9218000,7662000,9187000,4873000,12433000,10261000,13660000,13302000,12617000,18123000,13325000,11337000,14347000,6482000,9834000,1651000,7831000,11608000
IncomeNetProfit_yy,,,,,23.45,1474.49,30.93,328.07,10.72,138.89,45.62,-34.30,66.48,3.93,34.75,3.22,34.88,33.92,48.69,172.97,1.48,76.62,-2.45,-14.77,13.71,-64.23,-26.20,-85.44,-45.42,79.08
IncomeNetProfit_sy,,,,,23.45,-40.77,-9.86,-61.44,10.72,74.42,22.90,32.46,56.00,37.79,34.75,8.14,41.94,1.61,29.53,-14.87,-15.21,4.69,-17.38,0.21,19.91,-39.89,13.49,-11.55,-9.96,51.70
IncomeNetProfit_qq,,-95.16,1724.49,-53.06,197.91,-38.29,51.72,53.48,-22.95,33.14,-7.51,-30.76,95.26,-16.88,19.90,-46.96,155.14,-17.47,33.13,-2.62,-5.15,43.64,-26.47,-14.92,26.55,-54.82,51.71,-83.21,374.32,48.23
IncomeNetProfit_sq,,79.08,-0.09,15.63,-48.21,-11.58,33.02,-42.96,-32.39,0.42,36.81,-27.57,-5.94,18.62,8.59,-37.73,-11.18,24.75,12.14,-23.20,-1.51,11.16,-8.65,-4.53,14.21,-29.32,23.55,-24.91,17.54,-8.36
IncomeShareholderNetProfit,4051000,196000,3576000,123000,4397000,2946000,4716000,7120000,5537000,7372000,6818000,4721000,9218000,7672000,8560000,5693000,12243000,9637000,14791000,8878000,12561000,17486000,11055000,9656000,11526000,4596000,7821000,826000,5298000,9851000
IncomeShareholderNetProfit_yy,,,,,8.54,1403.06,31.88,5669.85,25.93,150.24,44.57,-33.69,66.48,4.07,25.55,20.59,32.82,25.61,72.79,55.95,2.60,81.45,-25.26,8.76,-8.24,-73.72,-29.25,-91.45,-54.03,114.34
IncomeShareholderNetProfit_sy,,,,,19.06,-46.94,-9.80,-61.56,23.74,74.42,22.85,35.22,56.00,36.08,25.55,9.97,42.03,14.59,39.16,-14.93,-16.46,14.12,-22.26,0.21,10.04,-39.89,14.16,-7.32,-10.11,46.79
IncomeShareholderNetProfit_qq,,-95.16,1724.49,-96.55,3463.21,-33.00,60.08,50.98,-22.23,33.14,-7.51,-30.76,95.26,-16.77,11.57,-33.49,115.05,-21.29,53.48,-39.98,41.48,39.21,-36.78,-12.65,19.37,-60.12,70.17,-89.44,541.40,85.94
IncomeShareholderNetProfit_sq,,79.72,-0.69,15.63,-48.21,-11.85,33.33,-54.78,-26.66,1.17,65.95,-24.38,-12.57,19.58,6.76,-33.49,-8.38,25.93,18.69,-33.34,-1.51,29.06,-17.16,6.33,14.78,-29.22,43.74,-24.98,17.54,-4.30
BalanceNoncurrentAssets,15746000,15656000,15887000,78556000,82429000,,89898000,83553000,85119000,137669000,140955000,160337000,162868000,193838000,194654000,217410000,263326000,265224000,265502000,273242000,302675000,295148000,305050000,373216000,363721000,371588000,377448000,398384000,396483000,436927000
BalanceNoncurrentAssets_yy,,,,,423.49,-100.00,465.86,6.36,3.26,,56.79,91.90,91.34,40.80,38.10,35.60,61.68,36.83,36.40,25.68,14.94,11.28,14.90,36.59,20.17,25.90,23.73,6.74,9.01,17.58
BalanceNoncurrentAssets_sy,,,,,16.69,10.72,13.42,3.30,1.00,,-2.20,3.70,0.96,2.54,10.33,9.70,3.98,6.29,6.63,6.82,13.71,8.31,9.99,9.71,6.71,1.32,2.24,-0.52,3.24,6.48
BalanceNoncurrentAssets_qq,,-0.57,1.48,394.47,4.93,-100.00,,-7.06,1.87,61.74,2.39,13.75,1.58,19.02,0.42,11.69,21.12,0.72,0.10,2.92,10.77,-2.49,3.35,22.35,-2.54,2.16,1.58,5.55,-0.48,10.20
BalanceNoncurrentAssets_sq,,2.73,-100.00,14.86,1.23,0.70,,0.54,-0.71,-0.34,-0.84,2.52,-0.28,0.51,0.88,-0.03,-0.67,2.72,1.14,2.24,0.62,0.90,0.26,0.10,-0.21,1.04,0.37,-0.23,0.68,-0.24
BalanceIntangibleAssets,,2022000,1890000,61479000,62417000,,71417000,62376000,62367000,106861000,106858000,107013000,107013000,118659000,118650000,131482000,168845000,172975000,172955000,179061000,203594000,203664000,213611000,247610000,269885000,279230000,279168000,279205000,279211000,317575000
BalanceIntangibleAssets_yy,,,,,,-100.00,3678.68,1.46,-0.08,,49.63,71.56,71.59,11.04,11.04,22.87,57.78,45.77,45.77,36.19,20.58,17.74,23.51,38.28,32.56,37.10,30.69,12.76,3.46,13.73
BalanceIntangibleAssets_sy,,,,,,6.07,12.22,7.14,-0.08,,0.16,0.80,-0.30,-0.57,6.02,0.39,2.34,-0.04,-0.10,4.20,6.62,5.03,6.01,0.82,0.06,-0.66,0.02,-1.84,0.04,0.66
BalanceIntangibleAssets_qq,,,-6.53,3152.86,1.53,-100.00,,-12.66,-0.01,71.34,,0.15,,10.88,-0.01,10.82,28.42,2.45,-0.01,3.53,13.70,0.03,4.88,15.92,9.00,3.46,-0.02,0.01,,13.74
BalanceIntangibleAssets_sq,,,-100.00,8.24,0.01,-0.29,,0.48,-1.67,-0.28,,-1.04,,-0.32,-0.73,0.26,-1.40,-0.79,-0.19,1.67,-0.53,0.18,-0.29,0.35,-0.77,-0.22,-0.27,-0.54,,-0.11
BalanceProperty,,12882000,13152000,16721000,19637000,,18124000,19754000,19791000,30183000,33046000,52098000,54470000,73121000,73897000,83364000,91524000,90756000,90221000,92156000,95828000,88809000,88744000,91872000,91327000,90768000,94547000,106145000,106167000,115978000
BalanceProperty_yy,,,,,,-100.00,37.80,18.14,0.78,,82.33,163.73,175.23,142.26,123.62,60.01,68.03,24.12,22.09,10.55,4.70,-2.15,-1.64,-0.31,-4.70,2.21,6.54,15.54,16.25,27.77
BalanceProperty_sy,,,,,,8.62,33.25,3.28,-0.18,,-1.40,1.27,7.60,8.52,3.40,4.90,5.25,5.88,4.68,5.72,5.57,4.03,3.33,3.26,1.03,-0.23,2.01,-0.04,2.24,2.38
BalanceProperty_qq,,,2.10,27.13,17.44,-100.00,,8.99,0.19,52.51,9.49,57.65,4.55,34.24,1.06,12.81,9.79,-0.84,-0.59,2.14,3.98,-7.32,-0.07,3.52,-0.59,-0.61,4.16,12.27,0.02,9.24
BalanceProperty_sq,,,-100.00,15.34,-0.14,-0.46,,0.26,-1.01,0.41,-0.99,0.08,-0.64,-0.40,0.06,1.11,-0.27,1.00,-0.16,0.83,0.09,0.58,-0.08,0.16,-0.62,-0.30,-0.30,0.23,-0.60,-0.37
BalanceNoncurrentReceivables,24273000,,92000,97000,93000,,,,,,,,,,,,,,,,,,,,,,,9427000,9427000,
BalanceNoncurrentReceivables_yy,,,,,-99.62,,-100.00,-100.00,-100.00,,,,,,,,,,,,,,,,,,,,,
BalanceNoncurrentReceivables_sy,,,,,,,50.82,,-3.76,,,,,,,,,,,,,,,,,,,,,
BalanceNoncurrentReceivables_qq,,-100.00,,5.90,-4.55,-100.00,,,,,,,,,,,,,,,,,,,,,,,,-100.00
BalanceNoncurrentReceivables_sq,,2.49,,2.90,0.01,-1.43,,,,,,,,,,,,,,,,,,,,,,,,
BalanceNoncurrInvestments,,,,0,0,,0,1258000,2832000,347000,335000,884000,934000,919000,923000,968000,1373000,729000,1145000,1073000,2105000,1411000,1275000,33143000,1840000,1204000,3010000,1224000,1217000,507000
BalanceNoncurrInvestments_yy,,,,,,,,,,,,-29.73,-67.02,164.84,175.52,9.50,47.00,-20.67,24.05,10.85,53.31,93.55,11.35,2988.82,-12.59,-14.67,136.08,-96.31,-33.86,-57.89
BalanceNoncurrInvestments_sy,,,,,,,,,,,,0.38,-0.18,3.04,46.15,-3.46,-3.46,-12.19,12.48,10.85,10.79,17.34,23.56,2.43,,,2.13,,,-7.72
BalanceNoncurrInvestments_qq,,,,,,,,,125.12,-87.75,-3.46,163.88,5.66,-1.61,0.44,4.88,41.84,-46.90,57.06,-6.29,96.18,-32.97,-9.64,2499.45,-94.45,-34.57,150.00,-59.34,-0.57,-58.34
BalanceNoncurrInvestments_sq,,,,,,,,,0.32,-0.56,-0.16,4.19,0.21,0.03,0.41,-1.58,0.78,0.01,1.40,0.51,,,,-0.80,,1.32,,,,-0.78
BalanceOtherNoncurrentAssets,,752000,753000,259000,282000,,357000,165000,129000,278000,716000,342000,451000,1139000,1184000,1596000,1584000,764000,1181000,952000,1148000,1264000,1420000,591000,669000,386000,723000,2383000,461000,2867000
BalanceOtherNoncurrentAssets_yy,,,,,,-100.00,-52.59,-36.27,-54.26,,100.56,107.27,249.61,309.71,65.36,366.67,251.22,-32.92,-0.25,-40.35,-27.53,65.45,20.24,-37.92,-41.72,-69.46,-49.08,303.21,-31.09,642.75
BalanceOtherNoncurrentAssets_sy,,,,,,13.29,-3.19,16.36,16.49,,21.52,13.46,26.02,46.99,10.07,10.19,2.99,7.90,8.65,9.75,19.78,7.27,12.63,-3.12,7.50,8.73,13.39,2.03,9.50,-0.68
BalanceOtherNoncurrentAssets_qq,,,0.13,-65.62,8.92,-100.00,,-53.78,-21.82,115.50,157.55,-52.23,31.87,152.55,3.95,34.80,-0.75,-51.77,54.58,-19.39,20.59,10.10,12.34,-58.38,13.20,-42.30,87.31,229.60,-80.65,521.91
BalanceOtherNoncurrentAssets_sq,,,-100.00,-6.82,0.80,,,3.36,0.22,,,3.30,-0.06,1.26,0.48,-0.58,-1.45,0.34,0.10,0.25,,2.21,-1.46,-0.46,1.32,5.30,5.44,-8.23,3.08,-1.39
BalanceCurrentAssets,58759000,48005000,54097000,79181000,94079000,,111255000,105570000,112087000,147361000,186706000,205236000,211329000,196688000,209104000,236367000,241614000,255879000,328314000,308283000,314753000,350448000,333253000,307578000,339530000,314026000,316821000,346452000,324737000,385830000
BalanceCurrentAssets_yy,,,,,60.11,-100.00,105.66,33.33,19.14,,67.82,94.41,88.54,33.47,12.00,15.17,14.33,30.09,57.01,30.43,30.27,36.96,1.50,-0.23,7.87,-10.39,-4.93,12.64,-4.36,22.87
BalanceCurrentAssets_sy,,,,,9.30,-0.12,4.06,3.02,9.15,,6.42,15.68,11.34,9.53,14.73,6.89,11.38,10.18,12.21,6.48,9.94,11.56,8.24,9.60,10.55,-0.44,10.25,15.14,15.11,12.91
BalanceCurrentAssets_qq,,-18.30,12.69,46.37,18.81,-100.00,,-5.11,6.17,31.47,26.70,9.92,2.97,-6.93,6.31,13.04,2.22,5.90,28.31,-6.10,2.10,11.34,-4.91,-7.70,10.39,-7.51,0.89,9.35,-6.27,18.81
BalanceCurrentAssets_sq,,8.67,-100.00,1.14,1.37,-5.62,,-1.28,3.65,6.32,0.98,-0.19,1.18,3.47,0.12,1.98,6.60,-0.17,-0.95,-1.09,1.79,3.80,-1.29,2.94,0.48,-0.18,1.88,5.23,-1.04,-0.16
BalanceInventory,,19353000,23719000,39216000,39866000,,46706000,40025000,46803000,53753000,60338000,61437000,51526000,73434000,57922000,66409000,77612000,84981000,117785000,70996000,81370000,89888000,112392000,94609000,116539000,119237000,138382000,143787000,136028000,170207000
BalanceInventory_yy,,,,,,-100.00,96.91,2.06,17.40,,29.19,53.50,10.09,36.61,-4.00,8.09,50.63,15.72,103.35,6.91,4.84,5.77,-4.58,33.26,43.22,32.65,23.12,51.98,16.72,42.75
BalanceInventory_sy,,,,,,21.40,10.49,2.06,11.76,,0.78,5.50,5.17,11.38,11.31,8.09,7.45,10.16,7.36,5.34,4.82,10.75,12.41,3.67,18.37,6.66,5.07,5.73,7.37,16.94
BalanceInventory_qq,,,22.56,65.34,1.66,-100.00,,-14.30,16.93,14.85,12.25,1.82,-16.13,42.52,-21.12,14.65,16.87,9.49,38.60,-39.72,14.61,10.47,25.04,-15.82,23.18,2.32,16.06,3.91,-5.40,25.13
BalanceInventory_sq,,,-100.00,15.88,-1.33,-4.14,,-1.25,-1.87,,3.57,2.59,0.09,1.62,1.39,-1.68,3.67,0.51,,-6.31,2.65,5.18,3.24,-1.95,1.67,-0.47,5.25,-2.26,2.10,4.84
BalanceCurrentReceivables,24273000,26010000,28814000,36839000,51259000,,59481000,60397000,56067000,63868000,90091000,122510000,98494000,72943000,97311000,64731000,98182000,102122000,89521000,136279000,106295000,126760000,108370000,128717000,130766000,131953000,138560000,155712000,159493000,159652000
BalanceCurrentReceivables_yy,,,,,111.18,-100.00,106.43,63.95,9.38,,51.46,102.84,75.67,14.21,8.01,-47.16,-0.32,40.00,-8.01,110.53,8.26,24.13,21.06,-5.55,23.02,4.10,27.86,20.97,21.97,20.99
BalanceCurrentReceivables_sy,,,,,17.93,9.02,17.90,3.50,8.91,,8.20,12.62,11.69,12.16,17.51,12.51,9.14,16.49,14.16,10.18,14.29,12.03,19.65,17.36,12.25,9.77,11.50,9.35,7.57,11.40
BalanceCurrentReceivables_qq,,7.16,10.78,27.85,39.14,-100.00,,1.54,-7.17,13.91,41.06,35.98,-19.60,-25.94,33.41,-33.48,51.68,4.01,-12.34,52.23,-22.00,19.25,-14.51,18.78,1.59,0.91,5.01,12.38,2.43,0.10
BalanceCurrentReceivables_sq,,8.02,-100.00,2.77,5.64,-0.86,,-3.22,4.38,5.73,0.07,-3.24,4.98,3.56,4.00,-0.60,2.11,6.84,4.12,-1.27,7.50,7.37,3.02,1.86,0.73,3.86,4.98,-2.55,1.94,3.62
BalanceCurrentInvestments,,,,530000,665000,,,355000,20000,,,226000,158000,,464000,540000,980000,243000,247000,,,259000,262000,676000,1846000,3455000,3595000,4580000,1263000,3580000
BalanceCurrentInvestments_yy,,,,,,,,-33.06,-96.99,,,-36.34,690.00,,,138.94,520.25,,-46.77,-100.00,-100.00,6.58,6.07,,,1233.98,1272.14,577.51,-31.58,3.62
BalanceCurrentInvestments_sy,,,,,,,,-13.89,-6.79,,,-20.26,-3.69,,,-16.96,,,-9.51,-8.82,-4.30,4.30,2.72,,,-1.56,-0.76,-4.13,-6.78,-8.87
BalanceCurrentInvestments_qq,,,,,25.40,-100.00,,,-94.37,-100.00,,,-30.09,-100.00,,16.38,81.48,-75.20,1.65,-100.00,,,1.16,158.02,173.08,87.16,4.05,27.40,-72.42,183.45
BalanceCurrentInvestments_sq,,,,,1.27,-4.73,,,-1.96,0.66,,,-2.99,-2.69,,-4.45,1.31,-8.28,0.34,-4.66,,,,,,-0.74,1.18,0.80,-0.10,
BalanceCash,,2534000,1456000,2432000,2004000,,4881000,4482000,8735000,28873000,35648000,20773000,60754000,49695000,52498000,103564000,64070000,67601000,118425000,98140000,125633000,127818000,111509000,82333000,88771000,58088000,34997000,37161000,23365000,50893000
BalanceCash_yy,,,,,,-100.00,235.23,84.31,335.88,,630.34,363.48,595.52,72.12,47.27,398.55,5.46,36.03,125.58,-5.24,96.09,89.08,-5.84,-16.11,-29.34,-54.55,-68.62,-54.86,-73.68,-12.39
BalanceCash_sy,,,,,,-22.10,-35.60,0.05,-11.14,,6.84,40.26,20.00,22.72,36.25,31.28,57.12,36.03,28.67,13.45,-6.24,-9.07,3.46,-4.79,-0.76,-0.14,-11.52,5.80,-1.73,-14.94
BalanceCash_qq,,,-42.54,67.02,-17.59,-100.00,,-8.17,94.89,230.54,23.46,-41.73,192.47,-18.20,5.64,97.27,-38.13,5.51,75.18,-17.13,28.01,1.74,-12.76,-26.16,7.82,-34.56,-39.75,6.18,-37.12,117.82
BalanceCash_sq,,,-100.00,6.34,-14.02,-11.85,,5.94,-9.75,0.20,-13.28,24.60,-13.94,-3.00,-0.86,22.85,15.80,-9.28,-12.22,9.84,-4.11,-3.84,-1.74,11.07,-1.49,-13.85,-1.81,10.86,-19.30,-15.65
BalanceOtherCurrentAssets,,108000,108000,164000,285000,,187000,311000,462000,867000,629000,290000,397000,616000,909000,1123000,770000,932000,2336000,2868000,1455000,5723000,720000,1243000,1608000,1293000,1287000,5212000,4588000,1498000
BalanceOtherCurrentAssets_yy,,,,,,-100.00,73.15,90.10,62.11,,236.36,-6.75,-14.07,-28.95,44.52,287.24,93.95,51.30,156.99,155.39,88.96,514.06,-69.18,-56.66,10.52,-77.41,78.75,319.31,185.32,15.85
BalanceOtherCurrentAssets_sy,,,,,,9.73,72.56,3.20,22.57,,27.75,17.69,11.78,37.16,19.34,6.21,-2.37,3.03,-8.41,17.32,24.04,10.53,20.26,20.99,-0.05,23.94,8.50,12.08,-0.81,4.88
BalanceOtherCurrentAssets_qq,,,,51.48,74.21,-100.00,,66.31,48.55,87.66,-27.45,-53.90,36.90,55.16,47.56,23.54,-31.43,21.04,150.64,22.77,-49.27,293.33,-87.42,72.64,29.36,-19.59,-0.46,304.97,-11.97,-67.35
BalanceOtherCurrentAssets_sq,,,,26.62,33.57,3.06,,-25.60,29.09,-2.70,-0.58,-15.14,29.37,3.04,-0.70,-16.89,28.01,4.90,-1.93,-13.75,37.09,-10.21,2.27,0.05,20.80,6.50,-8.79,-5.42,13.45,2.36
BalanceAssetsForSale,,,,,,,,,,,,,,,,,,,,,,3000,,,,,,,,
BalanceAssetsForSale_yy,,,,,,,,,,,,,,,,,,,,,,,,,,-100.00,,,,
BalanceAssetsForSale_sy,,,,,,,,,,,,,,,,,,,,,,,,,,-99.35,,,,
BalanceAssetsForSale_qq,,,,,,,,,,,,,,,,,,,,,,,-100.00,,,,,,,
BalanceAssetsForSale_sq,,,,,,,,,,,,,,,,,,,,,,,,,,,,,,
BalanceTotalAssets,74505000,63661000,69984000,157737000,176508000,,201153000,189123000,197206000,285030000,327661000,365573000,374197000,390526000,403758000,453777000,504940000,521103000,593816000,581525000,617428000,645599000,638303000,680794000,703251000,685614000,694269000,744836000,721220000,822757000
BalanceTotalAssets_yy,,,,,136.91,-100.00,187.43,19.90,11.73,,62.89,93.30,89.75,37.01,23.22,24.13,34.94,33.44,47.07,28.15,22.28,23.89,7.49,17.07,13.90,6.20,8.77,9.41,2.56,20.00
BalanceTotalAssets_sy,,,,,11.62,5.88,11.46,5.74,11.01,,3.24,10.51,5.21,8.82,9.16,8.61,8.32,8.47,10.56,6.99,7.68,6.80,4.97,9.33,7.54,5.03,7.09,7.08,9.50,11.96
BalanceTotalAssets_qq,,-14.55,9.93,125.39,11.90,-100.00,,-5.98,4.27,44.53,14.96,11.57,2.36,4.36,3.39,12.39,11.27,3.20,13.95,-2.07,6.17,4.56,-1.13,6.66,3.30,-2.51,1.26,7.28,-3.17,14.08
BalanceTotalAssets_sq,,4.76,-100.00,11.65,2.48,0.46,,0.23,-0.09,1.18,-0.16,2.06,0.46,2.74,1.51,0.09,2.54,1.78,0.67,1.04,0.55,3.07,0.48,3.35,0.82,-0.08,1.95,3.53,0.54,0.06
BalanceCapital,15309000,15549000,19125000,85390000,91464000,,112990000,117279000,126835000,184763000,197814000,257552000,266763000,273596000,282193000,275577000,300938000,265131000,280285000,341193000,353853000,370892000,381470000,441922000,451841000,447015000,456542000,466600000,470786000,482547000
BalanceCapital_yy,,,,,497.45,-100.00,490.80,37.34,38.67,,75.07,119.61,110.32,48.08,42.66,7.00,12.81,-3.09,-0.68,23.81,17.58,39.89,36.10,29.52,27.69,20.52,19.68,5.58,4.19,7.95
BalanceCapital_sy,,,,,10.30,9.33,15.40,9.92,13.17,,3.97,16.39,11.48,8.70,8.50,9.50,12.03,9.38,8.04,3.66,4.08,3.73,2.69,6.54,5.27,4.33,5.43,1.67,4.20,4.61
BalanceCapital_qq,,1.57,23.00,346.48,7.11,-100.00,,3.80,8.15,45.67,7.06,30.20,3.58,2.56,3.14,-2.34,9.20,-11.90,5.72,21.73,3.71,4.82,2.85,15.85,2.24,-1.07,2.13,2.20,0.90,2.50
BalanceCapital_sq,,1.86,-100.00,9.34,0.46,-1.04,,-0.52,2.25,0.69,1.72,2.74,1.50,-0.17,2.71,0.37,1.78,0.07,2.46,-1.60,1.41,1.00,1.84,2.44,0.82,-2.88,1.33,0.57,1.34,-1.93
BalanceShareCapital,,6000000,6000000,89498000,89498000,,99668000,103164000,105302000,130324000,130324000,154824000,154824000,154824000,154824000,154824000,158466000,158466000,158466000,170466000,170466000,170466000,170466000,170466000,170466000,170466000,170466000,170466000,170466000,170466000
BalanceShareCapital_yy,,,,,,-100.00,1561.13,15.27,17.66,,30.76,50.08,47.03,18.80,18.80,,2.35,2.35,2.35,10.10,7.57,7.57,7.57,,,,,,,
BalanceShareCapital_sy,,,,,,,,,,,,,,,,,,,,,,,,,,,,,,
BalanceShareCapital_qq,,,,1391.63,,-100.00,,3.51,2.07,23.76,,18.80,,,,,2.35,,,7.57,,,,,,,,,,
BalanceShareCapital_sq,,,,,,,,,,,,,,,,,,,,,,,,,,,,,,
BalanceOwnShares,,,,,,,,,,,,,,,,,,,,,,,,,,,,,,
BalanceOwnShares_yy,,,,,,,,,,,,,,,,,,,,,,,,,,,,,,
BalanceOwnShares_sy,,,,,,,,,,,,,,,,,,,,,,,,,,,,,,
BalanceOwnShares_qq,,,,,,,,,,,,,,,,,,,,,,,,,,,,,,
BalanceOwnShares_sq,,,,,,,,,,,,,,,,,,,,,,,,,,,,,,
BalanceReserve,,1097000,5416000,4413000,-11757000,,1263000,-6452000,-4571000,41530000,45415000,75932000,75859000,97406000,100212000,87435000,96913000,128155000,128518000,125178000,170827000,170379000,169902000,220698000,269849000,260427000,262133000,272830000,296587000,296932000
BalanceReserve_yy,,,,,,-100.00,-76.68,-246.20,61.12,,3495.80,1276.88,1759.57,134.54,120.66,15.15,27.75,31.57,28.25,43.17,76.27,32.95,32.20,76.31,57.97,52.85,54.28,23.62,9.91,14.02
BalanceReserve_sy,,,,,,7.56,-0.02,7.79,6.03,,1.91,3.57,3.61,4.07,8.70,8.70,2.20,10.27,12.22,10.93,10.58,2.51,2.67,8.31,6.10,4.81,3.78,1.29,2.16,3.31
BalanceReserve_qq,,,393.71,-18.52,-366.41,100.00,,-610.85,29.15,1008.55,9.35,67.20,-0.10,28.40,2.88,-12.75,10.84,32.24,0.28,-2.60,36.47,-0.26,-0.28,29.90,22.27,-3.49,0.66,4.08,8.71,0.12
BalanceReserve_sq,,,-100.00,-3.83,,1.77,,,,1.36,,,,,,,,3.85,,0.01,,2.85,,0.27,,0.88,,,,3.33
BalanceNonshareCapital,,,,3648000,4512000,,,,,,,,,2704000,3321000,-117000,457000,9941000,8810000,13545000,13533000,14341000,16096000,8401000,10751000,10944000,10758000,19004000,22188000,25831000
BalanceNonshareCapital_yy,,,,,,,,-100.00,-100.00,,,,,,,,,267.64,165.28,11676.92,2861.27,44.26,82.70,-37.98,-20.56,-23.69,-33.16,126.21,106.38,136.03
BalanceNonshareCapital_sy,,,,,,,,0.71,9.13,,,,,,,,,19.18,8.84,10.87,10.22,0.39,-1.87,-0.06,-5.72,-15.73,5.39,6.38,4.73,4.46
BalanceNonshareCapital_qq,,,,,23.68,-100.00,,,,,,,,,22.82,-103.52,490.60,2075.27,-11.38,53.75,-0.09,5.97,12.24,-47.81,27.97,1.80,-1.70,76.65,16.75,16.42
BalanceNonshareCapital_sq,,,,,2.50,,,,,,,,,,1.56,2.35,-4.04,2.04,0.53,4.80,,-0.52,0.32,-9.68,0.84,-0.08,2.65,8.95,,2.44
BalanceNoncurrentLiabilities,,21234000,18601000,17180000,16731000,,14804000,11609000,10540000,33526000,32053000,39741000,38760000,34368000,33716000,101798000,108639000,154036000,150580000,152168000,152759000,156551000,150948000,80911000,80014000,61294000,58710000,96579000,92001000,104041000
BalanceNoncurrentLiabilities_yy,,,,,,-100.00,-20.41,-32.43,-37.00,,116.52,242.33,267.74,2.51,5.19,156.15,180.29,348.20,346.61,49.48,40.61,1.63,0.24,-46.83,-47.62,-60.85,-61.11,19.36,14.98,69.74
BalanceNoncurrentLiabilities_sy,,,,,,7.94,18.62,-8.01,-12.04,,-3.10,-1.22,-0.60,14.51,5.02,5.51,-4.96,1.45,12.97,14.81,25.16,27.05,13.61,9.81,11.40,1.65,7.06,0.42,6.62,8.91
BalanceNoncurrentLiabilities_qq,,,-12.40,-7.64,-2.61,-100.00,,-21.58,-9.21,218.08,-4.39,23.99,-2.47,-11.33,-1.90,201.93,6.72,41.79,-2.24,1.05,0.39,2.48,-3.58,-46.40,-1.11,-23.40,-4.22,64.50,-4.74,13.09
BalanceNoncurrentLiabilities_sq,,,-100.00,5.73,-2.61,-1.55,,-3.12,-3.19,-0.56,-0.52,1.12,-0.40,-1.43,,-0.98,-0.79,2.42,-0.10,,-0.39,2.48,-1.49,-1.19,-1.11,-0.67,,-0.46,-0.67,
BalanceNoncurrentTradeLiabilities,,20614000,17980000,,,,,,,,,,,,,,,,,,,,,,,,,,,
BalanceNoncurrentTradeLiabilities_yy,,,,,,-100.00,-100.00,,,,,,,,,,,,,,,,,,,,,,,
BalanceNoncurrentTradeLiabilities_sy,,,,,,-100.00,-29.24,,,,,,,,,,,,,,,,,,,,,,,
BalanceNoncurrentTradeLiabilities_qq,,,-12.78,-100.00,,,,,,,,,,,,,,,,,,,,,,,,,,
BalanceNoncurrentTradeLiabilities_sq,,,-100.00,-40.82,,,,,,,,,,,,,,,,,,,,,,,,,,
BalanceNoncurrentBorrowings,,,,16772000,15987000,,14400000,11026000,9790000,31259000,30176000,28729000,27662000,21771000,21143000,88216000,95489000,141363000,138910000,141556000,142196000,146290000,140779000,70331000,70068000,51630000,49017000,84880000,82487000,91559000
BalanceNoncurrentBorrowings_yy,,,,,,,,-34.26,-38.76,,109.56,160.56,182.55,-30.35,-29.93,207.06,245.20,549.32,557.00,60.47,48.91,3.49,1.35,-50.32,-50.72,-64.71,-65.18,20.69,17.72,77.34
BalanceNoncurrentBorrowings_sy,,,,,,,,-10.32,-10.22,,19.92,4.63,14.73,-14.58,-9.99,-14.36,-15.13,,-14.68,-3.48,-5.38,-12.24,2.92,3.66,-9.38,-9.08,-21.92,-9.54,4.64,4.05
BalanceNoncurrentBorrowings_qq,,,,,-4.68,-100.00,,-23.43,-11.21,219.30,-3.46,-4.80,-3.71,-21.30,-2.88,317.24,8.24,48.04,-1.74,1.90,0.45,2.88,-3.77,-50.04,-0.37,-26.31,-5.06,73.16,-2.82,11.00
BalanceNoncurrentBorrowings_sq,,,,,-4.68,-2.64,,-3.16,-5.58,-1.70,-1.30,1.69,-2.80,-2.94,-1.78,-8.18,-2.30,-0.26,-1.34,-3.29,-2.58,-1.65,-2.64,-5.00,-3.84,-4.06,-1.50,-4.11,-4.20,-1.82
BalanceNoncurrentObligations,,,,,,,,,,,,,,,,,,,,,,,,,,,,,,
BalanceNoncurrentObligations_yy,,,,,,,,,,,,,,,,,,,,,,,,,,,,,,
BalanceNoncurrentObligations_sy,,,,,,,,,,,,,,,,,,,,,,,,,,,,,,
BalanceNoncurrentObligations_qq,,,,,,,,,,,,,,,,,,,,,,,,,,,,,,
BalanceNoncurrentObligations_sq,,,,,,,,,,,,,,,,,,,,,,,,,,,,,,
BalanceNoncurrentLeasing,,,,,,,,,,,,,,,,,,,,,,,,,,,,,,
BalanceNoncurrentLeasing_yy,,,,,,,,,,,,,,,,,,,,,,,,,,,,,,
BalanceNoncurrentLeasing_sy,,,,,,,,,,,,,,,,,,,,,,,,,,,,,,
BalanceNoncurrentLeasing_qq,,,,,,,,,,,,,,,,,,,,,,,,,,,,,,
BalanceNoncurrentLeasing_sq,,,,,,,,,,,,,,,,,,,,,,,,,,,,,,
BalanceNoncurrentOtherLiabilities,,620000,621000,408000,744000,,404000,583000,750000,2267000,1877000,11012000,11098000,12597000,12573000,13582000,13150000,12673000,11670000,10612000,10563000,10261000,10169000,10580000,9946000,9664000,9693000,11699000,9514000,12482000
BalanceNoncurrentOtherLiabilities_yy,,,,,,-100.00,-34.94,42.89,0.81,,364.60,1788.85,1379.73,455.67,569.85,23.34,18.49,0.60,-7.18,-21.87,-19.67,-19.03,-12.86,-0.30,-5.84,-5.82,-4.68,10.58,-4.34,29.16
BalanceNoncurrentOtherLiabilities_sy,,,,,,2.28,50.32,6.85,-2.87,,0.12,9.44,1.17,12.81,0.14,9.15,1.66,1.49,4.49,15.80,17.82,2.48,3.02,8.04,8.16,,10.26,0.91,0.53,2.48
BalanceNoncurrentOtherLiabilities_qq,,,0.16,-34.30,82.35,-100.00,,44.31,28.64,202.27,-17.20,486.68,0.78,13.51,-0.19,8.03,-3.18,-3.63,-7.91,-9.07,-0.46,-2.86,-0.90,4.04,-5.99,-2.84,0.30,20.70,-18.68,31.20
BalanceNoncurrentOtherLiabilities_sq,,,-100.00,3.41,0.01,0.21,,-1.01,-2.06,-0.85,-1.36,0.27,0.10,1.26,,0.26,-0.06,3.24,-0.20,0.65,-0.02,1.12,-0.32,2.20,,-1.06,0.55,1.38,0.37,0.22
BalanceCurrentLiabilities,15328000,26878000,32258000,51518000,63801000,,73359000,60235000,59831000,66741000,97794000,68279000,68674000,79858000,84528000,76519000,94906000,91995000,154141000,74619000,97283000,103815000,89789000,149560000,160645000,166361000,168259000,162653000,136245000,210338000
BalanceCurrentLiabilities_yy,,,,,316.24,-100.00,127.41,16.92,-6.22,,33.31,13.35,14.78,19.65,-13.57,12.07,38.20,15.20,82.35,-2.48,2.50,12.85,-41.75,100.43,65.13,60.25,87.39,8.75,-15.19,26.43
BalanceCurrentLiabilities_sy,,,,,13.72,20.43,21.70,3.67,6.62,,9.65,10.73,14.23,16.18,14.94,8.43,13.69,3.58,9.61,13.08,16.55,10.23,7.72,1.91,-1.16,6.45,4.70,14.90,21.56,24.10
BalanceCurrentLiabilities_qq,,75.35,20.02,59.71,23.84,-100.00,,-17.89,-0.67,11.55,46.53,-30.18,0.58,16.29,5.85,-9.47,24.03,-3.07,67.55,-51.59,30.37,6.71,-13.51,66.57,7.41,3.56,1.14,-3.33,-16.24,54.38
BalanceCurrentLiabilities_sq,,-2.11,-100.00,9.88,3.18,0.16,,3.00,-0.50,11.55,-3.02,3.88,1.20,6.17,1.22,-3.05,3.61,0.14,1.38,3.82,-0.04,2.03,0.36,2.87,-1.46,7.69,0.85,6.43,-0.14,2.50
BalanceCurrentTradePayablesv,,26713000,32085000,12796000,18073000,,20583000,12597000,12975000,14101000,36798000,20970000,16899000,24362000,29724000,26364000,30841000,27867000,40089000,31783000,33708000,45718000,44118000,47027000,50096000,47135000,46577000,58303000,48890000,70873000
BalanceCurrentTradePayablesv_yy,,,,,,-100.00,-35.85,-1.56,-28.21,,78.78,66.47,30.24,72.77,-19.22,25.72,82.50,14.39,34.87,20.55,9.30,64.06,10.05,47.96,48.62,3.10,5.57,23.98,-2.41,50.36
BalanceCurrentTradePayablesv_sy,,,,,,13.98,25.30,4.28,3.59,,-0.10,14.14,10.21,18.32,16.90,12.69,4.22,1.81,13.17,11.52,18.78,22.89,17.14,18.92,11.36,5.96,8.43,11.78,5.71,14.86
BalanceCurrentTradePayablesv_qq,,,20.11,-60.12,41.24,-100.00,,-38.80,3.00,8.68,160.96,-43.01,-19.41,44.16,22.01,-11.30,16.98,-9.64,43.86,-20.72,6.06,35.63,-3.50,6.59,6.53,-5.91,-1.18,25.18,-16.14,44.96
BalanceCurrentTradePayablesv_sq,,,-100.00,11.51,-1.26,0.33,,7.59,0.56,3.18,-7.93,4.21,0.06,4.98,-0.46,3.82,1.31,-5.22,4.32,5.00,4.28,1.18,5.03,9.09,0.41,-0.28,-1.18,8.84,-3.08,5.22
BalanceCurrentBorrowings,,,,36353000,43198000,,49630000,45110000,44529000,49147000,52553000,44027000,48682000,49524000,50534000,44986000,58011000,56890000,54024000,32159000,55998000,49862000,39299000,83752000,100010000,100793000,111225000,90146000,75945000,87122000
BalanceCurrentBorrowings_yy,,,,,,,,24.09,3.08,,5.89,-2.40,9.33,0.77,-3.84,2.18,19.16,14.87,6.91,-28.51,-3.47,-12.35,-27.26,160.43,78.60,102.14,183.02,7.63,-24.06,-13.56
BalanceCurrentBorrowings_sy,,,,,,,,21.76,13.24,,7.70,-3.46,20.23,29.07,21.10,-2.05,8.92,-26.40,-6.86,-0.40,-3.47,7.15,7.76,7.37,0.73,-3.59,16.25,14.46,15.32,20.92
BalanceCurrentBorrowings_qq,,,,,18.83,-100.00,,-9.11,-1.29,10.37,6.93,-16.22,10.57,1.73,2.04,-10.98,28.95,-1.93,-5.04,-40.47,74.13,-10.96,-21.18,113.11,19.41,0.78,10.35,-18.95,-15.75,14.72
BalanceCurrentBorrowings_sq,,,,,4.68,11.95,,-3.47,-1.07,8.55,1.53,3.30,-3.50,4.31,-5.44,-10.98,2.54,-0.81,1.76,-6.82,0.24,3.58,-1.54,-3.16,0.67,2.96,2.05,-2.69,,0.60
BalanceCurrentObligations,,,,,,,,,,,,,,,,,,,,,,,,,,,,,,
BalanceCurrentObligations_yy,,,,,,,,,,,,,,,,,,,,,,,,,,,,,,
BalanceCurrentObligations_sy,,,,,,,,,,,,,,,,,,,,,,,,,,,,,,
BalanceCurrentObligations_qq,,,,,,,,,,,,,,,,,,,,,,,,,,,,,,
BalanceCurrentObligations_sq,,,,,,,,,,,,,,,,,,,,,,,,,,,,,,
BalanceCurrentLeasing,,,,,,,,,,,,,,,,,,,,,,,,,,,,,,
BalanceCurrentLeasing_yy,,,,,,,,,,,,,,,,,,,,,,,,,,,,,,
BalanceCurrentLeasing_sy,,,,,,,,,,,,,,,,,,,,,,,,,,,,,,
BalanceCurrentLeasing_qq,,,,,,,,,,,,,,,,,,,,,,,,,,,,,,
BalanceCurrentLeasing_sq,,,,,,,,,,,,,,,,,,,,,,,,,,,,,,
BalanceCurrentOtherLiabilities,,119000,130000,2313000,2525000,,3086000,2497000,2296000,3462000,2919000,3282000,3093000,5972000,4270000,4665000,5604000,6788000,60028000,10677000,7577000,8235000,6372000,18781000,10539000,17617000,10457000,12155000,10697000,51233000
BalanceCurrentOtherLiabilities_yy,,,,,,-100.00,2273.85,7.95,-9.07,,-5.41,31.44,34.71,72.50,46.28,42.14,81.18,13.66,1305.81,128.87,35.21,21.32,-89.38,75.90,39.09,113.93,64.11,-35.28,1.50,190.82
BalanceCurrentOtherLiabilities_sy,,,,,,10.12,9.74,7.95,-8.11,,-4.15,-1.56,1.00,11.38,19.13,8.20,21.12,11.48,1.60,18.59,19.82,10.04,0.76,10.14,5.13,22.54,17.59,13.40,18.50,23.94
BalanceCurrentOtherLiabilities_qq,,,9.24,1679.25,9.16,-100.00,,-19.09,-8.05,50.78,-15.68,12.44,-5.76,93.08,-28.50,9.25,20.13,21.13,784.33,-82.21,-29.03,8.68,-22.62,194.74,-43.88,67.16,-40.64,16.24,-12.00,378.95
BalanceCurrentOtherLiabilities_sq,,,-100.00,0.68,,4.70,,-1.08,-7.70,9.44,-3.18,8.47,4.86,7.72,-3.26,4.28,5.13,2.77,-1.48,6.16,0.30,2.63,-0.16,2.03,-1.75,9.23,-0.72,3.44,-0.82,7.86
BalanceReckoning,,46000,43000,56000,5000,,60000,31000,31000,31000,5524000,,,,,504000,450000,450000,,,,,,,,816000,,2049000,713000,1110000
BalanceReckoning_yy,,,,,,-100.00,39.53,-44.93,520.00,,9106.67,-100.00,-100.00,-100.00,-100.00,,,,,-100.00,-100.00,-100.00,,,,,,,,36.03
BalanceReckoning_sy,,,,,,0.93,33.70,11.72,30.48,,20.86,-6.94,,3.25,-0.55,,,,,16.85,-29.09,0.37,,,,,,,,2.78
BalanceReckoning_qq,,,-6.52,30.91,-91.12,-100.00,,-48.33,,,17719.35,-100.00,,,,,-10.71,,-100.00,,,,,,,,-100.00,,-65.20,55.68
BalanceReckoning_sq,,,-100.00,-22.78,-9.57,2.01,,7.45,,,,-9.86,,,,,0.41,,-10.78,,,,,,,,-1.89,,-0.36,4.68
BalanceTotalEquityAndLiabilities,30637000,63661000,69984000,157736000,176508000,0,201153000,189123000,197206000,285030000,327661000,365572000,374197000,390526000,403758000,453777000,504940000,521103000,593816000,581525000,617428000,645599000,638303000,680794000,703251000,685614000,694269000,744836000,721220000,822757000
BalanceTotalEquityAndLiabilities_yy,,,,,476.13,-100.00,187.43,19.90,11.73,,62.89,93.30,89.75,37.01,23.22,24.13,34.94,33.44,47.07,28.15,22.28,23.89,7.49,17.07,13.90,6.20,8.77,9.41,2.56,20.00
BalanceTotalEquityAndLiabilities_sy,,,,,11.62,5.88,11.68,5.74,11.01,,3.24,10.67,6.16,8.82,9.16,8.61,8.32,8.47,10.56,6.99,7.68,7.19,4.97,7.77,7.37,2.92,6.59,7.08,9.93,11.96
BalanceTotalEquityAndLiabilities_qq,,107.79,9.93,125.39,11.90,-100.00,,-5.98,4.27,44.53,14.96,11.57,2.36,4.36,3.39,12.39,11.27,3.20,13.95,-2.07,6.17,4.56,-1.13,6.66,3.30,-2.51,1.26,7.28,-3.17,14.08
BalanceTotalEquityAndLiabilities_sq,,5.55,-100.00,11.65,1.59,0.46,,0.44,0.08,1.18,-0.16,2.06,0.46,2.74,1.51,0.09,2.54,1.41,0.40,1.04,0.55,3.07,0.48,2.01,0.82,-0.08,1.95,3.53,0.54,0.06
CashflowOperatingCashflow,,1226000,-1785000,-2264000,-3687000,1145000,6889000,-3948000,4672000,-2128000,5039000,4159000,-1878000,8562000,6681000,16308000,-20927000,-104000,3488000,1336000,-15174000,11897000,13909000,5384000,2431000,-8116000,-2202000,258000,7944000,7310000
CashflowOperatingCashflow_yy,,,,,,-6.61,485.94,-74.37,226.72,-285.85,-26.85,205.34,-140.20,502.35,32.59,292.11,-1014.32,-101.21,-47.79,-91.81,27.49,11539.42,298.77,302.99,116.02,-168.22,-115.83,-95.21,226.78,190.07
CashflowOperatingCashflow_sy,,,,,,25.29,7.01,-12.48,24.83,-3.20,-27.32,17.03,62.76,3.55,34.25,5.70,13.20,36.05,17.68,-25.83,-1.96,-17.95,9.45,41.33,32.71,21.22,-16.07,-40.52,-17.79,0.11
CashflowOperatingCashflow_qq,,,-245.60,-26.84,-62.84,131.06,501.66,-157.31,218.34,-145.55,336.80,-17.46,-145.16,555.91,-21.97,144.10,-228.32,99.50,3453.85,-61.70,-1235.78,178.40,16.91,-61.29,-54.85,-433.85,72.87,111.72,2979.07,-7.98
CashflowOperatingCashflow_sq,,,44.80,113.36,-71.84,-18.71,9.24,60.12,-70.85,-12.84,38.28,47.86,-34.73,-28.69,27.81,71.44,-55.78,3.34,-0.76,20.72,-4.27,21.40,23.64,86.27,-47.40,-5.55,-19.73,29.12,-15.36,-12.02
CashflowAmortization,,773000,407000,478000,358000,731000,617000,495000,582000,578000,804000,936000,922000,1433000,1888000,2082000,2228000,2536000,2932000,433000,2344000,2108000,2210000,2389000,2165000,2184000,2367000,2811000,2314000,2976000
CashflowAmortization_yy,,,,,,-5.43,51.60,3.62,62.57,-20.93,30.31,89.09,58.42,147.92,134.83,122.44,141.65,76.97,55.30,-79.20,5.21,-16.88,-24.62,451.73,-7.64,3.61,7.10,17.66,6.88,36.26
CashflowAmortization_sy,,,,,,14.73,12.64,13.37,12.46,3.09,0.69,1.92,-1.46,1.75,6.69,9.38,12.75,12.88,10.43,0.41,11.04,8.15,10.24,3.32,1.41,2.87,0.77,5.65,10.77,11.26
CashflowAmortization_qq,,,-47.35,17.37,-25.06,104.19,-15.60,-19.77,17.58,-0.69,39.10,16.42,-1.50,55.42,31.75,10.28,7.01,13.82,15.62,-85.23,441.34,-10.07,4.84,8.10,-9.38,0.88,8.38,18.76,-17.68,28.61
CashflowAmortization_sq,,,1.97,-0.65,2.08,0.99,2.11,0.34,2.44,-0.20,0.51,1.24,-1.15,0.38,0.80,4.61,0.74,1.55,3.62,3.60,0.34,2.04,1.42,,-0.02,1.12,0.83,1.46,,0.21
CashflowInvestingCashflow,,-299000,379000,-1378000,-325000,-1638000,-386000,-14550000,-1804000,-19082000,3484000,-14594000,-3629000,-15141000,-1647000,-9450000,-31341000,744000,-3367000,-5494000,-36969000,6756000,-12527000,-54232000,-9677000,-25850000,-21973000,-6201000,-2022000,9884000
CashflowInvestingCashflow_yy,,,,,,-447.83,-201.85,-955.97,-455.08,-1064.96,1002.59,-0.30,-101.16,20.65,-147.27,35.25,-763.63,104.91,-104.43,41.86,-17.96,808.06,-272.05,-887.11,73.82,-482.62,-75.41,88.57,79.11,138.24
CashflowInvestingCashflow_sy,,,,,,48.94,14.03,62.32,14.08,-17.86,66.34,17.26,-44.39,21.59,-21.06,-19.14,52.36,-83.13,-104.43,42.04,-80.88,-31.29,9.54,-17.85,14.86,34.08,-73.64,6.98,27.03,-27.92
CashflowInvestingCashflow_qq,,,226.76,-463.56,76.41,-404.00,76.43,-3669.43,87.60,-957.76,118.26,-518.89,75.13,-317.22,89.12,-473.77,-231.65,102.37,-552.55,-63.17,-572.90,118.27,-285.42,-332.92,82.16,-167.13,15.00,71.78,67.39,588.82
CashflowInvestingCashflow_sq,,,36.38,-36.67,41.98,-25.68,-55.41,38.28,-19.67,40.29,25.51,-9.50,23.70,54.39,13.27,-76.88,49.03,-27.09,-49.78,-16.99,-7.41,2.85,15.25,21.28,-17.72,-26.40,-16.05,-9.36,36.05,-6.84
CashflowCapex,,335000,32000,1404000,465000,1582000,213000,-513000,377000,406000,4485000,15533000,2966000,2275000,1883000,9400000,1326000,794000,2423000,1054000,5955000,-4868000,3044000,7406000,1761000,2791000,6588000,12280000,1975000,2876000
CashflowCapex_yy,,,,,,372.24,565.62,-136.54,-18.92,-74.34,2005.63,3127.88,686.74,460.34,-58.02,-39.48,-55.29,-65.10,28.68,-88.79,349.10,-713.10,25.63,602.66,-70.43,157.33,116.43,65.81,12.15,3.05
CashflowCapex_sy,,,,,,-46.64,-53.94,-28.86,-18.92,-4.74,-48.19,-26.79,43.89,40.42,78.34,-7.90,-1.83,18.52,28.68,-8.87,28.10,-6.18,17.64,26.49,-6.07,-52.08,14.47,-6.02,27.56,30.28
CashflowCapex_qq,,,-90.45,4286.91,-66.88,240.22,-86.54,-340.85,173.49,7.69,1004.68,246.33,-80.91,-23.30,-17.23,399.20,-85.89,-40.12,205.16,-56.50,464.99,-181.75,162.53,143.30,-76.22,58.49,136.04,86.40,-83.92,45.62
CashflowCapex_sq,,,-8.11,8.72,-52.90,20.97,14.31,50.67,-37.78,6.68,-37.40,52.88,-20.98,-20.04,-20.54,54.03,-37.33,16.52,37.67,29.06,-18.35,25.75,14.43,15.33,-19.40,-1.44,30.74,29.46,-24.88,-15.02
CashflowFinancingCashflow,,936000,328000,4619000,3696000,1562000,-4694000,18099000,1384000,41348000,-1748000,-4440000,45488000,-4480000,-2230000,44207000,12774000,2891000,50703000,-16127000,79635000,-16468000,-17690000,19672000,13684000,3283000,1084000,8107000,-19718000,10334000
CashflowFinancingCashflow_yy,,,,,,66.88,-1531.10,291.88,-62.55,2547.12,62.76,-124.53,3186.71,-110.83,-27.57,1095.65,-71.92,164.53,2373.68,-136.48,523.41,-669.63,-134.89,221.98,-82.82,119.94,106.13,-58.79,-244.10,214.77
CashflowFinancingCashflow_sy,,,,,,-17.86,-2.46,-1.58,-20.72,-9.10,-10.18,-1.26,-8.04,6.38,13.35,-47.50,15.96,13.03,25.25,-51.57,51.02,15.74,-66.19,-5.02,-9.12,-90.01,78.09,-12.66,1.70,23.12
CashflowFinancingCashflow_qq,,,-64.96,1308.10,-19.98,-57.74,-400.51,485.58,-92.35,2887.57,-104.23,-154.00,1124.50,-109.85,50.22,2082.38,-71.10,-77.37,1653.82,-131.81,593.80,-120.68,-7.42,211.20,-30.44,-76.01,-66.98,647.88,-343.22,152.41
CashflowFinancingCashflow_sq,,,-71.86,18.26,-33.21,59.79,-50.47,9.10,27.18,41.40,-98.67,63.77,-5.70,-36.31,-71.43,14.22,26.19,-14.43,-21.68,-15.73,54.15,-1.18,-13.02,25.24,30.83,-55.53,58.58,-15.72,-8.55,8.37
CashflowShareCapitalCash,,,,974000,,10660000,14204000,-3814000,4017000,28046000,-1200000,1210000,60353000,10000,0,1000,1796000,3000,54004000,79000,,,,54000,,,,,,
CashflowShareCapitalCash_yy,,,,,,,,-491.45,,163.10,-108.45,131.73,1402.44,-99.96,100.00,-99.92,-97.02,-70.00,,7800.00,-100.00,-100.00,-100.00,-31.65,,,,-100.00,,
CashflowShareCapitalCash_sy,,,,,,,,-100.00,,100.00,-100.00,-50.00,-100.00,-99.98,66.58,-100.00,-97.02,-85.00,,-100.00,-95.75,-100.00,-100.00,-100.00,,,,-100.00,,
CashflowShareCapitalCash_qq,,,,,-100.00,,33.25,-126.85,205.32,598.18,-104.28,200.83,4887.85,-99.98,-100.00,,179500.00,-99.83,1800033.40,-99.85,-100.00,,,,-100.00,,,,,
CashflowShareCapitalCash_sq,,,,,-100.00,,33.25,-100.00,-100.00,-63.53,-100.00,29.67,-100.00,100.00,-100.31,,-100.00,-99.83,-100.00,-100.00,-100.00,,,,-100.00,,,,,
CashflowDividend,,,,,,,,,,,,,,,,,,,,,,22000,0,553000,,277000,,1465000,101000,255000
CashflowDividend_yy,,,,,,,,,,,,,,,,,,,,,,,,,,1159.09,,164.92,,-7.94
CashflowDividend_sy,,,,,,,,,,,,,,,,,,,,,,,,,,174.98,,-38.62,,-7.94
CashflowDividend_qq,,,,,,,,,,,,,,,,,,,,,,,-100.00,,-100.00,,-100.00,,-93.11,152.48
CashflowDividend_sq,,,,,,,,,,,,,,,,,,,,,,,-100.00,,-100.00,,-100.00,,-100.00,281.24
CashflowNetCashflow,,1863000,-1078000,976000,-316000,1069000,1809000,-399000,4252000,20138000,6775000,-14875000,39981000,-11059000,2804000,51065000,-39494000,3531000,50824000,-20285000,27492000,2185000,-16308000,-29176000,6438000,-30683000,-23091000,2164000,-13796000,27528000
CashflowNetCashflow_yy,,,,,,-42.62,267.81,-140.88,1445.57,1783.82,274.52,-3628.07,840.29,-154.92,-58.61,443.29,-198.78,131.93,1712.55,-139.72,169.61,-38.12,-132.09,-43.83,-76.58,-1504.26,-41.59,107.42,-314.29,189.72
CashflowNetCashflow_sy,,,,,,24.31,59.08,-23.29,86.25,23.37,22.62,126.33,-22.23,-41.78,56.16,-25.21,86.72,-27.30,-16.13,16.21,-76.69,17.61,50.00,48.55,63.66,-29.88,-7.18,66.23,-31.94,-2.04
CashflowNetCashflow_qq,,,-157.86,190.54,-132.38,438.29,69.22,-122.06,1165.66,373.61,-66.36,-319.56,368.78,-127.66,125.35,1721.15,-177.34,108.94,1339.37,-139.91,235.53,-92.05,-846.36,-78.91,122.07,-576.59,24.74,109.37,-737.52,299.54
CashflowNetCashflow_sq,,,-8.78,127.13,-106.98,75.33,-36.49,43.61,-46.56,81.32,-37.38,143.37,-76.67,37.17,-55.58,100.00,4.18,-63.13,7.33,25.90,23.18,54.94,37.29,77.91,-80.20,25.54,50.67,110.95,-104.50,-0.61
