,2010/Q1,2010/Q2,2010/Q3,2010/Q4,2011/Q1,2011/Q2,2011/Q3,2011/Q4,2012/Q1,2012/Q2,2012/Q3,2012/Q4,2013/Q1,2013/Q2,2013/Q3,2013/Q4,2014/Q1,2014/Q2,2014/Q3,2014/Q4,2015/Q1,2015/Q2,2015/Q3,2015/Q4,2016/Q1,2016/Q2,2016/Q3,2016/Q4,2017/Q1,2017/Q2,2017/Q3,2017/Q4,2018/Q1,2018/Q2
IncomeRevenues,4497000,4849000,4665000,10007000,7320000,8005000,8372000,11124000,8517000,9629000,10499000,16907000,12066000,11100000,11268000,14845000,12114000,14074000,14509000,21121000,20601000,24134000,21577000,24975000,23181000,23619000,19375000,22408000,23421000,19123000,25216000,30532000,22860000,23622000
IncomeRevenues_yy,,,,,62.78,65.09,79.46,11.16,16.35,20.29,25.41,51.99,41.67,15.28,7.32,-12.20,0.40,26.79,28.76,42.28,70.06,71.48,48.71,18.25,12.52,-2.13,-10.21,-10.28,1.04,-19.04,30.15,36.25,-2.40,23.53
IncomeRevenues_sy,,,,,6.14,13.96,14.37,9.16,13.89,10.85,3.12,9.90,4.68,9.87,8.11,14.70,10.97,14.47,16.92,7.31,8.46,7.60,8.43,8.35,12.46,10.94,9.72,7.20,12.39,11.06,12.57,13.14,7.74,14.42
IncomeRevenues_qq,,7.83,-3.79,114.51,-26.85,9.36,4.58,32.87,-23.44,13.06,9.04,61.03,-28.63,-8.01,1.51,31.74,-18.40,16.18,3.09,45.57,-2.46,17.15,-10.60,15.75,-7.18,1.89,-17.97,15.65,4.52,-18.35,31.86,21.08,-25.13,3.33
IncomeRevenues_sq,,7.83,0.15,5.94,-13.58,7.40,4.58,5.29,-7.22,5.74,-0.74,3.95,-14.07,12.16,2.66,10.72,-5.10,9.18,3.00,5.59,-7.96,12.18,-0.32,7.94,-6.38,7.48,0.24,5.31,-1.71,4.43,2.23,6.21,-1.39,4.50
IncomeCostOfSales,1915000,2638000,805000,6842000,3463000,4086000,4207000,5998000,4786000,6610000,6928000,9994000,7900000,7660000,7126000,7608000,7765000,9350000,9178000,10353000,12397000,14856000,13424000,15255000,14002000,15289000,12287000,11282000,12736000,13532000,15508000,20428000,17361000,17347000
IncomeCostOfSales_yy,,,,,80.84,54.89,422.61,-12.34,38.20,61.77,64.68,66.62,65.06,15.89,2.86,-23.87,-1.71,22.06,28.80,36.08,59.65,58.89,46.26,47.35,12.95,2.91,-8.47,-26.04,-9.04,-11.49,26.21,81.07,36.31,28.19
IncomeCostOfSales_sy,,,,,4.68,-2.33,18.08,3.80,20.58,18.66,-5.50,-1.40,2.31,4.74,3.30,3.08,6.28,12.98,12.67,6.69,9.95,8.54,7.58,6.72,10.16,2.30,9.02,-5.88,24.50,6.83,22.45,24.04,7.06,23.18
IncomeCostOfSales_qq,,37.75,-69.48,749.94,-49.39,17.99,2.96,42.57,-20.21,38.11,4.81,44.26,-20.95,-3.04,-6.97,6.76,2.06,20.41,-1.84,12.80,19.74,19.84,-9.64,13.64,-8.21,9.19,-19.64,-8.18,12.89,6.25,14.60,31.73,-15.01,-0.08
IncomeCostOfSales_sq,,21.37,-9.14,11.05,-12.17,5.62,6.01,1.96,-4.29,11.20,-2.30,7.06,-12.56,4.54,,8.28,-4.89,12.79,1.42,3.43,-9.14,12.36,-0.44,2.34,-8.21,9.19,-5.61,,6.31,4.96,4.18,1.47,-2.64,2.09
IncomeDistributionExpenses,48000,66000,101000,352000,185000,268000,84000,318000,28000,40000,125000,81000,31000,34000,23000,23000,16000,9000,12000,6000,,,,,,,,1970000,1660000,1893000,1003000,1509000,1094000,1107000
IncomeDistributionExpenses_yy,,,,,285.42,306.06,-16.83,-9.66,-84.86,-85.07,48.81,-74.53,10.71,-15.00,-81.60,-71.60,-48.39,-73.53,-47.83,-73.91,-100.00,-100.00,-100.00,-100.00,,,,,,,,-23.40,-34.10,-41.52
IncomeDistributionExpenses_sy,,,,,13.94,5.03,11.18,17.48,17.50,9.87,-4.76,-34.71,-11.60,-11.91,3.44,-3.02,-2.34,-18.11,-10.13,-7.39,4.88,24.75,5.43,12.92,,,,,,,,10.30,-5.88,
IncomeDistributionExpenses_qq,,37.50,53.03,248.51,-47.44,44.86,-68.66,278.57,-91.19,42.86,212.50,-35.20,-61.73,9.68,-32.35,,-30.43,-43.75,33.33,-50.00,-100.00,,,,,,,,-15.74,14.04,-47.02,50.45,-27.50,1.19
IncomeDistributionExpenses_sq,,13.93,-7.04,36.18,-1.91,31.47,-6.87,20.46,-19.74,17.81,-10.65,-1.44,-14.48,4.57,-12.94,,0.51,0.14,6.47,-4.24,-5.90,,,,,,,,1.11,14.04,-8.39,1.46,-2.07,18.18
IncomeAdministrativExpenses,738000,1016000,963000,830000,1228000,2187000,1697000,1390000,1905000,1376000,1439000,3218000,1952000,2104000,1756000,1935000,1670000,1654000,1582000,1954000,1506000,1832000,1480000,2297000,1612000,2291000,2160000,2321000,1823000,1979000,1847000,1927000,1455000,1377000
IncomeAdministrativExpenses_yy,,,,,66.40,115.26,76.22,67.47,55.13,-37.08,-15.20,131.51,2.47,52.91,22.03,-39.87,-14.45,-21.39,-9.91,0.98,-9.82,10.76,-6.45,17.55,7.04,25.05,45.95,1.04,13.09,-13.62,-14.49,-16.98,-20.19,-30.42
IncomeAdministrativExpenses_sy,,,,,17.32,9.79,17.17,10.27,6.69,8.48,-0.28,-4.19,3.66,3.65,8.22,-4.37,1.24,5.68,2.44,0.98,3.94,5.84,0.87,12.04,11.39,18.61,9.22,13.75,2.52,8.10,2.78,-5.63,10.40,6.14
IncomeAdministrativExpenses_qq,,37.67,-5.22,-13.81,47.95,78.09,-22.41,-18.09,37.05,-27.77,4.58,123.63,-39.34,7.79,-16.54,10.19,-13.70,-0.96,-4.35,23.51,-22.93,21.65,-19.21,55.20,-29.82,42.12,-5.72,7.45,-21.46,8.56,-6.67,4.33,-24.49,-5.36
IncomeAdministrativExpenses_sq,,18.76,-8.71,31.28,-6.88,3.08,-6.42,34.44,-21.66,5.50,-3.75,32.95,-17.24,10.18,-2.96,15.24,-12.64,7.93,0.82,13.01,-15.38,2.15,6.45,15.81,-7.08,3.60,0.98,14.29,-13.90,10.30,-3.22,12.75,-17.22,9.46
IncomeGrossProfit,1796000,1129000,2796000,1983000,2444000,1464000,2384000,3418000,1798000,1603000,2008000,3613000,2183000,1302000,2363000,5279000,2663000,3061000,3737000,8808000,6698000,7446000,6673000,7423000,7567000,6039000,4928000,6835000,7202000,1719000,6858000,6668000,2950000,3791000
IncomeGrossProfit_yy,,,,,36.08,29.67,-14.74,72.37,-26.43,9.49,-15.77,5.71,21.41,-18.78,17.68,46.11,21.99,135.10,58.15,66.85,151.52,143.25,78.57,-15.72,12.97,-18.90,-26.15,-7.92,-4.82,-71.54,39.16,-2.44,-59.04,120.54
IncomeGrossProfit_sy,,,,,-21.40,31.43,10.63,52.20,21.25,-14.25,-15.59,-35.32,-4.25,13.30,15.00,45.52,56.85,6.06,29.68,42.25,36.97,46.18,9.65,-15.76,-29.56,-13.08,-9.79,5.09,3.05,-5.43,5.66,-11.86,-8.32,19.41
IncomeGrossProfit_qq,,-37.14,147.65,-29.08,23.25,-40.10,62.84,43.37,-47.40,-10.85,25.27,79.93,-39.58,-40.36,81.49,123.40,-49.55,14.95,22.08,135.70,-23.96,11.17,-10.38,11.24,1.94,-20.19,-18.40,38.70,5.37,-76.13,298.95,-2.77,-55.76,28.51
IncomeGrossProfit_sq,,-6.86,56.37,-36.04,-0.80,8.40,26.21,19.73,-46.32,-37.22,40.19,-16.21,-36.51,33.70,17.53,-9.35,-5.56,12.14,20.96,3.02,3.32,0.72,1.82,-22.23,-5.48,-8.16,-6.93,5.79,13.53,-25.14,31.12,-28.36,12.68,3.02
IncomeOtherOperatingIncome,0,97000,24000,295000,31000,28000,9000,351000,288000,312000,760000,-648000,-26000,287000,29000,1642000,282000,297000,445000,408000,347000,312000,412000,688000,547000,495000,1212000,685000,491000,703000,-11000,854000,1276000,2871000
IncomeOtherOperatingIncome_yy,,,,,,-71.13,-62.50,18.98,829.03,1014.29,8344.44,-284.62,-109.03,-8.01,-96.18,353.40,1184.62,3.48,1434.48,-75.15,23.05,5.05,-7.42,68.63,57.64,58.65,194.17,-0.44,-10.24,42.02,-100.91,24.67,159.88,308.39
IncomeOtherOperatingIncome_sy,,,,,,-6.10,18.99,-40.06,27.70,-32.78,-22.80,9.68,36.50,51.21,52.45,86.66,19.87,7.07,-20.08,-14.17,-18.78,-24.76,31.06,1.88,9.17,23.76,-4.70,23.89,-7.29,5.68,34.69,16.38,17.06,17.71
IncomeOtherOperatingIncome_qq,,,-75.26,1129.17,-89.49,-9.68,-67.86,3800.00,-17.95,8.33,143.59,-185.26,95.99,1203.85,-89.90,5562.07,-82.83,5.32,49.83,-8.31,-14.95,-10.09,32.05,66.99,-20.49,-9.51,144.85,-43.48,-28.32,43.18,-101.56,7863.64,49.41,125.00
IncomeOtherOperatingIncome_sq,,,-40.00,104.82,-76.91,43.75,-4.96,7.45,-16.80,-10.22,18.53,29.58,6.46,2.25,8.08,25.67,-23.98,-0.62,-15.66,15.74,-29.68,-1.84,-27.50,52.14,-5.62,-1.74,4.00,38.33,-35.95,14.42,10.94,44.64,-26.84,-7.14
IncomeOtherOperatingCosts,298000,37000,32000,289000,147000,190000,33000,479000,239000,83000,29000,,,,,1734000,424000,500000,428000,1067000,918000,627000,1256000,825000,943000,639000,476000,625000,538000,614000,807000,1597000,751000,925000
IncomeOtherOperatingCosts_yy,,,,,-50.67,413.51,3.12,65.74,62.59,-56.32,-12.12,-100.00,-100.00,-100.00,-100.00,,,,,-38.47,116.51,25.40,193.46,-22.68,2.72,1.91,-62.10,-24.24,-42.95,-3.91,69.54,155.52,39.59,50.65
IncomeOtherOperatingCosts_sy,,,,,200.00,17.93,66.60,-9.84,3.83,-28.44,-50.00,12.90,45.59,1.99,11.78,,,,,-1.84,-37.15,-16.62,-0.94,-9.79,13.86,14.00,-20.51,-10.23,-8.68,-25.34,-8.69,36.41,-1.23,73.20
IncomeOtherOperatingCosts_qq,,-87.58,-13.51,803.12,-49.13,29.25,-82.63,1351.52,-50.10,-65.27,-65.06,-100.00,,,,,-75.55,17.92,-14.40,149.30,-13.96,-31.70,100.32,-34.32,14.30,-32.24,-25.51,31.30,-13.92,14.13,31.43,97.89,-52.97,23.17
IncomeOtherOperatingCosts_sq,,48.69,-27.69,211.83,-67.61,29.25,-28.03,175.00,-60.12,10.15,-2.56,125.07,,,,,-59.72,11.60,-19.17,124.20,-72.53,20.27,-18.58,216.38,-63.22,8.33,-28.86,97.78,-41.67,16.04,-13.80,83.08,-55.93,59.87
IncomeEBIT,1498000,1189000,2788000,1989000,2328000,1302000,2360000,3290000,1847000,1832000,2739000,3316000,2157000,1589000,2392000,5187000,2521000,2858000,3754000,8149000,6127000,7131000,5829000,7286000,7171000,5895000,5664000,6895000,7155000,1808000,6040000,5925000,3475000,5737000
IncomeEBIT_yy,,,,,55.41,9.50,-15.35,65.41,-20.66,40.71,16.06,0.79,16.78,-13.26,-12.67,56.42,16.88,79.86,56.94,57.10,143.04,149.51,55.27,-10.59,17.04,-17.33,-2.83,-5.37,-0.22,-69.33,6.64,-14.07,-51.43,217.31
IncomeEBIT_sy,,,,,-24.50,65.87,10.94,46.31,3.45,-23.98,5.62,-39.60,14.29,4.23,11.81,56.42,41.64,34.54,35.89,26.31,33.95,13.31,8.65,-8.92,-22.11,-7.34,-5.67,14.00,9.49,-26.94,4.92,-19.90,-3.94,23.19
IncomeEBIT_qq,,-20.63,134.48,-28.66,17.04,-44.07,81.26,39.41,-43.86,-0.81,49.51,21.07,-34.95,-26.33,50.53,116.85,-51.40,13.37,31.35,117.08,-24.81,16.39,-18.26,25.00,-1.58,-17.79,-3.92,21.73,3.77,-74.73,234.07,-1.90,-41.35,65.09
IncomeEBIT_sq,,-3.26,81.49,-25.58,-6.14,40.13,26.02,-3.54,-35.45,-32.85,39.95,-31.26,-7.47,7.46,31.56,-6.95,-24.68,26.60,13.44,-33.68,5.71,8.34,-0.72,-10.97,-1.58,2.32,-4.89,12.88,0.74,-19.68,20.68,-27.08,24.58,-2.22
IncomeFinanceIncome,7000,142000,83000,98000,115000,247000,147000,197000,202000,169000,,,0,,,,3000,,9000,27000,1000,,,,,67000,0,0,,,,,,
IncomeFinanceIncome_yy,,,,,1542.86,73.94,77.11,101.02,75.65,-31.58,-100.00,-100.00,-100.00,-100.00,,,,,,,-66.67,,-100.00,-100.00,-100.00,,,,,-100.00,,,,
IncomeFinanceIncome_sy,,,,,38.80,-6.82,77.11,101.02,59.72,-7.39,22.72,-50.69,55.56,25.45,,,,,,,-1.92,,-34.72,-36.41,-31.40,,,,,-9.52,,,,
IncomeFinanceIncome_qq,,1928.57,-41.55,18.07,17.35,114.78,-40.49,34.01,2.54,-16.34,-100.00,,,,,,,-100.00,,200.00,-96.30,-100.00,,,,,-100.00,,,,,,,
IncomeFinanceIncome_sq,,78.57,-10.53,100.00,19.52,18.57,7.10,17.27,-29.47,-4.55,1.43,,,,,,,-1.25,,117.92,-15.70,-27.87,,,,,-35.29,,,,,,,
IncomeFinanceCosts,11000,18000,11000,13000,8000,21000,15000,95000,24000,55000,67000,117000,5000,79000,30000,51000,95000,37000,81000,324000,65000,61000,50000,68000,86000,137000,184000,183000,185000,806000,918000,1005000,961000,938000
IncomeFinanceCosts_yy,,,,,-27.27,16.67,36.36,630.77,200.00,161.90,346.67,23.16,-79.17,43.64,-55.22,-56.41,1800.00,-53.16,170.00,535.29,-31.58,64.86,-38.27,-79.01,32.31,124.59,268.00,169.12,115.12,488.32,398.91,449.18,419.46,16.38
IncomeFinanceCosts_sy,,,,,-6.07,26.94,37.32,34.26,45.75,17.89,85.69,-16.84,-4.16,-0.53,-26.85,-1.14,-12.66,22.17,30.90,24.32,1.59,-12.22,-11.48,-7.74,8.22,23.81,7.96,-1.64,14.00,1.30,3.21,25.70,-1.28,21.34
IncomeFinanceCosts_qq,,63.64,-38.89,18.18,-38.46,162.50,-28.57,533.33,-74.74,129.17,21.82,74.63,-95.73,1480.00,-62.03,70.00,86.27,-61.05,118.92,300.00,-79.94,-6.15,-18.03,36.00,26.47,59.30,34.31,-0.54,1.09,335.68,13.90,9.48,-4.38,-2.39
IncomeFinanceCosts_sq,,6.84,26.40,8.54,-11.97,38.16,-8.65,26.56,-2.43,5.00,1.66,-26.68,-10.57,-8.50,-12.04,19.20,-13.32,7.07,6.33,11.29,-25.46,-5.10,-2.13,21.20,-11.61,27.22,-12.04,7.36,-0.98,0.79,0.79,20.66,-9.06,31.18
IncomeOtherIncome,,,,,,,,,,,,,,,,,,,,,,,,,,,,,,,,,,
IncomeOtherIncome_yy,,,,,,,,,,,,,,,,,,,,,,,,,,,,,,,,,,
IncomeOtherIncome_sy,,,,,,,,,,,,,,,,,,,,,,,,,,,,,,,,,,
IncomeOtherIncome_qq,,,,,,,,,,,,,,,,,,,,,,,,,,,,,,,,,,
IncomeOtherIncome_sq,,,,,,,,,,,,,,,,,,,,,,,,,,,,,,,,,,
IncomeNetGrossProfit,1494000,1313000,2860000,2074000,2435000,1528000,2492000,3392000,2025000,1946000,2301000,3199000,2152000,1510000,2362000,5136000,2429000,2818000,3682000,7852000,6063000,7069000,5779000,7218000,7085000,5825000,5480000,6712000,6970000,1002000,5122000,4920000,2514000,4799000
IncomeNetGrossProfit_yy,,,,,62.99,16.37,-12.87,63.55,-16.84,27.36,-7.66,-5.69,6.27,-22.40,2.65,60.55,12.87,86.62,55.88,52.88,149.61,150.85,56.95,-8.07,16.86,-17.60,-5.17,-7.01,-1.62,-82.80,-6.53,-26.70,-63.93,378.94
IncomeNetGrossProfit_sy,,,,,-19.89,49.06,0.28,58.24,14.63,-37.72,-8.21,-53.22,6.27,48.76,23.68,39.90,67.90,22.88,29.31,17.80,34.35,5.80,23.36,-10.40,-27.16,-4.45,-5.36,9.40,18.59,-32.16,2.96,-26.39,-1.28,22.01
IncomeNetGrossProfit_qq,,-12.12,117.82,-27.48,17.41,-37.25,63.09,36.12,-40.30,-3.90,18.24,39.03,-32.73,-29.83,56.42,117.44,-52.71,16.01,30.66,113.25,-22.78,16.59,-18.25,24.90,-1.84,-17.78,-5.92,22.48,3.84,-85.62,411.18,-3.94,-48.90,90.89
IncomeNetGrossProfit_sq,,6.64,59.01,-25.39,-22.92,47.77,19.47,24.95,-40.30,-28.76,35.95,-58.34,-20.48,6.42,38.07,-18.54,-9.79,24.98,16.24,-47.98,13.78,11.32,1.14,-4.34,-1.84,18.51,-16.47,6.91,-2.61,-30.04,37.48,-21.98,7.38,-6.86
IncomeExtraordinarProfit,,,,,,,,,,,,,,,,,,,,,,,,,,,,,,,,,,
IncomeExtraordinarProfit_yy,,,,,,,,,,,,,,,,,,,,,,,,,,,,,,,,,,
IncomeExtraordinarProfit_sy,,,,,,,,,,,,,,,,,,,,,,,,,,,,,,,,,,
IncomeExtraordinarProfit_qq,,,,,,,,,,,,,,,,,,,,,,,,,,,,,,,,,,
IncomeExtraordinarProfit_sq,,,,,,,,,,,,,,,,,,,,,,,,,,,,,,,,,,
IncomeBeforeTaxProfit,1494000,1313000,2860000,2074000,2435000,1528000,2492000,3392000,2025000,1946000,2301000,3199000,2152000,1510000,2362000,5136000,2429000,2818000,3682000,7852000,6063000,7069000,5779000,7218000,7085000,5825000,5480000,6712000,6970000,1002000,5122000,4920000,2514000,4799000
IncomeBeforeTaxProfit_yy,,,,,62.99,16.37,-12.87,63.55,-16.84,27.36,-7.66,-5.69,6.27,-22.40,2.65,60.55,12.87,86.62,55.88,52.88,149.61,150.85,56.95,-8.07,16.86,-17.60,-5.17,-7.01,-1.62,-82.80,-6.53,-26.70,-63.93,378.94
IncomeBeforeTaxProfit_sy,,,,,-19.89,49.06,0.28,58.24,14.63,-37.72,-8.21,-53.22,6.27,48.76,23.68,39.90,67.90,22.88,29.31,17.80,34.35,5.80,23.36,-10.40,-27.16,-4.45,-5.36,9.40,18.59,-32.16,2.96,-26.39,-1.28,22.01
IncomeBeforeTaxProfit_qq,,-12.12,117.82,-27.48,17.41,-37.25,63.09,36.12,-40.30,-3.90,18.24,39.03,-32.73,-29.83,56.42,117.44,-52.71,16.01,30.66,113.25,-22.78,16.59,-18.25,24.90,-1.84,-17.78,-5.92,22.48,3.84,-85.62,411.18,-3.94,-48.90,90.89
IncomeBeforeTaxProfit_sq,,6.64,59.01,-25.39,-22.92,47.77,19.47,24.95,-40.30,-28.76,35.95,-58.34,-20.48,6.42,38.07,-18.54,-9.79,24.98,16.24,-47.98,13.78,11.32,1.14,-4.34,-1.84,18.51,-16.47,6.91,-2.61,-30.04,37.48,-21.98,7.38,-6.86
IncomeDiscontinuedProfit,,,,,,,,,,,,,,,,,,,,,,,,,,,,,,,,,,
IncomeDiscontinuedProfit_yy,,,,,,,,,,,,,,,,,,,,,,,,,,,,,,,,,,
IncomeDiscontinuedProfit_sy,,,,,,,,,,,,,,,,,,,,,,,,,,,,,,,,,,
IncomeDiscontinuedProfit_qq,,,,,,,,,,,,,,,,,,,,,,,,,,,,,,,,,,
IncomeDiscontinuedProfit_sq,,,,,,,,,,,,,,,,,,,,,,,,,,,,,,,,,,
IncomeNetProfit,1268000,1064000,2329000,1477000,1926000,1154000,1953000,2632000,1617000,5014000,1769000,2750000,1654000,1661000,2219000,4710000,2320000,2570000,3261000,7094000,5201000,6488000,4774000,6154000,6061000,10367000,5061000,6167000,4489000,620000,4757000,4359000,2018000,3109000
IncomeNetProfit_yy,,,,,51.89,8.46,-16.14,78.20,-16.04,334.49,-9.42,4.48,2.29,-66.87,25.44,71.27,40.27,54.73,46.96,50.62,124.18,152.45,46.40,-13.25,16.54,59.79,6.01,0.21,-25.94,-94.02,-6.01,-29.32,-55.05,401.45
IncomeNetProfit_sy,,,,,-28.31,48.82,-6.47,50.38,23.45,-40.77,-9.86,-61.44,10.72,74.42,22.90,32.46,56.00,37.79,34.75,8.14,41.94,1.61,29.53,-14.87,-15.21,4.69,-17.38,0.21,19.91,-39.89,13.49,-11.55,-9.96,51.70
IncomeNetProfit_qq,,-16.09,118.89,-36.58,30.40,-40.08,69.24,34.77,-38.56,210.08,-64.72,55.46,-39.85,0.42,33.59,112.26,-50.74,10.78,26.89,117.54,-26.68,24.75,-26.42,28.91,-1.51,71.04,-51.18,21.85,-27.21,-86.19,667.26,-8.37,-53.70,54.06
IncomeNetProfit_sq,,-32.18,42.29,-16.43,-25.49,79.08,-0.09,15.63,-48.21,-11.58,33.02,-42.96,-32.39,0.42,36.81,-27.57,-5.94,18.62,8.59,-37.73,-11.18,24.75,12.14,-23.20,-1.51,11.16,-8.65,-4.53,14.21,-29.32,23.55,-24.91,17.54,-8.36
IncomeShareholderNetProfit,1268000,1064000,2329000,1477000,1926000,1149000,1958000,2632000,1617000,5014000,1769000,2750000,1654000,1661000,2219000,4710000,2320000,2570000,3261000,7094000,5201000,6488000,4774000,6154000,6061000,10367000,5061000,6167000,4489000,696000,4681000,4359000,2018000,2908000
IncomeShareholderNetProfit_yy,,,,,51.89,7.99,-15.93,78.20,-16.04,336.38,-9.65,4.48,2.29,-66.87,25.44,71.27,40.27,54.73,46.96,50.62,124.18,152.45,46.40,-13.25,16.54,59.79,6.01,0.21,-25.94,-93.29,-7.51,-29.32,-55.05,317.82
IncomeShareholderNetProfit_sy,,,,,-39.90,48.82,-6.38,44.47,19.06,-46.94,-9.80,-61.56,23.74,74.42,22.85,35.22,56.00,36.08,25.55,9.97,42.03,14.59,39.16,-14.93,-16.46,14.12,-22.26,0.21,10.04,-39.89,14.16,-7.32,-10.11,46.79
IncomeShareholderNetProfit_qq,,-16.09,118.89,-36.58,30.40,-40.34,70.41,34.42,-38.56,210.08,-64.72,55.46,-39.85,0.42,33.59,112.26,-50.74,10.78,26.89,117.54,-26.68,24.75,-26.42,28.91,-1.51,71.04,-51.18,21.85,-27.21,-84.50,572.56,-6.88,-53.70,44.10
IncomeShareholderNetProfit_sq,,-32.14,42.24,-16.43,-30.52,79.72,-0.69,15.63,-48.21,-11.85,33.33,-54.78,-26.66,1.17,65.95,-24.38,-12.57,19.58,6.76,-33.49,-8.38,25.93,18.69,-33.34,-1.51,29.06,-17.16,6.33,14.78,-29.22,43.74,-24.98,17.54,-4.30
BalanceNoncurrentAssets,5167000,7079000,,6649000,8413000,8985000,,9959000,10131000,13522000,13348000,13307000,13382000,12434000,11896000,11532000,11420000,12642000,12597000,22548000,22397000,23082000,23859000,25518000,25388000,30461000,33802000,33208000,30374000,28674000,66758000,68106000,65737000,63668000
BalanceNoncurrentAssets_yy,,,,,62.82,26.92,,49.78,20.42,50.50,,33.62,32.09,-8.05,-10.88,-13.34,-14.66,1.67,5.89,95.53,96.12,82.58,89.40,13.17,13.35,31.97,41.67,30.14,19.64,-5.87,97.50,105.09,116.43,122.04
BalanceNoncurrentAssets_sy,,,,,16.58,9.59,,9.52,16.69,10.72,,3.30,1.00,-0.92,-2.20,3.70,0.96,2.54,10.33,9.70,3.98,6.29,6.63,6.82,13.71,8.31,9.99,9.71,6.71,1.32,2.24,-0.52,3.24,6.48
BalanceNoncurrentAssets_qq,,37.00,-100.00,,26.53,6.80,-100.00,,1.73,33.47,-1.29,-0.31,0.56,-7.08,-4.33,-3.06,-0.97,10.70,-0.36,78.99,-0.67,3.06,3.37,6.95,-0.51,19.98,10.97,-1.76,-8.53,-5.60,132.82,2.02,-3.48,-3.15
BalanceNoncurrentAssets_sq,,0.69,-100.00,,1.05,2.73,-100.00,,1.23,0.70,-0.37,0.54,-0.71,-0.34,-0.84,2.52,-0.28,0.51,0.88,-0.03,-0.67,2.72,1.14,2.24,0.62,0.90,0.26,0.10,-0.21,1.04,0.37,-0.23,0.68,-0.24
BalanceIntangibleAssets,19000,15000,,9000,13000,10000,,4000,11000,15000,22000,22000,35000,36000,26000,24000,47000,38000,30000,33000,20000,14000,10000,10013000,10012000,10047000,10050000,10042000,10049000,10043000,39192000,42429000,42388000,42343000
BalanceIntangibleAssets_yy,,,,,-31.58,-33.33,,-55.56,-15.38,50.00,,450.00,218.18,140.00,18.18,9.09,34.29,5.56,15.38,37.50,-57.45,-63.16,-66.67,30242.42,49960.00,71664.29,100400.00,0.29,0.37,-0.04,289.97,322.52,321.81,321.62
BalanceIntangibleAssets_sy,,,,,0.42,0.64,,-3.19,0.40,6.07,,7.14,-0.08,-1.52,0.16,0.80,-0.30,-0.57,6.02,0.39,2.34,-0.04,-0.10,4.20,6.62,5.03,6.01,0.82,0.06,-0.66,0.02,-1.84,0.04,0.66
BalanceIntangibleAssets_qq,,-21.05,-100.00,,44.44,-23.08,-100.00,,175.00,36.36,46.67,,59.09,2.86,-27.78,-7.69,95.83,-19.15,-21.05,10.00,-39.39,-30.00,-28.57,100030.00,-0.01,0.35,0.03,-0.08,0.07,-0.06,290.24,8.26,-0.10,-0.11
BalanceIntangibleAssets_sq,,-0.24,-100.00,,-0.53,-1.62,-100.00,,0.01,-0.29,-1.89,,-1.67,-0.28,-1.68,-1.04,-0.72,-0.32,-0.73,0.26,-1.40,-0.79,-0.19,1.67,-0.53,0.18,-0.29,0.35,-0.77,-0.22,-0.27,-0.54,-0.14,-0.11
BalanceProperty,5001000,4917000,,5025000,6398000,6362000,,6168000,5960000,5891000,5701000,5751000,5693000,5679000,5432000,5175000,5081000,6163000,5984000,5907000,5706000,5756000,6348000,7726000,7964000,8205000,7822000,7471000,7913000,7358000,16688000,15510000,13580000,11965000
BalanceProperty_yy,,,,,27.93,29.39,,22.75,-6.85,-7.40,,-6.76,-4.48,-3.60,-4.72,-10.02,-10.75,8.52,10.16,14.14,12.30,-6.60,6.08,30.79,39.57,42.55,23.22,-3.30,-0.64,-10.32,113.35,107.60,71.62,62.61
BalanceProperty_sy,,,,,15.40,9.55,,17.19,17.22,8.62,,3.28,-0.18,0.82,-1.40,1.27,7.60,8.52,3.40,4.90,5.25,5.88,4.68,5.72,5.57,4.03,3.33,3.26,1.03,-0.23,2.01,-0.04,2.24,2.38
BalanceProperty_qq,,-1.68,-100.00,,27.32,-0.56,-100.00,,-3.37,-1.16,-3.23,0.88,-1.01,-0.25,-4.35,-4.73,-1.82,21.30,-2.90,-1.29,-3.40,0.88,10.28,21.71,3.08,3.03,-4.67,-4.49,5.92,-7.01,126.80,-7.06,-12.44,-11.89
BalanceProperty_sq,,0.40,-100.00,,-0.90,2.25,-100.00,,-0.14,-0.46,-1.18,0.26,-1.01,0.41,-0.99,0.08,-0.64,-0.40,0.06,1.11,-0.27,1.00,-0.16,0.83,0.09,0.58,-0.08,0.16,-0.62,-0.30,-0.30,0.23,-0.60,-0.37
BalanceNoncurrentReceivables,0,0,,1126000,1469000,2068000,,2904000,3259000,3105000,3102000,2323000,2562000,2067000,1816000,1718000,1760000,1789000,1831000,1996000,1970000,2073000,2141000,2221000,2260000,2379000,2348000,2447000,2374000,2491000,1378000,968000,988000,1004000
BalanceNoncurrentReceivables_yy,,,,,,,,157.90,121.85,50.15,,-20.01,-21.39,-33.43,-41.46,-26.04,-31.30,-13.45,0.83,16.18,11.93,15.87,16.93,11.27,14.72,14.76,9.67,10.18,5.04,4.71,-41.31,-60.44,-58.38,-59.69
BalanceNoncurrentReceivables_sy,,,,,,,,-2.50,,-0.94,,,-3.76,-29.13,-1.02,-5.60,-6.89,-13.45,,4.97,5.03,15.83,23.86,9.97,7.14,,-14.81,-3.68,-2.94,-25.38,-33.09,,,
BalanceNoncurrentReceivables_qq,,,,,30.46,40.78,-100.00,,12.22,-4.73,-0.10,-25.11,10.29,-19.32,-12.14,-5.40,2.44,1.65,2.35,9.01,-1.30,5.23,3.28,3.74,1.76,5.27,-1.30,4.22,-2.98,4.93,-44.68,-29.75,2.07,1.62
BalanceNoncurrentReceivables_sq,,,,,-2.54,2.49,-100.00,,0.01,-1.43,,-5.68,,-0.72,,-0.03,,-2.52,-0.12,,7.14,0.61,1.18,,0.34,3.43,-1.30,-5.13,,3.54,,,0.92,
BalanceNoncurrInvestments,45000,2045000,,87000,87000,42000,,193000,200000,200000,238000,196000,196000,246000,247000,309000,309000,376000,377000,10309000,10319000,10259000,10259000,260000,260000,253000,4525000,4525000,660000,659000,509000,509000,509000,509000
BalanceNoncurrInvestments_yy,,,,,93.33,-97.95,,121.84,129.89,376.19,,1.55,-2.00,23.00,3.78,57.65,57.65,52.85,52.63,3236.25,3239.48,2628.46,2621.22,-97.48,-97.48,-97.53,-55.89,1640.38,153.85,160.47,-88.75,-88.75,-22.88,-22.76
BalanceNoncurrInvestments_sy,,,,,0.97,,,1.86,5.12,24.48,,11.35,7.38,7.88,-1.38,0.38,-0.18,3.04,46.15,-3.46,-3.46,-12.19,12.48,10.85,10.79,17.34,23.56,2.43,,,2.13,,,-7.72
BalanceNoncurrInvestments_qq,,4444.44,-100.00,,,-51.72,-100.00,,3.63,,19.00,-17.65,,25.51,0.41,25.10,,21.68,0.27,2634.48,0.10,-0.58,,-97.47,,-2.69,1688.54,,-85.41,-0.15,-22.76,,,
BalanceNoncurrInvestments_sq,,,-100.00,,,,-100.00,,1.50,,1.32,-1.86,,-0.56,-0.16,4.19,,0.03,0.41,-1.58,0.78,0.01,,0.51,,,,,,1.32,,,,
BalanceOtherNoncurrentAssets,102000,102000,,402000,446000,503000,,690000,701000,4311000,4285000,5015000,4896000,4406000,4375000,4306000,4223000,4276000,4375000,4303000,4382000,4980000,5101000,5298000,4892000,9577000,9057000,8723000,9378000,8123000,8991000,8690000,8272000,7847000
BalanceOtherNoncurrentAssets_yy,,,,,337.25,393.14,,71.64,57.17,757.06,,626.81,598.43,2.20,2.10,-14.14,-13.75,-2.95,,-0.07,3.77,16.46,16.59,23.12,11.64,92.31,77.55,64.65,91.70,-15.18,-0.73,-0.38,-11.79,-3.40
BalanceOtherNoncurrentAssets_sy,,,,,3.37,32.13,,10.04,42.43,13.29,,16.36,16.49,14.68,21.52,13.46,26.02,46.99,,10.19,2.99,7.90,8.65,9.75,19.78,7.27,12.63,-3.12,7.50,8.73,13.39,2.03,9.50,-0.68
BalanceOtherNoncurrentAssets_qq,,,-100.00,,10.95,12.78,-100.00,,1.59,514.98,-0.60,17.04,-2.37,-10.01,-0.70,-1.58,-1.93,1.26,2.32,-1.65,1.84,13.65,2.43,3.86,-7.66,95.77,-5.43,-3.69,7.51,-13.38,10.69,-3.35,-4.81,-5.14
BalanceOtherNoncurrentAssets_sq,,,-100.00,,0.15,1.98,-100.00,,0.80,,1.86,3.36,0.22,,,3.30,-0.06,1.26,0.48,-0.58,-1.45,0.34,0.10,0.25,,2.21,-1.46,-0.46,1.32,5.30,5.44,-8.23,3.08,-1.39
BalanceCurrentAssets,6512000,5968000,,20591000,22595000,24292000,,29004000,31228000,36935000,38047000,47213000,52102000,53766000,54820000,64172000,65362000,67783000,66118000,88067000,78714000,84983000,77474000,93770000,97485000,112381000,85832000,88836000,95746000,131619000,109195000,112827000,111847000,130510000
BalanceCurrentAssets_yy,,,,,246.97,307.04,,40.86,38.21,52.05,,62.78,66.84,45.57,44.08,35.92,25.45,26.07,20.61,37.24,20.43,25.38,17.18,6.48,23.85,32.24,10.79,-5.26,-1.78,17.12,27.22,27.01,16.82,-0.84
BalanceCurrentAssets_sy,,,,,4.94,11.88,,13.19,9.30,-0.12,,3.02,9.15,15.91,6.42,15.68,11.34,9.53,14.73,6.89,11.38,10.18,12.21,6.48,9.94,11.56,8.24,9.60,10.55,-0.44,10.25,15.14,15.11,12.91
BalanceCurrentAssets_qq,,-8.35,-100.00,,9.73,7.51,-100.00,,7.67,18.28,3.01,24.09,10.36,3.19,1.96,17.06,1.85,3.70,-2.46,33.20,-10.62,7.96,-8.84,21.03,3.96,15.28,-23.62,3.50,7.78,37.47,-17.04,3.33,-0.87,16.69
BalanceCurrentAssets_sq,,-1.02,-100.00,,0.94,8.67,-100.00,,1.37,-5.62,-1.62,-1.28,3.65,6.32,0.98,-0.19,1.18,3.47,0.12,1.98,6.60,-0.17,-0.95,-1.09,1.79,3.80,-1.29,2.94,0.48,-0.18,1.88,5.23,-1.04,-0.16
BalanceInventory,25000,23000,,0,22000,0,,7000,10000,7000,0,2000,1000,1000,1000,2000,,13000,3000,5000,8000,2000,2000,,,13000,13000,13000,13000,13000,15000,13000,13000,15000
BalanceInventory_yy,,,,,-12.00,-100.00,,,-54.55,,,-71.43,-90.00,-85.71,,,-100.00,1200.00,200.00,150.00,,-84.62,-33.33,-100.00,-100.00,550.00,550.00,,,,15.38,,,15.38
BalanceInventory_sy,,,,,14.99,10.31,,,8.25,,,2.06,11.76,5.10,,,5.17,11.38,11.31,8.09,,10.16,7.36,5.34,4.82,10.75,12.41,,,,5.07,,,16.94
BalanceInventory_qq,,-8.00,-100.00,,,-100.00,,,42.86,-30.00,-100.00,,-50.00,,,100.00,-100.00,,-76.92,66.67,60.00,-75.00,,-100.00,,,,,,,15.38,-13.33,,15.38
BalanceInventory_sq,,-7.99,-100.00,,,-0.80,,,-1.33,-4.14,4.69,,-1.87,,,2.59,0.09,,1.39,-1.68,3.67,0.51,,-6.31,,,,,,,5.25,-2.26,,4.84
BalanceCurrentReceivables,4368000,4205000,,7430000,11212000,15172000,,22346000,25452000,30019000,32708000,38319000,44824000,49693000,51403000,51632000,55810000,57298000,60406000,61124000,62372000,65676000,68960000,73054000,81001000,86190000,84439000,86010000,94006000,102971000,86954000,94695000,98855000,114973000
BalanceCurrentReceivables_yy,,,,,156.68,260.81,,200.75,127.01,97.86,,71.48,76.11,65.54,57.16,34.74,24.51,15.30,17.51,18.38,11.76,14.62,14.16,19.52,29.87,31.24,22.45,17.73,16.06,19.47,2.98,10.10,5.16,11.66
BalanceCurrentReceivables_sy,,,,,12.18,23.75,,8.28,17.93,9.02,,3.50,8.91,20.59,8.20,12.62,11.69,12.16,17.51,12.51,9.14,16.49,14.16,10.18,14.29,12.03,19.65,17.36,12.25,9.77,11.50,9.35,7.57,11.40
BalanceCurrentReceivables_qq,,-3.73,-100.00,,50.90,35.32,-100.00,,13.90,17.94,8.96,17.15,16.98,10.86,3.44,0.45,8.09,2.67,5.42,1.19,2.04,5.30,5.00,5.94,10.88,6.41,-2.03,1.86,9.30,9.54,-15.55,8.90,4.39,16.30
BalanceCurrentReceivables_sq,,-5.09,-100.00,,-8.39,8.02,-100.00,,5.64,-0.86,-3.80,-3.22,4.38,5.73,0.07,-3.24,4.98,3.56,4.00,-0.60,2.11,6.84,4.12,-1.27,7.50,7.37,3.02,1.86,0.73,3.86,4.98,-2.55,1.94,3.62
BalanceCurrentInvestments,1000,1000,,1000,1000,1000,,1000,1000,1000,1000,1000,1000,1000,1000,1000,1000,1000,1000,1000,1000,1000,1000,1000,1000,1000,1000,1000,1000,20111000,1000,1000,1000,1000
BalanceCurrentInvestments_yy,,,,,,,,,,,,,,,,,,,,,,,,,,,,,,2011000.00,,,,-100.00
BalanceCurrentInvestments_sy,,,,,,,,,,,,,,,,,,,,,,,,,,,,,,-1.56,,,,-8.87
BalanceCurrentInvestments_qq,,,-100.00,,,,-100.00,,,,,,,,,,,,,,,,,,,,,,,2011000.00,-100.00,,,
BalanceCurrentInvestments_sq,,,-100.00,,,,-100.00,,,,,,,,,,,,,,,,,,,,,,,-0.74,1.18,,,
BalanceCash,2118000,1739000,,13160000,11360000,9119000,,6650000,5765000,6908000,5338000,8891000,7276000,4071000,3415000,12537000,9551000,10471000,5708000,26937000,16333000,19304000,8511000,20715000,16483000,26177000,1379000,2812000,1726000,8524000,22225000,18118000,12978000,15521000
BalanceCash_yy,,,,,436.36,424.38,,-49.47,-49.25,-24.25,,33.70,26.21,-41.07,-36.02,41.01,31.27,157.21,67.14,114.86,71.01,84.36,49.11,-23.10,0.92,35.60,-83.80,-86.43,-89.53,-67.44,1511.68,544.31,651.91,82.09
BalanceCash_sy,,,,,33.57,12.65,,-32.51,-35.40,-22.10,,0.05,-11.14,19.93,6.84,40.26,20.00,22.72,36.25,31.28,57.12,36.03,28.67,13.45,-6.24,-9.07,3.46,-4.79,-0.76,-0.14,-11.52,5.80,-1.73,-14.94
BalanceCash_qq,,-17.89,-100.00,,-13.68,-19.73,-100.00,,-13.31,19.83,-22.73,66.56,-18.16,-44.05,-16.11,267.12,-23.82,9.63,-45.49,371.92,-39.37,18.19,-55.91,143.39,-20.43,58.81,-94.73,103.92,-38.62,393.86,160.73,-18.48,-28.37,19.59
BalanceCash_sq,,-17.97,-100.00,,-26.34,-20.90,-100.00,,-14.02,-11.85,-13.33,5.94,-9.75,0.20,-13.28,24.60,-13.94,-3.00,-0.86,22.85,15.80,-9.28,-12.22,9.84,-4.11,-3.84,-1.74,11.07,-1.49,-13.85,-1.81,10.86,-19.30,-15.65
BalanceOtherCurrentAssets,,,,,,,,,,,,,,,,,,,,,,,,,,,,,,,,,,
BalanceOtherCurrentAssets_yy,,,,,,,,,,,,,,,,,,,,,,,,,,,,,,,,,,
BalanceOtherCurrentAssets_sy,,,,,,,,,,,,,,,,,,,,,,,,,,,,,,,,,,
BalanceOtherCurrentAssets_qq,,,,,,,,,,,,,,,,,,,,,,,,,,,,,,,,,,
BalanceOtherCurrentAssets_sq,,,,,,,,,,,,,,,,,,,,,,,,,,,,,,,,,,
BalanceAssetsForSale,,,,,,,,,,,,,,,,,,,,,,,,,,,,,,,,,,
BalanceAssetsForSale_yy,,,,,,,,,,,,,,,,,,,,,,,,,,,,,,,,,,
BalanceAssetsForSale_sy,,,,,,,,,,,,,,,,,,,,,,,,,,,,,,,,,,
BalanceAssetsForSale_qq,,,,,,,,,,,,,,,,,,,,,,,,,,,,,,,,,,
BalanceAssetsForSale_sq,,,,,,,,,,,,,,,,,,,,,,,,,,,,,,,,,,
BalanceTotalAssets,11679000,13047000,,27240000,31008000,33277000,,38963000,41359000,50457000,51395000,60520000,65484000,66200000,66716000,75704000,76783000,80425000,78715000,110615000,101111000,108065000,101333000,119288000,122873000,142842000,119634000,122044000,126120000,160293000,175953000,180933000,177584000,194178000
BalanceTotalAssets_yy,,,,,165.50,155.05,,43.04,33.38,51.63,,55.33,58.33,31.20,29.81,25.09,17.25,21.49,17.99,46.12,31.68,34.37,28.73,7.84,21.52,32.18,18.06,2.31,2.64,12.22,47.08,48.25,40.81,21.14
BalanceTotalAssets_sy,,,,,17.72,23.47,,10.99,11.62,5.88,,5.74,11.01,2.72,3.24,10.51,5.21,8.82,9.16,8.61,8.32,8.47,10.56,6.99,7.68,6.80,4.97,9.33,7.54,5.03,7.09,7.08,9.50,11.96
BalanceTotalAssets_qq,,11.71,-100.00,,13.83,7.32,-100.00,,6.15,22.00,1.86,17.75,8.20,1.09,0.78,13.47,1.43,4.74,-2.13,40.53,-8.59,6.88,-6.23,17.72,3.01,16.25,-16.25,2.01,3.34,27.10,9.77,2.83,-1.85,9.34
BalanceTotalAssets_sq,,1.77,-100.00,,-0.03,4.76,-100.00,,2.48,0.46,-1.40,0.23,-0.09,1.18,-0.16,2.06,0.46,2.74,1.51,0.09,2.54,1.78,0.67,1.04,0.55,3.07,0.48,3.35,0.82,-0.08,1.95,3.53,0.54,0.06
BalanceCapital,4094000,5157000,,14077000,16160000,14389000,,19166000,20782000,23102000,24903000,26554000,28199000,25469000,27252000,31467000,33446000,29864000,32885000,38993000,45911000,37397000,42222000,48114000,52990000,44704000,49652000,54583000,53396000,46768000,42643000,46329000,47680000,51003000
BalanceCapital_yy,,,,,294.72,179.02,,36.15,28.60,60.55,,38.55,35.69,10.25,9.43,18.50,18.61,17.26,20.67,23.92,37.27,25.22,28.39,23.39,15.42,19.54,17.60,13.45,0.77,4.62,-14.12,-15.12,-10.70,9.06
BalanceCapital_sy,,,,,9.28,18.28,,10.47,10.30,9.33,,9.92,13.17,10.82,3.97,16.39,11.48,8.70,8.50,9.50,12.03,9.38,8.04,3.66,4.08,3.73,2.69,6.54,5.27,4.33,5.43,1.67,4.20,4.61
BalanceCapital_qq,,25.96,-100.00,,14.80,-10.96,-100.00,,8.43,11.16,7.80,6.63,6.19,-9.68,7.00,15.47,6.29,-10.71,10.12,18.57,17.74,-18.54,12.90,13.95,10.13,-15.64,11.07,9.93,-2.17,-12.41,-8.82,8.64,2.92,6.97
BalanceCapital_sq,,0.41,-100.00,,2.07,1.86,-100.00,,0.46,-1.04,-0.48,-0.52,2.25,0.69,1.72,2.74,1.50,-0.17,2.71,0.37,1.78,0.07,2.46,-1.60,1.41,1.00,1.84,2.44,0.82,-2.88,1.33,0.57,1.34,-1.93
BalanceShareCapital,500000,500000,,560000,560000,560000,,560000,560000,560000,560000,560000,560000,560000,560000,560000,560000,560000,560000,560000,560000,560000,560000,560000,560000,560000,560000,560000,560000,560000,560000,560000,560000,560000
BalanceShareCapital_yy,,,,,12.00,12.00,,,,,,,,,,,,,,,,,,,,,,,,,,,,
BalanceShareCapital_sy,,,,,,,,,,,,,,,,,,,,,,,,,,,,,,,,,,
BalanceShareCapital_qq,,,-100.00,,,,-100.00,,,,,,,,,,,,,,,,,,,,,,,,,,,
BalanceShareCapital_sq,,,-100.00,,,,-100.00,,,,,,,,,,,,,,,,,,,,,,,,,,,
BalanceOwnShares,,,,,,,,,,,,,,,,,,,,,,,,,,,,,,,,,,
BalanceOwnShares_yy,,,,,,,,,,,,,,,,,,,,,,,,,,,,,,,,,,
BalanceOwnShares_sy,,,,,,,,,,,,,,,,,,,,,,,,,,,,,,,,,,
BalanceOwnShares_qq,,,,,,,,,,,,,,,,,,,,,,,,,,,,,,,,,,
BalanceOwnShares_sq,,,,,,,,,,,,,,,,,,,,,,,,,,,,,,,,,,
BalanceReserve,0,0,,-6000,28000,10754000,,111000,40000,43000,-90000,-110000,8000,98000,-30000,-298000,-12000,-35000,-23000,8000,-64000,-10000,58000,9811000,10086000,10213000,10103000,10203000,9356000,9902000,9810000,10217000,9718000,10385000
BalanceReserve_yy,,,,,,,,1950.00,42.86,-99.60,,-199.10,-80.00,127.91,66.67,-170.91,-250.00,-135.71,23.33,102.68,-433.33,71.43,352.17,122537.50,15859.38,102230.00,17318.97,4.00,-7.24,-3.05,-2.90,0.14,3.87,4.88
BalanceReserve_sy,,,,,,,,13.35,13.52,7.56,,7.79,6.03,2.30,1.91,3.57,3.61,4.07,8.70,8.70,2.20,10.27,12.22,10.93,10.58,2.51,2.67,8.31,6.10,4.81,3.78,1.29,2.16,3.31
BalanceReserve_qq,,,,,566.67,38307.14,-100.00,,-63.96,7.50,-309.30,-22.22,107.27,1125.00,-130.61,-893.33,95.97,-191.67,34.29,134.78,-900.00,84.38,680.00,16815.52,2.80,1.26,-1.08,0.99,-8.30,5.84,-0.93,4.15,-4.88,6.86
BalanceReserve_sq,,,,,,12.46,-100.00,,,1.77,,,,1.36,,,,,,,,3.85,,0.01,,2.85,,0.27,,0.88,,,,3.33
BalanceNonshareCapital,,0,,0,0,-14000,,74000,122000,191000,193000,258000,376000,356000,671000,891000,1220000,1470000,1721000,1974000,133000,180000,194000,208000,1435000,117000,131000,967000,967000,71000,71000,659000,723000,934000
BalanceNonshareCapital_yy,,,,,,,,,,1464.29,,248.65,208.20,86.39,247.67,245.35,224.47,312.92,156.48,121.55,-89.10,-87.76,-88.73,-89.46,978.95,-35.00,-32.47,364.90,-32.61,-39.32,-45.80,-31.85,-25.23,1215.49
BalanceNonshareCapital_sy,,,,,,,,,,3.38,,0.71,9.13,12.05,7.49,-6.77,-9.17,19.55,4.45,27.19,8.39,19.18,8.84,10.87,10.22,0.39,-1.87,-0.06,-5.72,-15.73,5.39,6.38,4.73,4.46
BalanceNonshareCapital_qq,,,,,,,100.00,,64.86,56.56,1.05,33.68,45.74,-5.32,88.48,32.79,36.92,20.49,17.07,14.70,-93.26,35.34,7.78,7.22,589.90,-91.85,11.97,638.17,,-92.66,,828.17,9.71,29.18
BalanceNonshareCapital_sq,,,,,,,-100.00,,2.50,,,,-2.03,-3.32,-0.98,,-0.31,0.35,1.56,2.35,-4.04,2.04,0.53,4.80,,-0.52,0.32,-9.68,,-0.08,,8.95,,2.44
BalanceNoncurrentLiabilities,578000,578000,,1180000,2539000,2500000,,2724000,2999000,3211000,3483000,6033000,4611000,3771000,4049000,4242000,4255000,5226000,5389000,5491000,5751000,6203000,7241000,8690000,8408000,14979000,13945000,13454000,16727000,59729000,68270000,64495000,64870000,64414000
BalanceNoncurrentLiabilities_yy,,,,,339.27,332.53,,130.85,18.12,28.44,,121.48,53.75,17.44,16.25,-29.69,-7.72,38.58,33.09,29.44,35.16,18.69,34.37,58.26,46.20,141.48,92.58,54.82,98.94,298.75,389.57,379.37,287.82,7.84
BalanceNoncurrentLiabilities_sy,,,,,7.75,11.76,,12.25,9.52,7.94,,-8.01,-12.04,-7.94,-3.10,-1.22,-0.60,14.51,5.02,5.51,-4.96,1.45,12.97,14.81,25.16,27.05,13.61,9.81,11.40,1.65,7.06,0.42,6.62,8.91
BalanceNoncurrentLiabilities_qq,,,-100.00,,115.17,-1.54,-100.00,,10.10,7.07,8.47,73.21,-23.57,-18.22,7.37,4.77,0.31,22.82,3.12,1.89,4.74,7.86,16.73,20.01,-3.25,78.15,-6.90,-3.52,24.33,257.08,14.30,-5.53,0.58,-0.70
BalanceNoncurrentLiabilities_sq,,,-100.00,,-1.59,2.32,-100.00,,-2.61,-1.55,-3.01,-3.12,-3.19,-0.56,-0.52,1.12,-0.40,-1.43,,-0.98,-0.79,2.42,-0.10,,-0.39,2.48,-1.49,-1.19,-1.11,-0.67,,-0.46,-0.67,
BalanceNoncurrentTradeLiabilities,0,0,,,,589000,,,,,,,,,,,,,,,,,426000,1302000,1440000,1542000,1518000,1518000,,,5501000,3730000,,
BalanceNoncurrentTradeLiabilities_yy,,,,,,,,,,-100.00,,,,,,,,,,,,,,,,,256.34,16.59,-100.00,-100.00,262.38,145.72,,
BalanceNoncurrentTradeLiabilities_sy,,,,,,,,,,-100.00,,,,,,,,,,,,,,,,,-34.74,-7.02,-53.39,-84.04,6.32,60.89,,
BalanceNoncurrentTradeLiabilities_qq,,,,,,,-100.00,,,,,,,,,,,,,,,,,205.63,10.60,7.08,-1.56,,-100.00,,,-32.19,-100.00,
BalanceNoncurrentTradeLiabilities_sq,,,,,,,-100.00,,,,,,,,,,,,,,,,,-20.76,6.64,6.64,-7.28,,-21.96,,,15.88,-16.32,
BalanceNoncurrentBorrowings,515000,515000,,302000,1254000,342000,,303000,304000,117000,65000,1718000,32000,,112000,199000,187000,972000,971000,980000,885000,756000,794000,948000,292000,7167000,6349000,5724000,7545000,51672000,53468000,51197000,54757000,53763000
BalanceNoncurrentBorrowings_yy,,,,,143.50,-33.59,,0.33,-75.76,-65.79,,467.00,-89.47,-100.00,72.31,-88.42,484.38,,766.96,392.46,373.26,-22.22,-18.23,-3.27,-67.01,848.02,699.62,503.80,2483.90,620.97,742.15,794.43,625.74,4.05
BalanceNoncurrentBorrowings_sy,,,,,3.86,-18.44,,-4.84,-12.40,-14.51,,-10.32,-10.22,-7.34,19.92,4.63,14.73,,-9.99,-14.36,-15.13,,-14.68,-3.48,-5.38,-12.24,2.92,3.66,-9.38,-9.08,-21.92,-9.54,4.64,4.05
BalanceNoncurrentBorrowings_qq,,,-100.00,,315.23,-72.73,-100.00,,0.33,-61.51,-44.44,2543.08,-98.14,-100.00,,77.68,-6.03,419.79,-0.10,0.93,-9.69,-14.58,5.03,19.40,-69.20,2354.45,-11.41,-9.84,31.81,584.85,3.48,-4.25,6.95,-1.82
BalanceNoncurrentBorrowings_sq,,,-100.00,,-5.42,-2.65,-100.00,,-4.68,-2.64,-6.67,-3.16,-5.58,-1.70,,1.69,-2.80,-2.94,-1.78,-8.18,-2.30,-0.26,-1.34,-3.29,-2.58,-1.65,-2.64,-5.00,-3.84,-4.06,-1.50,-4.11,-4.20,-1.82
BalanceNoncurrentObligations,,,,,,,,,,,,,,,,,,,,,,,,,,,,,,,,,,
BalanceNoncurrentObligations_yy,,,,,,,,,,,,,,,,,,,,,,,,,,,,,,,,,,
BalanceNoncurrentObligations_sy,,,,,,,,,,,,,,,,,,,,,,,,,,,,,,,,,,
BalanceNoncurrentObligations_qq,,,,,,,,,,,,,,,,,,,,,,,,,,,,,,,,,,
BalanceNoncurrentObligations_sq,,,,,,,,,,,,,,,,,,,,,,,,,,,,,,,,,,
BalanceNoncurrentLeasing,,,,,,,,,,,,,,,,,,,,,,,,,,,,,,,,,,
BalanceNoncurrentLeasing_yy,,,,,,,,,,,,,,,,,,,,,,,,,,,,,,,,,,
BalanceNoncurrentLeasing_sy,,,,,,,,,,,,,,,,,,,,,,,,,,,,,,,,,,
BalanceNoncurrentLeasing_qq,,,,,,,,,,,,,,,,,,,,,,,,,,,,,,,,,,
BalanceNoncurrentLeasing_sq,,,,,,,,,,,,,,,,,,,,,,,,,,,,,,,,,,
BalanceNoncurrentOtherLiabilities,63000,63000,,878000,1285000,1569000,,2421000,2695000,3094000,3418000,4315000,4579000,3771000,3937000,4043000,4068000,4254000,4418000,4511000,4866000,5447000,6021000,6440000,6676000,6270000,6078000,6212000,9182000,8057000,9301000,9568000,10113000,10651000
BalanceNoncurrentOtherLiabilities_yy,,,,,1939.68,2390.48,,175.74,109.73,97.20,,78.23,69.91,21.88,15.18,-6.30,-11.16,12.81,12.22,11.58,19.62,28.04,36.28,42.76,37.20,15.11,0.95,-3.54,37.54,28.50,53.03,54.02,10.14,32.20
BalanceNoncurrentOtherLiabilities_sy,,,,,9.49,20.22,,10.77,10.94,2.28,,6.85,-2.87,3.07,0.12,9.44,1.17,12.81,0.14,9.15,1.66,1.49,4.49,15.80,17.82,2.48,3.02,8.04,8.16,,10.26,0.91,0.53,2.48
BalanceNoncurrentOtherLiabilities_qq,,,-100.00,,46.36,22.10,-100.00,,11.32,14.81,10.47,26.24,6.12,-17.65,4.40,2.69,0.62,4.57,3.86,2.11,7.87,11.94,10.54,6.96,3.66,-6.08,-3.06,2.20,47.81,-12.25,15.44,2.87,5.70,5.32
BalanceNoncurrentOtherLiabilities_sq,,,-100.00,,-0.51,-2.28,-100.00,,0.01,0.21,2.08,-1.01,-2.06,-0.85,-1.36,0.27,0.10,1.26,,0.26,-0.06,3.24,-0.20,0.65,-0.02,1.12,-0.32,2.20,,-1.06,0.55,1.38,0.37,0.22
BalanceCurrentLiabilities,7007000,7312000,,11983000,12309000,16402000,,16999000,17456000,23953000,22816000,27675000,32298000,36604000,34744000,39104000,37862000,43865000,38720000,64157000,49316000,64285000,51676000,62276000,60040000,83042000,55906000,53040000,55030000,53725000,64969000,69450000,64311000,77827000
BalanceCurrentLiabilities_yy,,,,,75.67,124.32,,41.86,41.81,46.04,,62.80,85.03,52.82,52.28,41.30,17.23,19.84,11.44,64.07,30.25,46.55,33.46,-2.93,21.75,29.18,8.19,-14.83,-8.34,-35.30,16.21,30.94,16.87,44.86
BalanceCurrentLiabilities_sy,,,,,31.94,20.40,,8.51,13.72,20.43,,3.67,6.62,4.48,9.65,10.73,14.23,16.18,14.94,8.43,13.69,3.58,9.61,13.08,16.55,10.23,7.72,1.91,-1.16,6.45,4.70,14.90,21.56,24.10
BalanceCurrentLiabilities_qq,,4.35,-100.00,,2.72,33.25,-100.00,,2.69,37.22,-4.75,21.30,16.70,13.33,-5.08,12.55,-3.18,15.85,-11.73,65.69,-23.13,30.35,-19.61,20.51,-3.59,38.31,-32.68,-5.13,3.75,-2.37,20.93,6.90,-7.40,21.02
BalanceCurrentLiabilities_sq,,8.68,-100.00,,1.15,-2.11,-100.00,,3.18,0.16,-4.23,3.00,-0.50,11.55,-3.02,3.88,1.20,6.17,1.22,-3.05,3.61,0.14,1.38,3.82,-0.04,2.03,0.36,2.87,-1.46,7.69,0.85,6.43,-0.14,2.50
BalanceCurrentTradePayablesv,6605000,7072000,,11415000,12162000,15892000,,16423000,17143000,23532000,20006000,24912000,29187000,33874000,30638000,32333000,31136000,36725000,31646000,56759000,42262000,58607000,44692000,51463000,50194000,70360000,43920000,40797000,44086000,42677000,51987000,56583000,49525000,63826000
BalanceCurrentTradePayablesv_yy,,,,,84.13,124.72,,43.87,40.96,48.07,,51.69,70.26,43.95,53.14,29.79,6.68,8.42,3.29,75.55,35.73,59.58,41.22,-9.33,18.77,20.05,-1.73,-20.73,-12.17,-39.34,18.37,38.69,12.34,49.56
BalanceCurrentTradePayablesv_sy,,,,,21.27,6.64,,6.78,15.36,13.98,,4.28,3.59,2.88,-0.10,14.14,10.21,18.32,16.90,12.69,4.22,1.81,13.17,11.52,18.78,22.89,17.14,18.92,11.36,5.96,8.43,11.78,5.71,14.86
BalanceCurrentTradePayablesv_qq,,7.07,-100.00,,6.54,30.67,-100.00,,4.38,37.27,-14.98,24.52,17.16,16.06,-9.55,5.53,-3.70,17.95,-13.83,79.36,-25.54,38.68,-23.74,15.15,-2.47,40.18,-37.58,-7.11,8.06,-3.20,21.82,8.84,-12.47,28.88
BalanceCurrentTradePayablesv_sq,,7.23,-100.00,,-1.46,-3.96,-100.00,,-1.26,0.33,-11.47,7.59,0.56,3.18,-7.93,4.21,0.06,4.98,-0.46,3.82,1.31,-5.22,4.32,5.00,4.28,1.18,5.03,9.09,0.41,-0.28,-1.18,8.84,-3.08,5.22
BalanceCurrentBorrowings,156000,104000,,212000,93000,361000,,397000,298000,385000,2738000,2411000,2860000,2486000,4079000,6430000,6494000,6964000,6822000,6744000,6448000,5091000,6407000,9160000,9616000,12248000,11912000,12014000,10705000,10730000,12545000,12478000,14487000,13561000
BalanceCurrentBorrowings_yy,,,,,-40.38,247.12,,87.26,220.43,6.65,,507.30,859.73,545.71,48.98,166.69,127.06,180.13,67.25,4.88,-0.71,-26.90,-6.08,35.82,49.13,140.58,85.92,31.16,11.32,-12.39,5.31,3.86,35.33,26.38
BalanceCurrentBorrowings_sy,,,,,31.55,21.53,,5.98,3.41,8.71,,21.76,13.24,8.08,7.70,-3.46,20.23,29.07,21.10,-2.05,8.92,-26.40,-6.86,-0.40,-3.47,7.15,7.76,7.37,0.73,-3.59,16.25,14.46,15.32,20.92
BalanceCurrentBorrowings_qq,,-33.33,-100.00,,-56.13,288.17,-100.00,,-24.94,29.19,611.17,-11.94,18.62,-13.08,64.08,57.64,1.00,7.24,-2.04,-1.14,-4.39,-21.05,25.85,42.97,4.98,27.37,-2.74,0.86,-10.90,0.23,16.92,-0.53,16.10,-6.39
BalanceCurrentBorrowings_sq,,5.38,-100.00,,-1.81,-3.56,-100.00,,4.68,11.95,2.41,-3.47,-1.07,8.55,1.53,3.30,-3.50,4.31,-5.44,-10.98,2.54,-0.81,1.76,-6.82,0.24,3.58,-1.54,-3.16,0.67,2.96,2.05,-2.69,,0.60
BalanceCurrentObligations,,,,,,,,,,,,,,,,,,,,,,,,,,,,,,,,,,
BalanceCurrentObligations_yy,,,,,,,,,,,,,,,,,,,,,,,,,,,,,,,,,,
BalanceCurrentObligations_sy,,,,,,,,,,,,,,,,,,,,,,,,,,,,,,,,,,
BalanceCurrentObligations_qq,,,,,,,,,,,,,,,,,,,,,,,,,,,,,,,,,,
BalanceCurrentObligations_sq,,,,,,,,,,,,,,,,,,,,,,,,,,,,,,,,,,
BalanceCurrentLeasing,,,,,,,,,,,,,,,,,,,,,,,,,,,,,,,,,,
BalanceCurrentLeasing_yy,,,,,,,,,,,,,,,,,,,,,,,,,,,,,,,,,,
BalanceCurrentLeasing_sy,,,,,,,,,,,,,,,,,,,,,,,,,,,,,,,,,,
BalanceCurrentLeasing_qq,,,,,,,,,,,,,,,,,,,,,,,,,,,,,,,,,,
BalanceCurrentLeasing_sq,,,,,,,,,,,,,,,,,,,,,,,,,,,,,,,,,,
BalanceCurrentOtherLiabilities,246000,136000,,356000,54000,149000,,179000,15000,36000,72000,352000,251000,244000,27000,341000,232000,176000,252000,654000,606000,587000,577000,1653000,230000,434000,74000,229000,239000,318000,437000,389000,299000,440000
BalanceCurrentOtherLiabilities_yy,,,,,-78.05,9.56,,-49.72,-72.22,-75.84,,96.65,1573.33,577.78,-62.50,-3.12,-7.57,-27.87,833.33,91.79,161.21,233.52,128.97,152.75,-62.05,-26.06,-87.18,-86.15,3.91,-26.73,490.54,69.87,25.10,38.36
BalanceCurrentOtherLiabilities_sy,,,,,52.91,6.74,,1.85,28.92,10.12,,7.95,-8.11,15.47,-4.15,-1.56,1.00,11.38,19.13,8.20,21.12,11.48,1.60,18.59,19.82,10.04,0.76,10.14,5.13,22.54,17.59,13.40,18.50,23.94
BalanceCurrentOtherLiabilities_qq,,-44.72,-100.00,,-84.83,175.93,-100.00,,-91.62,140.00,100.00,388.89,-28.69,-2.79,-88.93,1162.96,-31.96,-24.14,43.18,159.52,-7.34,-3.14,-1.70,186.48,-86.09,88.70,-82.95,209.46,4.37,33.05,37.42,-10.98,-23.14,47.16
BalanceCurrentOtherLiabilities_sq,,2.02,-100.00,,4.36,-5.00,-100.00,,,4.70,-8.82,-1.08,-7.70,9.44,-3.18,8.47,4.86,7.72,-3.26,4.28,5.13,2.77,-1.48,6.16,0.30,2.63,-0.16,2.03,-1.75,9.23,-0.72,3.44,-0.82,7.86
BalanceReckoning,,,,,,,,,,,,,,,,,,,,,,,,,,,,,,,,,,
BalanceReckoning_yy,,,,,,,,,,,,,,,,,,,,,,,,,,,,,,,,,,
BalanceReckoning_sy,,,,,,,,,,,,,,,,,,,,,,,,,,,,,,,,,,
BalanceReckoning_qq,,,,,,,,,,,,,,,,,,,,,,,,,,,,,,,,,,
BalanceReckoning_sq,,,,,,,,,,,,,,,,,,,,,,,,,,,,,,,,,,
BalanceTotalEquityAndLiabilities,11679000,13047000,0,27240000,31008000,33277000,0,38963000,41359000,50457000,51395000,60520000,65484000,66200000,66716000,75704000,76783000,80425000,78715000,110615000,101111000,108065000,101333000,119288000,122873000,142842000,119634000,122044000,126120000,160293000,175953000,180933000,177584000,194178000
BalanceTotalEquityAndLiabilities_yy,,,,,165.50,155.05,,43.04,33.38,51.63,,55.33,58.33,31.20,29.81,25.09,17.25,21.49,17.99,46.12,31.68,34.37,28.73,7.84,21.52,32.18,18.06,2.31,2.64,12.22,47.08,48.25,40.81,21.14
BalanceTotalEquityAndLiabilities_sy,,,,,17.72,23.26,,10.99,11.62,5.88,,5.74,11.01,2.72,3.24,10.67,6.16,8.82,9.16,8.61,8.32,8.47,10.56,6.99,7.68,7.19,4.97,7.77,7.37,2.92,6.59,7.08,9.93,11.96
BalanceTotalEquityAndLiabilities_qq,,11.71,-100.00,,13.83,7.32,-100.00,,6.15,22.00,1.86,17.75,8.20,1.09,0.78,13.47,1.43,4.74,-2.13,40.53,-8.59,6.88,-6.23,17.72,3.01,16.25,-16.25,2.01,3.34,27.10,9.77,2.83,-1.85,9.34
BalanceTotalEquityAndLiabilities_sq,,1.77,-100.00,,-0.03,5.55,-100.00,,1.59,0.46,-1.40,0.44,0.08,1.18,-0.16,2.06,0.46,2.74,1.51,0.09,2.54,1.41,0.40,1.04,0.55,3.07,0.48,2.01,0.82,-0.08,1.95,3.53,0.54,0.06
CashflowOperatingCashflow,-435000,1660000,1538000,5160000,-351000,-1723000,-763000,2088000,-255000,1813000,-1549000,4724000,-1521000,-437000,-591000,12977000,-110000,1547000,2174000,30815000,-10000000,5020000,2811000,13177000,258000,4119000,936000,3760000,2860000,-1116000,22670000,-792000,-4243000,3438000
CashflowOperatingCashflow_yy,,,,,19.31,-203.80,-149.61,-59.53,27.35,205.22,-103.01,126.25,-496.47,-124.10,61.85,174.70,92.77,454.00,467.85,137.46,-8990.91,224.50,29.30,-57.24,102.58,-17.95,-66.70,-71.47,1008.53,-127.09,2322.01,-121.06,-248.36,408.06
CashflowOperatingCashflow_sy,,,,,33.27,-62.72,8.71,56.01,14.70,25.29,7.01,-12.48,24.83,-3.20,-27.32,17.03,62.76,3.55,34.25,5.70,13.20,36.05,17.68,-25.83,-1.96,-17.95,9.45,41.33,32.71,21.22,-16.07,-40.52,-17.79,0.11
CashflowOperatingCashflow_qq,,481.61,-7.35,235.50,-106.80,-390.88,55.72,373.66,-112.21,810.98,-185.44,404.97,-132.20,71.27,-35.24,2295.77,-100.85,1506.36,40.53,1317.43,-132.45,150.20,-44.00,368.77,-98.04,1496.51,-77.28,301.71,-23.94,-139.02,2131.36,-103.49,-435.73,181.03
CashflowOperatingCashflow_sq,,30.73,52.96,35.16,-46.20,-57.33,44.80,113.36,-71.84,-18.71,9.24,60.12,-70.85,-12.84,38.28,47.86,-34.73,-28.69,27.81,71.44,-55.78,3.34,-0.76,20.72,-4.27,21.40,23.64,86.27,-47.40,-5.55,-19.73,29.12,-15.36,-12.02
CashflowAmortization,78000,93000,-160000,3000,115000,205000,195000,200000,193000,184000,180000,201000,196000,201000,194000,192000,177000,221000,211000,210000,213000,214000,233000,312000,323000,319000,338000,338000,358000,369000,726000,1105000,1124000,942000
CashflowAmortization_yy,,,,,47.44,120.43,221.88,6566.67,67.83,-10.24,-7.69,0.50,1.55,9.24,7.78,-4.48,-9.69,9.95,8.76,9.38,20.34,-3.17,10.43,48.57,51.64,49.07,45.06,8.33,10.84,15.67,114.79,226.92,213.97,155.28
CashflowAmortization_sy,,,,,18.69,20.70,25.88,10.78,13.84,14.73,12.64,13.37,12.46,3.09,0.69,1.92,-1.46,1.75,6.69,9.38,12.75,12.88,10.43,0.41,11.04,8.15,10.24,3.32,1.41,2.87,0.77,5.65,10.77,11.26
CashflowAmortization_qq,,19.23,-272.04,101.88,3733.33,78.26,-4.88,2.56,-3.50,-4.66,-2.17,11.67,-2.49,2.55,-3.48,-1.03,-7.81,24.86,-4.52,-0.47,1.43,0.47,8.88,33.91,3.53,-1.24,5.96,,5.92,3.07,96.75,52.20,1.72,-16.19
CashflowAmortization_sq,,1.66,-0.64,4.80,1.51,2.34,1.97,-0.65,2.08,0.99,2.11,0.34,2.44,-0.20,0.51,1.24,-1.15,0.38,0.80,4.61,0.74,1.55,3.62,3.60,0.34,2.04,1.42,,-0.02,1.12,0.83,1.46,,0.21
CashflowInvestingCashflow,-310000,-1976000,106000,-2020000,-1787000,-360000,-505000,-267000,-534000,-551000,936000,-1730000,-432000,-2490000,-1711000,-1736000,-2923000,-1849000,-933000,-9390000,562000,-400000,104000,-3680000,-4084000,-3700000,-2944000,-2345000,-1557000,-24329000,-7218000,-1885000,381000,279000
CashflowInvestingCashflow_yy,,,,,-476.45,81.78,-576.42,86.78,70.12,-53.06,285.35,-547.94,19.10,-351.91,-282.80,-0.35,-576.62,25.74,45.47,-440.90,119.23,78.37,111.15,60.81,-826.69,-825.00,-2930.77,36.28,61.88,-557.54,-145.18,19.62,124.47,101.15
CashflowInvestingCashflow_sy,,,,,-110.65,-49.50,-110.09,11.68,22.18,48.94,14.03,62.32,14.08,-17.86,66.34,17.26,-44.39,21.59,-21.06,-19.14,52.36,-83.13,-104.43,42.04,-80.88,-31.29,9.54,-17.85,14.86,34.08,-73.64,6.98,27.03,-27.92
CashflowInvestingCashflow_qq,,-537.42,105.36,-2005.66,11.53,79.85,-40.28,47.13,-100.00,-3.18,269.87,-284.83,75.03,-476.39,31.29,-1.46,-68.38,36.74,49.54,-906.43,105.99,-171.17,126.00,-3638.46,-10.98,9.40,20.43,20.35,33.60,-1462.56,70.33,73.88,120.21,-26.77
CashflowInvestingCashflow_sq,,-142.72,27.75,-94.05,46.00,-168.44,36.38,-36.67,41.98,-25.68,-55.41,38.28,-19.67,40.29,25.51,-9.50,23.70,54.39,13.27,-76.88,49.03,-27.09,-49.78,-16.99,-7.41,2.85,15.25,21.28,-17.72,-26.40,-16.05,-9.36,36.05,-6.84
CashflowCapex,305000,1695000,413000,310000,1489000,253000,307000,445000,161000,135000,61000,229000,150000,220000,80000,96000,360000,1596000,690000,9410000,23000,257000,422000,541000,8000,180000,37000,6000,26000,11000,34000000,3729000,144000,58000
CashflowCapex_yy,,,,,388.20,-85.07,-25.67,43.55,-89.19,-46.64,-80.13,-48.54,-6.83,62.96,31.15,-58.08,140.00,625.45,762.50,9702.08,-93.61,-83.90,-38.84,-94.25,-65.22,-29.96,-91.23,-98.89,225.00,-93.89,91791.89,62050.00,453.85,427.27
CashflowCapex_sy,,,,,-19.70,-19.03,99.31,77.95,-27.91,-46.64,-53.94,-28.86,-18.92,-4.74,-48.19,-26.79,43.89,40.42,78.34,-7.90,-1.83,18.52,28.68,-8.87,28.10,-6.18,17.64,26.49,-6.07,-52.08,14.47,-6.02,27.56,30.28
CashflowCapex_qq,,455.74,-75.63,-24.94,380.32,-83.01,21.34,44.95,-63.82,-16.15,-54.81,275.41,-34.50,46.67,-63.64,20.00,275.00,343.33,-56.77,1263.77,-99.76,1017.39,64.20,28.20,-98.52,2150.00,-79.44,-83.78,333.33,-57.69,308990.92,-89.03,-96.14,-59.72
CashflowCapex_sq,,142.61,-59.56,59.94,-54.55,100.00,-8.11,8.72,-52.90,20.97,14.31,50.67,-37.78,6.68,-37.40,52.88,-20.98,-20.04,-20.54,54.03,-37.33,16.52,37.67,29.06,-18.35,25.75,14.43,15.33,-19.40,-1.44,30.74,29.46,-24.88,-15.02
CashflowFinancingCashflow,-42000,-62000,-1314000,7951000,337000,-157000,-2569000,-452000,-97000,-119000,-957000,558000,340000,-337000,1677000,-2093000,47000,1221000,-6004000,-195000,-1213000,-1606000,-13714000,2717000,-407000,9275000,-22791000,18000,-2387000,32242000,-1752000,-1430000,-1279000,-1172000
CashflowFinancingCashflow_yy,,,,,902.38,-153.23,-95.51,-105.68,-128.78,24.20,62.75,223.45,450.52,-183.19,275.24,-475.09,-86.18,462.31,-458.02,90.68,-2680.85,-231.53,-128.41,1493.33,66.45,677.52,-66.19,-99.34,-486.49,247.62,92.31,-8044.44,46.42,-103.64
CashflowFinancingCashflow_sy,,,,,9.84,52.73,-1.82,-82.50,-4.47,-17.86,-2.46,-1.58,-20.72,-9.10,-10.18,-1.26,-8.04,6.38,13.35,-47.50,15.96,13.03,25.25,-51.57,51.02,15.74,-66.19,-5.02,-9.12,-90.01,78.09,-12.66,1.70,23.12
CashflowFinancingCashflow_qq,,-47.62,-2019.35,705.10,-95.76,-146.59,-1536.31,82.41,78.54,-22.68,-704.20,158.31,-39.07,-199.12,597.63,-224.81,102.25,2497.87,-591.73,96.75,-522.05,-32.40,-753.92,119.81,-114.98,2378.87,-345.73,100.08,-13361.11,1450.73,-105.43,18.38,10.56,8.37
CashflowFinancingCashflow_sq,,-18.06,-88.68,135.34,-77.10,93.70,-71.86,18.26,-33.21,59.79,-50.47,9.10,27.18,41.40,-98.67,63.77,-5.70,-36.31,-71.43,14.22,26.19,-14.43,-21.68,-15.73,54.15,-1.18,-13.02,25.24,30.83,-55.53,58.58,-15.72,-8.55,8.37
CashflowShareCapitalCash,,,,,,,,,,,,,,,,,,,,,,,,,,,,,,,,,,
CashflowShareCapitalCash_yy,,,,,,,,,,,,,,,,,,,,,,,,,,,,,,,,,,
CashflowShareCapitalCash_sy,,,,,,,,,,,,,,,,,,,,,,,,,,,,,,,,,,
CashflowShareCapitalCash_qq,,,,,,,,,,,,,,,,,,,,,,,,,,,,,,,,,,
CashflowShareCapitalCash_sq,,,,,,,,,,,,,,,,,,,,,,,,,,,,,,,,,,
CashflowDividend,,,1325000,0,,,2664000,-33000,,,2688000,37000,,,,4590000,,,5880000,100000,910000,0,15008000,-10000,,,20048000,550000,,8268000,0,1000,,
CashflowDividend_yy,,,,,,,101.06,,,,0.90,212.12,,,-100.00,12305.41,,,,-97.82,,,155.24,-110.00,-100.00,,33.58,5600.00,,,-100.00,-99.82,,-100.00
CashflowDividend_sy,,,,,,,-41.59,,,,39.67,90.01,,,-55.61,-11.61,,,,-50.12,,,-66.01,,-100.00,,-33.34,-64.06,,,-100.00,-38.62,,-7.94
CashflowDividend_qq,,,,-100.00,,,,-101.24,100.00,,,-98.62,-100.00,,,,-100.00,,,-98.30,810.00,-100.00,,-100.07,100.00,,,-97.26,-100.00,,-100.00,,-100.00,
CashflowDividend_sq,,,,-100.00,,,,-100.00,,,,-99.94,-100.00,,,,-100.00,,,-99.99,-100.00,-42.06,,-100.00,-100.00,,,-100.00,-100.00,,-100.00,,-100.00,
CashflowNetCashflow,-787000,-378000,330000,11091000,-1801000,-2240000,-3837000,1369000,-886000,1143000,-1570000,3552000,-1613000,-3264000,-625000,9148000,-2986000,919000,-4763000,21230000,-10651000,3014000,-10799000,12214000,-4233000,9694000,-24799000,1433000,-1084000,6797000,13700000,-4107000,-5141000,2545000
CashflowNetCashflow_yy,,,,,-128.84,-492.59,-1262.73,-87.66,50.81,151.03,59.08,159.46,-82.05,-385.56,60.19,157.55,-85.12,128.16,-662.08,132.07,-256.70,227.97,-126.73,-42.47,60.26,221.63,-129.64,-88.27,74.39,-29.88,155.24,-386.60,-374.26,-62.56
CashflowNetCashflow_sy,,,,,-85.37,-61.67,-117.96,-3.37,8.59,24.31,59.08,-23.29,86.25,23.37,22.62,126.33,-22.23,-41.78,56.16,-25.21,86.72,-27.30,-16.13,16.21,-76.69,17.61,50.00,48.55,63.66,-29.88,-7.18,66.23,-31.94,-2.04
CashflowNetCashflow_qq,,51.97,187.30,3260.91,-116.24,-24.38,-71.29,135.68,-164.72,229.01,-237.36,326.24,-145.41,-102.36,80.85,1563.68,-132.64,130.78,-618.28,545.73,-150.17,128.30,-458.29,213.10,-134.66,329.01,-355.82,105.78,-175.65,727.03,101.56,-129.98,-25.18,149.50
CashflowNetCashflow_sq,,48.55,124.85,100.00,-108.78,7.60,-8.78,127.13,-106.98,75.33,-36.49,43.61,-46.56,81.32,-37.38,143.37,-76.67,37.17,-55.58,100.00,4.18,-63.13,7.33,25.90,23.18,54.94,37.29,77.91,-80.20,25.54,50.67,110.95,-104.50,-0.61
