,2005/Q3,2006/Q1,2006/Q2,2006/Q3,2006/Q4,2007/Q1,2007/Q2,2007/Q3,2007/Q4,2008/Q1,2008/Q2,2008/Q3,2008/Q4,2009/Q1,2009/Q2,2009/Q3,2009/Q4,2010/Q1,2010/Q2,2010/Q3,2010/Q4,2011/Q1,2011/Q2,2011/Q3,2011/Q4,2012/Q1,2012/Q2,2012/Q3,2012/Q4,2013/Q1,2013/Q2,2013/Q3,2013/Q4,2014/Q1,2014/Q2,2014/Q3,2014/Q4,2015/Q1,2015/Q2,2015/Q3,2015/Q4,2016/Q1,2016/Q2,2016/Q3,2016/Q4,2017/Q1,2017/Q2,2017/Q3,2017/Q4,2018/Q1,2018/Q2,2018/Q3
IncomeRevenues,16322000,6769000,8735000,15632000,6290000,6429000,8235000,14966000,7017000,6457000,9608000,14371000,7117000,8587000,10869000,15323000,8262000,7371000,9866000,13662000,8533000,8245000,10142000,13396000,6729000,6997000,9510000,13175000,8473000,8372000,9493000,13227000,7709000,7468000,10455000,13707000,9170000,9518000,10338000,15199000,9980000,10264000,11164000,15966000,10232000,10231000,11893000,16327000,10727000,10057000,11817000,14835000
IncomeRevenues_yy,,,,-4.23,,-5.02,-5.72,-4.26,11.56,0.44,16.67,-3.98,1.43,32.99,13.12,6.62,16.09,-14.16,-9.23,-10.84,3.28,11.86,2.80,-1.95,-21.14,-15.14,-6.23,-1.65,25.92,19.65,-0.18,0.39,-9.02,-10.80,10.13,3.63,18.95,27.45,-1.12,10.88,8.83,7.84,7.99,5.05,2.53,-0.32,6.53,2.26,4.84,-1.70,-0.64,-9.14
IncomeRevenues_sy,,,,19.95,,23.53,12.24,8.08,30.93,23.15,17.29,9.78,6.04,28.31,0.58,4.76,2.89,-7.75,-4.00,-4.42,7.03,11.86,8.45,0.04,18.10,1.90,21.80,4.68,2.74,4.84,3.65,1.92,11.10,6.83,8.71,6.88,7.02,20.17,10.40,15.42,12.18,7.94,8.34,9.22,12.48,15.41,9.74,7.58,6.03,2.07,1.71,-8.16
IncomeRevenues_qq,,,29.04,78.96,-59.76,2.21,28.09,81.74,-53.11,-7.98,48.80,49.57,-50.48,20.65,26.58,40.98,-46.08,-10.78,33.85,38.48,-37.54,-3.38,23.01,32.08,-49.77,3.98,35.92,38.54,-35.69,-1.19,13.39,39.33,-41.72,-3.13,40.00,31.10,-33.10,3.79,8.62,47.02,-34.34,2.85,8.77,43.01,-35.91,-0.01,16.24,37.28,-34.30,-6.25,17.50,25.54
IncomeRevenues_sq,,,27.10,18.74,-21.34,2.21,28.09,26.73,-25.67,-3.42,41.95,49.57,-50.48,11.10,23.51,5.96,-18.84,-4.51,17.03,9.30,-22.73,2.10,22.88,12.36,-9.95,-3.37,29.99,4.92,-19.31,-6.08,18.70,5.28,-6.17,-8.76,31.28,7.51,-12.48,4.35,8.46,16.32,-11.66,-6.50,18.84,18.48,-12.55,-4.51,16.24,8.89,-11.72,-8.80,21.34,9.53
IncomeCostOfSales,11788000,6208000,6903000,11012000,6158000,6196000,6720000,10176000,7083000,6523000,7922000,9825000,7407000,7556000,8530000,10248000,8670000,6868000,7719000,9544000,8326000,7188000,7856000,9401000,7092000,6414000,7447000,8883000,8125000,7291000,7487000,8641000,7452000,7360000,7879000,8780000,7294000,8047000,7590000,9618000,8078000,8322000,8591000,9589000,9042000,9027000,9178000,10983000,9471000,8647000,9023000,10240000
IncomeCostOfSales_yy,,,,-6.58,,-0.19,-2.65,-7.59,15.02,5.28,17.89,-3.45,4.57,15.84,7.67,4.31,17.05,-9.11,-9.51,-6.87,-3.97,4.66,1.77,-1.50,-14.82,-10.77,-5.21,-5.51,14.57,13.67,0.54,-2.72,-8.28,0.95,5.24,1.61,-2.12,9.33,-3.67,9.54,10.75,3.42,13.19,-0.30,11.93,8.47,6.83,14.54,4.74,-4.21,-1.69,-6.77
IncomeCostOfSales_sy,,,,18.62,,17.29,16.76,15.62,41.86,36.65,44.89,35.40,76.23,26.91,-1.67,4.31,4.64,-9.11,1.06,-4.58,-3.97,10.06,1.77,-0.94,10.83,-0.88,17.81,-0.46,5.21,4.60,0.46,-0.98,7.68,5.42,5.49,4.90,-4.56,9.33,9.81,12.33,12.59,7.29,15.02,6.63,17.58,16.89,17.56,13.89,12.07,5.22,8.82,-6.77
IncomeCostOfSales_qq,,,11.20,59.52,-44.08,0.62,8.46,51.43,-30.40,-7.91,21.45,24.02,-24.61,2.01,12.89,20.14,-15.40,-20.78,12.39,23.64,-12.76,-13.67,9.29,19.67,-24.56,-9.56,16.11,19.28,-8.53,-10.26,2.69,15.41,-13.76,-1.23,7.05,11.44,-16.92,10.32,-5.68,26.72,-16.01,3.02,3.23,11.62,-5.70,-0.17,1.67,19.67,-13.77,-8.70,4.35,13.49
IncomeCostOfSales_sq,,,12.44,16.80,-12.02,0.62,14.83,26.08,-20.42,-7.59,21.45,24.02,-24.61,2.01,0.13,6.60,-9.39,-20.78,7.90,5.06,-38.52,-11.01,6.61,17.61,-1.59,-7.26,13.32,1.87,-1.46,-9.02,12.15,1.41,-2.10,-6.66,7.05,5.39,-9.66,10.32,5.71,13.54,-4.55,-1.44,14.97,14.70,-3.97,-1.00,9.11,5.63,-7.25,-8.70,11.04,13.49
IncomeDistributionExpenses,-48000,115000,197000,104000,370000,215000,295000,510000,274000,162000,279000,266000,227000,128000,99000,213000,292000,134000,100000,156000,190000,241000,164000,189000,182000,263000,169000,124000,185000,62000,153000,330000,312000,247000,385000,330000,189000,288000,262000,388000,340000,477000,479000,659000,484000,566000,503000,541000,435000,474000,425000,449000
IncomeDistributionExpenses_yy,,,,316.67,,86.96,49.75,390.38,-25.95,-24.65,-5.42,-47.84,-17.15,-20.99,-64.52,-19.92,28.63,4.69,1.01,-26.76,-34.93,79.85,64.00,21.15,-4.21,9.13,3.05,-34.39,1.65,-76.43,-9.47,166.13,68.65,298.39,151.63,,-39.42,16.60,-31.95,17.58,79.89,65.62,82.82,69.85,42.35,18.66,5.01,-17.91,-10.12,-16.25,-15.51,-17.01
IncomeDistributionExpenses_sy,,,,174.18,,51.31,30.54,191.62,10.75,-5.92,0.48,13.46,-17.15,-18.61,-26.22,-25.19,28.63,1.54,1.01,-26.76,-34.93,79.85,64.00,21.15,7.98,9.13,23.57,-17.78,5.34,-34.81,-17.36,3.20,33.90,-20.41,15.50,,-65.15,16.60,-31.95,17.58,79.89,35.05,82.82,43.30,25.16,17.39,9.42,4.54,-14.17,-1.70,2.24,-17.01
IncomeDistributionExpenses_qq,,,71.30,-47.21,255.77,-41.89,37.21,72.88,-46.27,-40.88,72.22,-4.66,-14.66,-43.61,-22.66,115.15,37.09,-54.11,-25.37,56.00,21.79,26.84,-31.95,15.24,-3.70,44.51,-35.74,-26.63,49.19,-66.49,146.77,115.69,-5.45,-20.83,55.87,-14.29,-42.73,52.38,-9.03,48.09,-12.37,40.29,0.42,37.58,-26.56,16.94,-11.13,7.55,-19.59,8.97,-10.34,5.65
IncomeDistributionExpenses_sq,,,48.42,-3.05,123.96,-29.16,37.21,63.22,-25.11,-39.82,29.10,32.87,-39.95,-34.83,17.03,42.49,-5.94,-42.68,26.22,31.55,-10.10,15.34,-0.60,15.24,-27.31,20.85,6.20,6.12,-3.61,-37.12,15.74,24.96,-0.21,-43.84,55.87,-14.29,-42.73,52.38,-9.03,54.12,-25.08,-23.28,28.05,47.33,-29.92,-5.94,20.75,41.38,-38.32,3.60,25.97,5.65
IncomeAdministrativExpenses,722000,868000,1245000,1028000,1190000,1232000,1554000,629000,1105000,1031000,1263000,1158000,917000,977000,899000,846000,873000,981000,925000,1649000,1250000,881000,1110000,1132000,1023000,1069000,1398000,1256000,972000,1278000,1160000,1263000,1239000,1217000,1325000,1246000,1933000,1263000,1605000,1051000,1825000,1428000,1429000,1587000,1220000,1300000,1463000,1289000,1422000,1277000,1351000,1352000
IncomeAdministrativExpenses_yy,,,,42.38,,41.94,24.82,-38.81,-7.14,-16.31,-18.73,84.10,-17.01,-5.24,-28.82,-26.94,-4.80,0.41,2.89,94.92,43.18,-10.19,20.00,-31.35,-18.16,21.34,25.95,10.95,-4.99,19.55,-17.02,0.56,27.47,-4.77,14.22,-1.35,56.01,3.78,21.13,-15.65,-5.59,13.06,-10.97,51.00,-33.15,-8.96,2.38,-18.78,16.56,-1.77,-7.66,4.89
IncomeAdministrativExpenses_sy,,,,25.58,,30.91,18.32,8.10,-7.14,-2.47,-8.70,71.14,-17.01,-5.24,-28.82,-23.35,-4.80,-9.73,2.89,10.00,43.18,14.53,-23.37,-24.73,1.00,-2.26,44.26,27.36,-7.12,15.87,-6.98,-5.81,33.34,0.49,-13.38,-3.03,1.56,7.04,21.13,7.53,6.09,16.82,15.88,35.64,17.38,21.32,18.18,15.59,18.42,20.74,7.11,4.89
IncomeAdministrativExpenses_qq,,,43.43,-17.43,15.76,3.53,26.14,-59.52,75.68,-6.70,22.50,-8.31,-20.81,6.54,-7.98,-5.90,3.19,12.37,-5.71,78.27,-24.20,-29.52,25.99,1.98,-9.63,4.50,30.78,-10.16,-22.61,31.48,-9.23,8.88,-1.90,-1.78,8.87,-5.96,55.14,-34.66,27.08,-34.52,73.64,-21.75,0.07,11.06,-23.13,6.56,12.54,-11.89,10.32,-10.20,5.79,0.07
IncomeAdministrativExpenses_sq,,,15.91,-12.88,18.94,-9.28,13.37,8.47,38.16,-6.70,7.43,12.54,-20.81,15.36,-4.27,-5.90,-34.69,12.37,2.26,0.92,-13.01,-2.28,-25.05,14.47,10.82,-13.86,23.84,5.06,-16.26,12.16,20.54,7.81,-1.70,-14.66,5.44,-0.62,11.98,-11.55,27.08,-16.11,28.68,-9.58,12.94,6.56,0.24,-0.82,19.88,-4.34,10.32,-6.63,6.48,0.07
IncomeGrossProfit,3861000,-422000,390000,3488000,-1428000,-1214000,-334000,3651000,-1445000,-1259000,144000,3122000,-1434000,-74000,1341000,4016000,-1573000,-612000,1122000,2313000,-1233000,-65000,1012000,2674000,-1568000,-749000,496000,2912000,-809000,-259000,693000,2993000,-1294000,-1356000,866000,3351000,-246000,-80000,881000,4142000,-263000,37000,665000,4131000,-514000,-662000,749000,3514000,-601000,-341000,1018000,2794000
IncomeGrossProfit_yy,,,,-9.66,,-187.68,-185.64,4.67,-1.19,-3.71,143.11,-14.49,0.76,94.12,831.25,28.64,-9.69,-727.03,-16.33,-42.41,21.61,89.38,-9.80,15.61,-27.17,-1052.31,-50.99,8.90,48.41,65.42,39.72,2.78,-59.95,-423.55,24.96,11.96,80.99,94.10,1.73,23.60,-6.91,146.25,-24.52,-0.27,-95.44,-1889.19,12.63,-14.94,-16.93,48.49,35.91,-20.49
IncomeGrossProfit_sy,,,,35.38,,51.95,-4.78,-4.45,-1.19,-3.12,9.92,-14.49,-96.92,-93.30,31.10,-13.05,44.01,4.38,-34.15,9.07,18.61,-4.39,46.51,12.68,41.30,-44.48,25.74,0.74,5.80,79.36,-26.76,44.78,77.46,83.22,47.42,30.70,49.58,110.80,27.30,29.01,5.20,88.62,8.87,1.64,-13.60,-6.85,11.15,8.76,-11.71,38.42,24.85,-15.54
IncomeGrossProfit_qq,,,192.42,794.36,-140.94,14.99,72.49,1193.11,-139.58,12.87,111.44,2068.06,-145.93,94.84,1912.16,199.48,-139.17,61.09,283.33,106.15,-153.31,94.73,1656.92,164.23,-158.64,52.23,166.22,487.10,-127.78,67.99,367.57,331.89,-143.23,-4.79,163.86,286.95,-107.34,67.48,1201.25,370.15,-106.35,114.07,1697.30,521.20,-112.44,-28.79,213.14,369.16,-117.10,43.26,398.53,174.46
IncomeGrossProfit_sq,,,131.57,61.86,-87.36,30.63,72.49,42.17,-119.23,36.50,111.44,65.25,-145.93,88.39,286.69,14.01,-139.17,61.09,1.73,88.10,-165.02,86.60,14.08,101.64,-161.21,36.80,223.10,21.48,-149.03,83.72,362.48,251.91,-78.79,-41.10,207.35,176.59,-50.02,28.68,197.45,166.48,-77.46,23.01,56.97,48.67,-56.84,-28.79,113.15,233.11,-82.13,-33.12,284.24,81.91
IncomeOtherOperatingIncome,123000,616000,-3000,14000,226000,277000,266000,-18000,-27000,82000,-688000,2534000,-80000,-691000,-616000,1501000,295000,-50000,1000,2752000,-515000,184000,132000,579000,407000,170000,145000,34000,-250000,-69000,264000,722000,16000,7000,52000,677000,19000,36000,7000,58000,63000,70000,21000,34000,140000,626000,-476000,89000,5432000,186000,135000,60000
IncomeOtherOperatingIncome_yy,,,,-88.62,,-55.03,8966.67,-228.57,-111.95,-70.40,-358.65,14177.78,-196.30,-942.68,10.47,-40.77,468.75,92.76,100.16,83.34,-274.58,468.00,13100.00,-78.96,179.03,-7.61,9.85,-94.13,-161.43,-140.59,82.07,2023.53,106.40,110.14,-80.30,-6.23,18.75,414.29,-86.54,-91.43,231.58,94.44,200.00,-41.38,122.22,794.29,-2366.67,161.76,3780.00,-70.29,128.36,-32.58
IncomeOtherOperatingIncome_sy,,,,-74.38,,13.95,-47.96,114.53,-79.56,-60.82,-37.96,11.38,-42.01,11.69,26.83,-40.77,439.11,-7.15,48.82,34.46,-68.52,487.65,61.21,-52.85,95.36,-39.54,62.58,-86.85,-3.05,-51.58,38.46,41.60,-74.83,101.87,-52.88,-9.36,32.45,201.59,-13.44,33.50,78.79,30.17,108.28,14.37,106.10,122.70,-45.59,71.61,49.42,-56.35,92.12,-39.98
IncomeOtherOperatingIncome_qq,,,-100.49,566.67,1514.29,22.57,-3.97,-106.77,-50.00,403.70,-939.02,468.31,-103.16,-763.75,10.85,343.67,-80.35,-116.95,102.00,275100.00,-118.71,135.73,-28.26,338.64,-29.71,-58.23,-14.71,-76.55,-835.29,72.40,482.61,173.48,-97.78,-56.25,642.86,1201.92,-97.19,89.47,-80.56,728.57,8.62,11.11,-70.00,61.90,311.76,347.14,-176.04,118.70,6003.37,-96.58,-27.42,-55.56
IncomeOtherOperatingIncome_sq,,,-12.95,-68.73,1195.30,-26.74,-4.14,6.44,5.69,-27.60,-34.33,75.33,64.69,-60.73,10.85,-6.15,65.78,-88.93,102.00,27.21,81.25,-27.53,-27.50,151.67,266.56,-68.09,-7.74,-56.53,804.42,-37.93,21.58,-6.00,329.69,-31.12,24.81,-16.44,133.68,-30.79,-50.46,94.02,80.82,-43.93,-9.93,6.02,287.61,-36.42,7.98,66.56,33.28,-62.01,-5.77,-76.35
IncomeOtherOperatingCosts,6000,43000,8000,19000,208000,40000,-34000,7000,289000,187000,-187000,422000,339000,,,1547000,295000,,,501000,,94000,58000,26000,85000,218000,-36000,132000,,,197000,422000,34000,180000,295000,617000,47000,125000,60000,76000,154000,98000,43000,105000,484000,684000,-431000,34000,397000,54000,79000,166000
IncomeOtherOperatingCosts_yy,,,,216.67,,-6.98,-525.00,-63.16,38.94,367.50,-450.00,5928.57,17.30,-100.00,100.00,266.59,-12.98,,,-67.61,-100.00,,,-94.81,,131.91,-162.07,407.69,-100.00,-100.00,647.22,219.70,,,49.75,46.21,38.24,-30.56,-79.66,-87.68,227.66,-21.60,-28.33,38.16,214.29,597.96,-1102.33,-67.62,-17.98,-92.11,118.33,388.24
IncomeOtherOperatingCosts_sy,,,,54.28,,-18.97,-71.46,-45.48,38.94,-32.02,-7.35,114.75,64.61,-27.47,100.00,4.81,-12.98,,,13.56,-70.68,,,-20.48,,89.66,86.28,75.65,15.22,-67.85,6.56,-38.58,,,-13.86,84.40,-21.05,-12.71,-29.50,-35.18,-58.31,-63.34,-23.18,38.16,70.37,43.89,-16.49,-39.30,170.93,-0.27,46.65,192.66
IncomeOtherOperatingCosts_qq,,,-81.40,137.50,994.74,-80.77,-185.00,120.59,4028.57,-35.29,-200.00,325.67,-19.67,-100.00,,,-80.93,-100.00,,,-100.00,,-38.30,-55.17,226.92,156.47,-116.51,466.67,-100.00,,,114.21,-91.94,429.41,63.89,109.15,-92.38,165.96,-52.00,26.67,102.63,-36.36,-56.12,144.19,360.95,41.32,-163.01,107.89,1067.65,-86.40,46.30,110.13
IncomeOtherOperatingCosts_sq,,,-92.33,49.12,191.88,-68.57,-43.77,-22.53,642.32,-50.41,-33.24,-0.74,196.90,-69.60,,,159.68,-83.68,,,-64.03,,-37.34,-42.91,226.92,-68.36,-7.93,-38.93,341.94,,,-55.44,813.94,-87.65,103.26,48.00,183.69,-65.21,34.11,14.29,-41.46,-36.36,23.33,2.40,360.95,-32.70,74.16,-29.71,2839.86,-89.11,46.30,59.39
IncomeEBIT,3978000,151000,379000,3483000,-1410000,-977000,-34000,3626000,-1761000,-1364000,-357000,5234000,-1853000,-765000,725000,3970000,-1573000,-662000,1123000,4564000,-1247000,25000,1086000,3227000,-1246000,-797000,677000,2814000,-745000,-328000,760000,3293000,-1312000,-1529000,623000,3411000,-274000,-169000,828000,4124000,-354000,9000,643000,4060000,-858000,-720000,704000,3569000,4434000,-209000,1074000,2688000
IncomeEBIT_yy,,,,-12.44,,-747.02,-108.97,4.11,-24.89,-39.61,-950.00,44.35,-5.22,43.91,303.08,-24.15,15.11,13.46,54.90,14.96,20.72,103.78,-3.29,-29.29,0.08,-3288.00,-37.66,-12.80,40.21,58.85,12.26,17.02,-76.11,-366.16,-18.03,3.58,79.12,88.95,32.91,20.90,-29.20,105.33,-22.34,-1.55,-142.37,-8100.00,9.49,-12.09,616.78,70.97,52.56,-24.68
IncomeEBIT_sy,,,,14.00,,66.82,-16.81,-3.48,-24.89,-2.62,-9.52,-27.14,-99.96,-93.67,10.75,-20.88,56.34,13.46,-18.23,8.53,20.72,86.60,64.74,135.02,33.32,-295.76,3.09,-10.92,29.64,74.31,-0.42,90.48,-36.46,37.94,37.43,26.60,60.84,26.21,69.47,28.08,84.68,50.34,12.08,4.90,7.83,1.86,13.24,23.15,-3.84,22.91,19.15,-19.11
IncomeEBIT_qq,,,150.99,819.00,-140.48,30.71,96.52,10764.71,-148.57,22.54,73.83,1566.11,-135.40,58.72,194.77,447.59,-139.62,57.91,269.64,306.41,-127.32,102.00,4244.00,197.15,-138.61,36.04,184.94,315.66,-126.47,55.97,331.71,333.29,-139.84,-16.54,140.75,447.51,-108.03,38.32,589.94,398.07,-108.58,102.54,7044.44,531.42,-121.13,16.08,197.78,406.96,24.24,-104.71,613.88,150.28
IncomeEBIT_sq,,,115.96,31.19,-14.16,-2.84,-10.22,44.46,-148.57,38.26,23.24,101.67,-135.40,58.72,194.77,-6.89,-139.62,79.85,155.47,10.04,-101.08,96.52,96.50,93.93,-138.61,54.60,138.90,26.62,-107.62,-19.14,410.89,248.86,-119.44,76.99,189.61,181.35,-94.99,86.36,504.50,51.35,-77.63,41.80,75.77,65.96,-53.74,16.08,197.78,92.65,-55.50,-32.24,189.60,47.17
IncomeFinanceIncome,176000,75000,-12000,253000,147000,149000,212000,-8000,32000,47000,68000,26000,-83000,0,,348000,200000,396000,-396000,213000,2449000,0,0,-596000,596000,1493000,-913000,2449000,-472000,,,,,,,,,497000,-275000,-104000,-56000,,,,,351000,-20000,-127000,210000,,,
IncomeFinanceIncome_yy,,,,43.75,,98.67,1866.67,-103.16,-78.23,-68.46,-67.92,425.00,-359.38,-100.00,-100.00,1238.46,340.96,,,-38.79,1124.50,-100.00,100.00,-379.81,-75.66,,,510.91,-179.19,-100.00,100.00,-100.00,100.00,,,,,,,,,-100.00,100.00,100.00,100.00,,,,,-100.00,100.00,100.00
IncomeFinanceIncome_sy,,,,-28.38,,-0.66,-62.03,139.26,-38.00,230.56,141.55,425.00,81.55,-4.27,-97.74,316.52,107.38,,,32.04,67.05,43.48,-60.12,22.90,-48.06,,,-63.62,-22.91,-29.42,-48.17,-71.22,88.32,,,,,,,,,-69.64,26.55,65.28,100.00,,,,,37.93,-41.85,-26.15
IncomeFinanceIncome_qq,,,-116.00,2208.33,-41.90,1.36,42.28,-103.77,500.00,46.88,44.68,-61.76,-419.23,100.00,,,-42.53,98.00,-200.00,153.79,1049.77,-100.00,,,200.00,150.50,-161.15,368.24,-119.27,100.00,,,,,,,,,-155.33,62.18,46.15,100.00,,,,,-105.70,-535.00,265.35,-100.00,,
IncomeFinanceIncome_sq,,,338.89,-106.74,109.05,-44.96,36.11,95.68,500.00,46.88,39.70,-45.13,325.63,-13.46,,,87.56,8.98,735.29,-15.11,506.85,-75.80,,,166.46,-34.23,-18.28,31.66,22.59,-44.36,,,,,,,,,-82.92,-13.82,70.50,-65.78,,,,,22.70,-28.16,146.81,-52.26,,
IncomeFinanceCosts,108000,66000,91000,30000,-9000,60000,66000,38000,24000,139000,146000,126000,80000,1104000,-380000,-57000,53000,79000,97000,26000,57000,118000,11000,539000,18000,698000,-591000,89000,89000,463000,716000,-309000,-136000,215000,111000,162000,360000,96000,89000,81000,74000,97000,535000,-58000,338000,127000,126000,126000,121000,177000,332000,23000
IncomeFinanceCosts_yy,,,,-72.22,,-9.09,-27.47,26.67,366.67,131.67,121.21,231.58,233.33,694.24,-360.27,-145.24,-33.75,-92.84,125.53,145.61,7.55,49.37,-88.66,1973.08,-68.42,491.53,-5472.73,-83.49,394.44,-33.67,221.15,-447.19,-252.81,-53.56,-84.50,152.43,364.71,-55.35,-19.82,-50.00,-79.44,1.04,501.12,-171.60,356.76,30.93,-76.45,317.24,-64.20,39.37,163.49,-81.75
IncomeFinanceCosts_sy,,,,-57.24,,35.88,-17.36,29.71,51.75,131.67,121.21,40.60,493.68,399.86,77.94,-24.72,-47.99,-59.17,-10.92,-9.18,7.55,-1.52,-6.06,81.62,-53.67,21.00,-4.02,-62.78,105.61,-21.77,7.11,-103.77,-81.36,-28.42,-33.98,55.87,-6.36,26.48,7.44,4.06,5.26,1.04,8.11,1.81,18.88,30.93,81.07,-7.43,39.21,8.38,-8.80,72.66
IncomeFinanceCosts_qq,,,37.88,-67.03,-130.00,766.67,10.00,-42.42,-36.84,479.17,5.04,-13.70,-36.51,1280.00,-134.42,85.00,192.98,49.06,22.78,-73.20,119.23,107.02,-90.68,4800.00,-96.66,3777.78,-184.67,115.06,,420.22,54.64,-143.16,55.99,258.09,-48.37,45.95,122.22,-73.33,-7.29,-8.99,-8.64,31.08,451.55,-110.84,682.76,-62.43,-0.79,,-3.97,46.28,87.57,-93.07
IncomeFinanceCosts_sq,,,55.43,-40.82,11.02,-19.12,10.00,68.44,-6.24,14.70,4.41,22.74,143.77,-45.88,21.30,-33.37,192.98,5.01,49.78,-56.02,110.38,-29.90,20.48,25.65,-43.93,-12.02,7.44,-14.64,,-41.10,18.26,-61.91,46.20,46.15,-5.70,-9.94,29.38,49.51,-5.08,-12.06,-2.67,31.08,0.23,17.52,-1.61,-6.99,38.73,,34.48,-5.66,10.53,2.17
IncomeOtherIncome,0,,-2000,8000,129000,131000,150000,-8000,-7000,0,0,0,-78000,,,,,,,,,-138000,170000,,-2551000,728000,-498000,,,-450000,-149000,,,,637000,,,,1145000,1154000,45000,150000,275000,1499000,11000,747000,722000,884000,-132000,212000,172000,1308000
IncomeOtherIncome_yy,,,,,,,7600.00,-200.00,-105.43,-100.00,-100.00,100.00,-1014.29,,,,100.00,,,,,,,,,627.54,-392.94,,100.00,-161.81,70.08,,,100.00,527.52,,,,79.75,,,,-75.98,29.90,-75.56,398.00,162.55,-41.03,-1300.00,-71.62,-76.18,47.96
IncomeOtherIncome_sy,,,,,,,53.42,-17.70,-105.43,-100.00,-87.73,-29.46,-1014.29,,,,99.39,,,,,,,,,100.00,-392.94,,-47616.67,-215.28,1151.70,,,100.00,213.76,,,,-9.86,,,,-75.98,29.90,-75.56,100.00,31.27,-41.03,-100.00,14.19,-76.18,47.96
IncomeOtherIncome_qq,,,,500.00,1512.50,1.55,14.50,-105.33,12.50,100.00,,,,100.00,,,,,,,,,223.19,-100.00,,128.54,-168.41,100.00,,,66.89,100.00,,,,-100.00,,,,0.79,-96.10,233.33,83.33,445.09,-99.27,6690.91,-3.35,22.44,-114.93,260.61,-18.87,660.47
IncomeOtherIncome_sq,,,,26.03,4.43,1.55,14.50,-41.15,12.50,100.00,,,,83.94,,,,,,,,,58.05,100.00,,203.16,-152.96,158.34,,,320.48,,,,,-100.00,,,,0.79,-96.10,-102.66,100.00,261.22,533.33,-100.00,48.32,22.44,-114.93,260.61,-18.87,660.47
IncomeNetGrossProfit,4046000,160000,274000,3714000,-1125000,-757000,262000,3572000,-1760000,-1456000,-435000,5134000,-2094000,-1869000,1105000,4375000,-1426000,-345000,630000,4751000,1145000,-231000,1245000,2060000,-3219000,726000,-143000,4944000,-1306000,-1241000,-105000,4201000,-1176000,-1744000,1149000,2612000,-634000,232000,1609000,5093000,-439000,62000,383000,5617000,-1185000,251000,1280000,4200000,4391000,-174000,914000,3973000
IncomeNetGrossProfit_yy,,,,-8.21,,-573.13,-4.38,-3.82,-56.44,-92.34,-266.03,43.73,-18.98,-28.37,354.02,-14.78,31.90,81.54,-42.99,8.59,180.29,33.04,97.62,-56.64,-381.14,414.29,-111.49,140.00,59.43,-270.94,26.57,-15.03,9.95,-40.53,1194.29,-37.82,46.09,113.30,40.03,94.98,30.76,-73.28,-76.20,10.29,-169.93,304.84,234.20,-25.23,470.55,-169.32,-28.59,-5.40
IncomeNetGrossProfit_sy,,,,8.84,,54.80,-6.82,-8.22,-56.44,-14.05,-0.73,-22.53,-107.74,-66.13,39.18,-18.66,54.87,31.11,-26.85,8.59,49.21,2.78,59.46,17.11,6.89,-89.88,24.52,11.20,42.18,40.40,57.13,93.18,59.92,53.81,60.76,79.07,63.32,152.52,107.71,63.38,58.56,30.24,10.74,7.01,37.46,9.93,16.54,28.62,-25.56,10.59,-3.16,-12.12
IncomeNetGrossProfit_qq,,,71.25,1255.47,-130.29,32.71,134.61,1263.36,-149.27,17.27,70.12,1280.23,-140.79,10.74,159.12,295.93,-132.59,75.81,282.61,654.13,-75.90,-120.17,638.96,65.46,-256.26,122.55,-119.70,3557.34,-126.42,4.98,91.54,4100.95,-127.99,-48.30,165.88,127.33,-124.27,136.59,593.53,216.53,-108.62,114.12,517.74,1366.58,-121.10,121.18,409.96,228.12,4.55,-103.96,625.29,334.68
IncomeNetGrossProfit_sq,,,112.14,32.74,-20.32,6.18,-12.23,39.73,-135.96,29.84,23.38,64.70,-140.79,86.99,159.12,-7.00,-132.59,75.81,106.18,-3.26,-67.17,4.29,25.49,65.46,-221.19,53.66,-32.75,32.63,-106.58,-35.80,339.89,197.77,-109.34,19.06,187.61,154.65,-106.76,134.58,217.30,57.11,-78.49,27.73,83.00,78.63,-33.83,-16.02,136.54,127.42,-65.12,-33.34,140.24,137.93
IncomeExtraordinarProfit,,,,,,,,,,,,,,,,,,,,,,,,,,,,,,,,,,,,,,,,,,,,,,,,,,,,
IncomeExtraordinarProfit_yy,,,,,,,,,,,,,,,,,,,,,,,,,,,,,,,,,,,,,,,,,,,,,,,,,,,,
IncomeExtraordinarProfit_sy,,,,,,,,,,,,,,,,,,,,,,,,,,,,,,,,,,,,,,,,,,,,,,,,,,,,
IncomeExtraordinarProfit_qq,,,,,,,,,,,,,,,,,,,,,,,,,,,,,,,,,,,,,,,,,,,,,,,,,,,,
IncomeExtraordinarProfit_sq,,,,,,,,,,,,,,,,,,,,,,,,,,,,,,,,,,,,,,,,,,,,,,,,,,,,
IncomeBeforeTaxProfit,4046000,160000,274000,3714000,-1125000,-757000,262000,3572000,-1760000,-1456000,-435000,5134000,-2094000,-1869000,1105000,4375000,-1426000,-345000,630000,4751000,1145000,-231000,1245000,2060000,-3219000,726000,-143000,4944000,-1306000,-1241000,-105000,4201000,-1176000,-1744000,1149000,2612000,-634000,232000,1609000,5093000,-439000,62000,383000,5617000,-1185000,251000,1280000,4200000,4391000,-174000,914000,3973000
IncomeBeforeTaxProfit_yy,,,,-8.21,,-573.13,-4.38,-3.82,-56.44,-92.34,-266.03,43.73,-18.98,-28.37,354.02,-14.78,31.90,81.54,-42.99,8.59,180.29,33.04,97.62,-56.64,-381.14,414.29,-111.49,140.00,59.43,-270.94,26.57,-15.03,9.95,-40.53,1194.29,-37.82,46.09,113.30,40.03,94.98,30.76,-73.28,-76.20,10.29,-169.93,304.84,234.20,-25.23,470.55,-169.32,-28.59,-5.40
IncomeBeforeTaxProfit_sy,,,,8.77,,54.80,-6.82,-8.22,-56.44,-14.05,-0.73,-22.53,-107.74,-66.13,39.18,-18.66,54.87,31.11,-26.85,8.59,49.21,2.78,59.46,17.11,6.89,-89.88,24.52,11.20,42.18,40.40,57.13,93.18,59.92,53.81,60.76,79.07,63.32,152.52,107.71,63.38,58.56,30.24,10.74,7.01,37.46,9.93,16.54,28.62,-25.56,10.59,-3.16,-12.12
IncomeBeforeTaxProfit_qq,,,71.25,1255.47,-130.29,32.71,134.61,1263.36,-149.27,17.27,70.12,1280.23,-140.79,10.74,159.12,295.93,-132.59,75.81,282.61,654.13,-75.90,-120.17,638.96,65.46,-256.26,122.55,-119.70,3557.34,-126.42,4.98,91.54,4100.95,-127.99,-48.30,165.88,127.33,-124.27,136.59,593.53,216.53,-108.62,114.12,517.74,1366.58,-121.10,121.18,409.96,228.12,4.55,-103.96,625.29,334.68
IncomeBeforeTaxProfit_sq,,,112.14,32.74,-20.32,6.18,-12.23,39.73,-135.96,29.84,23.38,64.70,-140.79,86.99,159.12,-7.00,-132.59,75.81,106.18,-3.26,-67.17,4.29,25.49,65.46,-221.19,53.66,-32.75,32.63,-106.58,-35.80,339.89,197.77,-109.34,19.06,187.61,154.65,-106.76,134.58,217.30,57.11,-78.49,27.73,83.00,78.63,-33.83,-16.02,136.54,127.42,-65.12,-33.34,140.24,137.93
IncomeDiscontinuedProfit,,,,,,,,,,,,,,,,,,,,,,,,,,,,,,,,,,,,,,,,,,,,,,,,,,,,
IncomeDiscontinuedProfit_yy,,,,,,,,,,,,,,,,,,,,,,,,,,,,,,,,,,,,,,,,,,,,,,,,,,,,
IncomeDiscontinuedProfit_sy,,,,,,,,,,,,,,,,,,,,,,,,,,,,,,,,,,,,,,,,,,,,,,,,,,,,
IncomeDiscontinuedProfit_qq,,,,,,,,,,,,,,,,,,,,,,,,,,,,,,,,,,,,,,,,,,,,,,,,,,,,
IncomeDiscontinuedProfit_sq,,,,,,,,,,,,,,,,,,,,,,,,,,,,,,,,,,,,,,,,,,,,,,,,,,,,
IncomeNetProfit,3287000,8000,345000,2996000,-892000,-799000,279000,2929000,-1326000,-1540000,-85000,4175000,-1733000,-1603000,839000,3591000,-1155000,-367000,529000,3657000,1471000,-229000,1101000,1541000,-3003000,610000,-134000,4376000,-1192000,-1105000,-125000,4197000,-811000,-1485000,1129000,3581000,-716000,869000,827000,4333000,-360000,69000,262000,4897000,-983000,305000,1151000,3473000,3312000,-112000,764000,3451000
IncomeNetProfit_yy,,,,-8.85,,-10087.50,-19.13,-2.24,-48.65,-92.74,-130.47,42.54,-30.69,-4.09,1087.06,-13.99,33.35,77.11,-36.95,1.84,227.36,37.60,108.13,-57.86,-304.15,366.38,-112.17,183.97,60.31,-281.15,6.72,-4.09,31.96,-34.39,1003.20,-14.68,11.71,158.52,-26.75,21.00,49.72,-92.06,-68.32,13.02,-173.06,342.03,339.31,-29.08,436.93,-136.72,-33.62,-0.63
IncomeNetProfit_sy,,,,5.96,,55.74,-15.28,-9.74,-48.65,-20.48,-19.86,-26.62,-237.89,-140.28,56.55,-38.69,83.97,42.82,-19.65,10.72,63.94,14.69,61.15,17.17,46.96,-85.46,24.38,24.34,40.28,37.45,47.11,77.39,66.81,56.19,59.12,82.43,50.51,198.65,95.43,55.54,85.80,39.80,12.19,-1.23,6.14,7.52,10.15,32.31,-20.57,11.09,-3.13,-10.82
IncomeNetProfit_qq,,,4212.50,768.41,-129.77,10.43,134.92,949.82,-145.27,-16.14,94.48,5011.76,-141.51,7.50,152.34,328.01,-132.16,68.23,244.14,591.30,-59.78,-115.57,580.79,39.96,-294.87,120.31,-121.97,3365.67,-127.24,7.30,88.69,3457.60,-119.32,-83.11,176.03,217.18,-119.99,221.37,-4.83,423.94,-108.31,119.17,279.71,1769.08,-120.07,131.03,277.38,201.74,-4.64,-103.38,782.14,351.70
IncomeNetProfit_sq,,,203.66,29.50,-16.22,4.41,-9.14,37.11,-145.27,69.06,3.42,77.63,-173.22,85.66,148.49,-12.08,-132.16,73.90,106.06,-2.24,-59.14,92.74,28.67,39.96,-220.56,0.40,-39.52,37.56,-112.12,-36.74,586.49,190.20,-99.84,0.36,232.91,273.13,-101.24,140.11,-2.27,110.56,-81.32,27.34,36.99,76.82,-46.69,21.34,132.46,176.25,-55.81,-59.29,94.15,144.91
IncomeShareholderNetProfit,3287000,8000,345000,2996000,-892000,-799000,279000,2929000,-1326000,-1540000,-85000,4175000,-1733000,-1603000,839000,3591000,-1155000,-367000,529000,3657000,-671000,-229000,1101000,1541000,-3003000,610000,-134000,4376000,-1192000,-1105000,-125000,4197000,-811000,-1485000,1129000,3581000,-716000,869000,827000,4333000,-360000,69000,262000,4897000,-983000,305000,1151000,3473000,3312000,-112000,764000,3451000
IncomeShareholderNetProfit_yy,,,,-8.85,,-10087.50,-19.13,-2.24,-48.65,-92.74,-130.47,42.54,-30.69,-4.09,1087.06,-13.99,33.35,77.11,-36.95,1.84,41.90,37.60,108.13,-57.86,-347.54,366.38,-112.17,183.97,60.31,-281.15,6.72,-4.09,31.96,-34.39,1003.20,-14.68,11.71,158.52,-26.75,21.00,49.72,-92.06,-68.32,13.02,-173.06,342.03,339.31,-29.08,436.93,-136.72,-33.62,-0.63
IncomeShareholderNetProfit_sy,,,,18.29,,60.22,-17.08,-9.52,-48.65,-44.08,-12.11,-36.19,-211.17,-143.81,46.05,-39.07,83.66,35.13,-16.57,11.13,59.26,16.12,52.20,14.82,36.54,-82.68,11.78,12.86,39.61,36.82,33.88,56.36,68.98,52.38,44.46,87.19,50.51,188.74,116.16,55.53,88.79,39.79,12.19,-4.16,-17.69,7.52,10.14,32.28,-16.66,11.09,4.86,-10.82
IncomeShareholderNetProfit_qq,,,4212.50,768.41,-129.77,10.43,134.92,949.82,-145.27,-16.14,94.48,5011.76,-141.51,7.50,152.34,328.01,-132.16,68.23,244.14,591.30,-118.35,65.87,580.79,39.96,-294.87,120.31,-121.97,3365.67,-127.24,7.30,88.69,3457.60,-119.32,-83.11,176.03,217.18,-119.99,221.37,-4.83,423.94,-108.31,119.17,279.71,1769.08,-120.07,131.03,277.38,201.74,-4.64,-103.38,782.14,351.70
IncomeShareholderNetProfit_sq,,,204.07,26.73,-16.64,2.00,-13.05,61.51,-145.27,70.87,6.38,71.94,-172.26,85.76,150.17,-10.42,-132.16,70.37,103.70,-8.66,-77.88,90.57,29.48,39.96,-197.70,1.01,-36.66,28.91,-111.86,17.40,316.81,71.80,-89.48,-7.28,159.28,273.13,-94.44,139.78,-4.70,123.40,-71.66,-5.11,20.90,72.23,-30.41,-9.07,132.46,167.75,-53.64,-55.51,66.63,144.92
BalanceNoncurrentAssets,56713000,61436000,64808000,64093000,65290000,69279000,94698000,98399000,99854000,101139000,104861000,103712000,104551000,,,,111702000,111892000,114834000,,110598000,,110217000,109737000,112290000,114927000,121058000,,127817000,127067000,,127359000,128473000,127710000,126806000,127153000,128055000,128035000,126477000,126981000,127608000,128118000,125995000,127301000,127222000,127220000,125503000,126216000,118425000,118433000,117995000,117732000
BalanceNoncurrentAssets_yy,,,,13.01,,12.77,46.12,53.53,52.94,45.99,10.73,5.40,4.70,-100.00,-100.00,-100.00,6.84,,,,-0.99,-100.00,-4.02,,1.53,,9.84,-100.00,13.83,10.56,-100.00,,0.51,0.51,,-0.16,-0.33,0.25,-0.26,-0.14,-0.35,0.06,-0.38,0.25,-0.30,-0.70,-0.39,-0.85,-6.91,-6.91,-5.98,-6.72
BalanceNoncurrentAssets_sy,,,,36.77,,15.03,14.10,37.74,42.31,39.15,20.66,13.10,6.89,5.64,3.20,-68.71,-2.81,,,,-0.99,63.33,14.85,,1.74,,-0.18,-60.50,-9.06,-3.89,-13.64,,-3.33,-3.67,,0.14,-0.05,8.36,1.24,18.82,17.73,6.33,16.59,8.07,7.85,11.10,7.43,8.49,9.07,1.39,3.38,-2.36
BalanceNoncurrentAssets_qq,,,5.49,-1.10,1.87,6.11,36.69,3.91,1.48,1.29,3.68,-1.10,0.81,-100.00,,,,0.17,2.63,-100.00,,-100.00,,-0.44,2.33,2.35,5.33,-100.00,,-0.59,-100.00,,0.87,-0.59,-0.71,0.27,0.71,-0.02,-1.22,0.40,0.49,0.40,-1.66,1.04,-0.06,,-1.35,0.57,-6.17,0.01,-0.37,-0.22
BalanceNoncurrentAssets_sq,,,9.18,-50.55,4.61,0.84,5.45,-48.04,3.24,1.29,5.20,-100.00,-12.66,-1.04,,,,-1.27,7.80,-100.00,,2.23,,-100.00,-5.40,1.40,-3.00,-2.56,,-0.20,-3.08,,-1.20,-0.60,2.92,0.70,-1.05,3.69,0.34,3.04,1.19,0.54,2.57,1.04,2.20,,0.04,-0.14,4.00,1.91,2.81,1.64
BalanceIntangibleAssets,96000,155000,167000,133000,116000,129000,107000,88000,68000,68000,58000,95000,75000,,,,19583000,9644000,19482000,,865000,,840000,824000,808000,808000,795000,,790000,818000,,845000,830000,826000,812000,771000,759000,758000,748000,736000,788000,1875000,1868000,1851000,1834000,1841000,1830000,1833000,1809000,1804000,1785000,1767000
BalanceIntangibleAssets_yy,,,,38.54,,-16.77,-35.93,-33.83,-41.38,-47.29,-45.79,7.95,10.29,-100.00,-100.00,-100.00,26010.67,,,,-95.58,-100.00,-95.69,,-6.59,,-5.36,-100.00,-2.23,1.24,-100.00,,5.06,0.98,,-8.76,-8.55,-8.23,-7.88,-4.54,3.82,147.36,149.73,151.49,132.74,-1.81,-2.03,-0.97,-1.36,-2.01,-2.46,-3.60
BalanceIntangibleAssets_sy,,,,339.56,,-0.19,-3.34,-16.98,-0.49,3.44,3.44,7.36,10.29,0.88,1.00,-87.40,-6.62,,,,6.23,12.19,3.64,,-4.53,,-4.28,-73.25,-4.08,-2.60,-2.68,,-0.54,-0.60,,-1.98,-0.66,-1.02,-0.28,3.40,4.31,6.14,149.73,13.52,3.28,-1.24,-0.97,-0.01,0.04,-0.01,0.08,-0.58
BalanceIntangibleAssets_qq,,,7.74,-20.36,-12.78,11.21,-17.05,-17.76,-22.73,,-14.71,63.79,-21.05,-100.00,,,,-50.75,102.01,-100.00,,-100.00,,-1.90,-1.94,,-1.61,-100.00,,3.54,-100.00,,-1.78,-0.48,-1.69,-5.05,-1.56,-0.13,-1.32,-1.60,7.07,137.94,-0.37,-0.91,-0.92,0.38,-0.60,0.16,-1.31,-0.28,-1.05,-1.01
BalanceIntangibleAssets_sq,,,7.74,-60.18,-6.23,-0.23,0.15,-58.88,-11.39,,0.31,-100.00,-47.25,-0.62,,,,-0.84,5.18,-100.00,,-0.64,,-100.00,-23.02,,-0.72,-2.60,,-0.15,-0.60,,-0.80,-0.40,-0.12,-0.10,-0.42,-0.13,0.62,1.22,0.98,-0.04,-0.35,-0.69,-0.03,-0.44,0.04,0.73,-0.12,-0.14,0.08,1.38
BalanceProperty,56454000,60808000,64207000,63607000,64738000,68765000,94149000,97890000,99215000,100493000,103872000,103104000,103891000,,,,92069000,102198000,95302000,,88927000,,88541000,88645000,92550000,94460000,101786000,,107434000,107106000,,106225000,107201000,106502000,105287000,103159000,104136000,103527000,103230000,102692000,103303000,102675000,102436000,102357000,102388000,101732000,101337000,101262000,93722000,93485000,92987000,93306000
BalanceProperty_yy,,,,12.67,,13.09,46.63,53.90,53.26,46.14,10.33,5.33,4.71,-100.00,-100.00,-100.00,-11.38,,,,-3.41,-100.00,-7.09,,4.07,,14.96,-100.00,16.08,13.39,-100.00,,-0.22,-0.56,,-2.89,-2.86,-2.79,-1.95,-0.45,-0.80,-0.82,-0.77,-0.33,-0.89,-0.92,-1.07,-1.07,-8.46,-8.11,-8.24,-7.86
BalanceProperty_sy,,,,19.18,,13.09,19.34,40.08,42.23,38.08,23.66,15.70,7.20,5.69,-8.75,-65.86,-11.38,,,,-3.41,56.56,10.06,,12.16,,10.65,-59.58,-9.26,-9.02,-21.58,,2.16,-1.43,,-2.08,-1.76,8.72,7.42,7.50,9.90,4.40,7.31,14.02,14.29,12.12,9.83,9.20,10.29,-1.87,-1.49,-2.30
BalanceProperty_qq,,,5.59,-0.93,1.78,6.22,36.91,3.97,1.35,1.29,3.36,-0.74,0.76,-100.00,,,,11.00,-6.75,-100.00,,-100.00,,0.12,4.41,2.06,7.76,-100.00,,-0.31,-100.00,,0.92,-0.65,-1.14,-2.02,0.95,-0.58,-0.29,-0.52,0.59,-0.61,-0.23,-0.08,0.03,-0.64,-0.39,-0.07,-7.45,-0.25,-0.53,0.34
BalanceProperty_sq,,,5.59,-50.46,5.74,1.19,5.97,-48.02,4.66,1.29,4.67,-100.00,-9.61,-3.15,,,,-1.27,6.82,-100.00,,4.15,,-100.00,-2.23,0.42,-0.62,-4.17,,-0.44,-2.36,,-1.52,-0.68,0.58,0.24,-1.65,8.04,1.04,-0.38,1.96,2.55,2.84,1.61,4.67,1.32,0.14,-0.56,3.34,0.34,4.09,2.04
BalanceNoncurrentReceivables,,,,,,,,,,,,,,,,,0,,,,8000,,5000,66000,685000,685000,,,10000,10000,,10000,10000,10000,11000,1528000,1501000,1401000,1304000,1205000,1121000,1024000,1203000,1102000,1001000,902000,803000,705000,609000,,,
BalanceNoncurrentReceivables_yy,,,,,,,,,,,,,,,,,,,,,,,,,8462.50,,-100.00,-100.00,-98.54,-98.54,,,,,,15180.00,14910.00,13910.00,11754.55,-21.14,-25.32,-26.91,-7.75,-8.55,-10.70,-11.91,-33.25,-36.03,-39.16,-100.00,-100.00,-100.00
BalanceNoncurrentReceivables_sy,,,,,,,,,,,,,,,,,,,,,,,,,18.72,,-12.21,-45.84,-28.12,-46.67,,,,,,-13.37,-18.82,19.99,12.49,-29.03,-17.04,-15.77,4.53,6.21,-10.70,-11.91,18.68,1.19,-28.26,-6.48,6.64,-100.00
BalanceNoncurrentReceivables_qq,,,,,,,,,,,,,,,,,,,,,,-100.00,,1220.00,937.88,,-100.00,,,,-100.00,,,,10.00,13790.91,-1.77,-6.66,-6.92,-7.59,-6.97,-8.65,17.48,-8.40,-9.17,-9.89,-10.98,-12.20,-13.62,-100.00,,
BalanceNoncurrentReceivables_sq,,,,,,,,,,,,,,,,,,,,,,-32.53,,-100.00,471.68,,-16.25,,,,-50.00,,,,0.96,-1.82,-9.07,-1.35,-6.92,-7.59,9.30,-2.20,2.47,3.85,-9.17,-8.06,-1.70,-0.48,-8.51,-19.38,,
BalanceNoncurrInvestments,50000,50000,50000,50000,50000,50000,50000,50000,50000,50000,50000,50000,50000,,,,50000,50000,50000,,20798000,,20831000,20202000,18247000,18974000,18477000,,19583000,19133000,,20279000,20432000,20372000,20696000,21695000,21659000,22349000,21195000,22348000,22396000,22544000,20488000,21991000,21999000,22745000,21533000,22416000,22285000,22920000,22980000,22423000
BalanceNoncurrInvestments_yy,,,,,,,,,,,,,,-100.00,-100.00,-100.00,,,,,41496.00,-100.00,41562.00,,-12.27,,-11.30,-100.00,7.32,0.84,-100.00,,4.34,6.48,,6.98,6.01,9.70,2.41,3.01,3.40,0.87,-3.34,-1.60,-1.77,0.89,5.10,1.93,1.30,0.77,6.72,0.03
BalanceNoncurrInvestments_sy,,,,,,,,,,,,,,10.59,-71.06,-100.00,,,,,-37.66,-78.21,-42.76,,-12.27,,-5.65,-44.28,3.66,0.42,-53.18,,-45.64,-37.38,,1.46,15.98,57.72,-0.60,-0.58,3.40,-1.30,0.28,1.36,2.74,3.96,5.03,1.04,-27.46,12.26,4.52,-37.90
BalanceNoncurrInvestments_qq,,,,,,,,,,,,,,-100.00,,,,,,-100.00,,-100.00,,-3.02,-9.68,3.98,-2.62,-100.00,,-2.30,-100.00,,0.75,-0.29,1.59,4.83,-0.17,3.19,-5.16,5.44,0.21,0.66,-9.12,7.34,0.04,3.39,-5.33,4.10,-0.58,2.85,0.26,-2.42
BalanceNoncurrInvestments_sq,,,,,,,,,,,,,,-46.67,,,,,,-100.00,,-2.44,,-100.00,0.88,1.99,-2.68,,,-1.15,-43.56,,-1.66,0.16,19.63,4.41,-8.83,2.77,-2.89,1.49,-2.58,-0.27,1.16,2.45,0.51,1.59,-13.09,2.05,0.28,12.97,,-1.21
BalanceOtherNoncurrentAssets,113000,423000,384000,303000,386000,335000,392000,371000,521000,528000,881000,463000,535000,,,,,,,,,,,,,,,,,,,,,,,,,,,,,,,,,,,,,224000,243000,236000
BalanceOtherNoncurrentAssets_yy,,,,168.14,,-20.80,2.08,22.44,34.97,57.61,124.74,24.80,2.69,-100.00,-100.00,-100.00,-100.00,,,,,,,,,,,,,,,,,,,,,,,,,,,,,,,,,,,
BalanceOtherNoncurrentAssets_sy,,,,217.84,,-12.69,-8.56,-8.47,34.97,54.52,114.66,107.28,57.14,51.22,33.68,126.56,-44.45,,,,,,,,,,,,,,,,,,,,,,,,,,,,,,,,,,,
BalanceOtherNoncurrentAssets_qq,,,-9.22,-21.09,27.39,-13.21,17.01,-5.36,40.43,1.34,66.86,-47.45,15.55,-100.00,,,,,,,,,,,,,,,,,,,,,,,,,,,,,,,,,,,,,8.48,-2.88
BalanceOtherNoncurrentAssets_sq,,,-6.73,-60.55,25.86,-1.98,-3.25,-52.68,83.60,1.34,66.86,-100.00,372.11,,,,,,,,,,,,,,,,,,,,,,,,,,,,,,,,,,,,,,2.86,-15.90
BalanceCurrentAssets,9448000,7141000,8073000,35325000,34503000,30850000,10800000,7160000,3470000,4423000,6708000,7637000,2855000,,,,4145000,4614000,5998000,,5629000,,6705000,7385000,6729000,5226000,6602000,,4817000,5749000,,5081000,4621000,4777000,4509000,5251000,4810000,4637000,6309000,8953000,7866000,8539000,9299000,11996000,11267000,11526000,15018000,16200000,27507000,25862000,26235000,28972000
BalanceCurrentAssets_yy,,,,273.89,,332.01,33.78,-79.73,-89.94,-85.66,-37.89,6.66,-17.72,-100.00,-100.00,-100.00,45.18,,,,35.80,-100.00,11.79,,19.54,,-1.54,-100.00,-28.41,10.01,-100.00,,-4.07,-16.91,,3.35,4.09,-2.93,39.92,70.50,63.53,84.15,47.39,33.99,43.24,34.98,61.50,35.05,144.14,124.38,74.69,78.84
BalanceCurrentAssets_sy,,,,194.32,,20.83,32.57,-39.67,50.73,51.57,2.32,19.75,-3.31,-5.74,3.16,-56.46,-1.95,,,,35.80,7.23,17.85,,13.96,,1.63,-67.28,-21.02,0.74,3.98,,11.62,10.21,,17.28,0.27,15.98,29.00,27.58,40.56,15.74,21.54,18.15,12.76,34.98,15.39,23.44,10.01,25.74,26.29,71.34
BalanceCurrentAssets_qq,,,13.05,337.57,-2.33,-10.59,-64.99,-33.70,-51.54,27.46,51.66,13.85,-62.62,-100.00,,,,11.31,30.00,-100.00,,-100.00,,10.14,-8.88,-22.34,26.33,-100.00,,19.35,-100.00,,-9.05,3.38,-5.61,16.46,-8.40,-3.60,36.06,41.91,-12.14,8.56,8.90,29.00,-6.08,2.30,30.30,7.87,69.80,-5.98,1.44,10.43
BalanceCurrentAssets_sq,,,24.08,-46.03,-11.86,-10.59,16.38,-66.85,-16.76,10.95,24.65,-100.00,-46.53,-7.69,,,,12.59,30.48,-100.00,,-12.24,,-100.00,-12.78,-15.04,21.54,-22.60,,0.04,10.56,,7.78,1.11,-5.34,0.64,1.30,0.79,21.58,-0.56,-0.08,-6.89,13.70,-7.49,11.35,-1.73,21.26,2.84,3.68,-5.54,16.82,0.19
BalanceInventory,283000,279000,349000,345000,311000,274000,302000,310000,286000,314000,306000,355000,312000,,,,310000,300000,302000,,280000,,272000,305000,317000,255000,183000,,241000,116000,,179000,315000,337000,158000,336000,408000,379000,363000,373000,397000,361000,359000,323000,358000,392000,522000,397000,373000,442000,388000,322000
BalanceInventory_yy,,,,21.91,,-1.79,-13.47,-10.14,-8.04,14.60,1.32,14.52,9.09,-100.00,-100.00,-100.00,-0.64,,,,-9.68,-100.00,-9.93,,13.21,,-32.72,-100.00,-23.97,-54.51,-100.00,,30.71,190.52,,87.71,29.52,12.46,129.75,11.01,-2.70,-4.75,-1.10,-13.40,-9.82,8.59,45.40,22.91,4.19,12.76,-25.67,-18.89
BalanceInventory_sy,,,,16.36,,17.42,6.25,9.88,17.88,17.69,7.02,29.84,9.09,10.97,-34.22,-71.92,-21.27,,,,-10.70,54.31,16.04,,13.21,,-2.24,-64.27,-8.61,-8.98,-8.42,,12.80,1.02,,4.61,8.55,17.91,23.54,31.30,27.56,3.19,4.48,8.30,21.42,34.70,45.40,22.91,3.09,-0.27,-6.88,-14.44
BalanceInventory_qq,,,25.09,-1.15,-9.86,-11.90,10.22,2.65,-7.74,9.79,-2.55,16.01,-12.11,-100.00,,,,-3.23,0.67,-100.00,,-100.00,,12.13,3.93,-19.56,-28.24,-100.00,,-51.87,-100.00,,75.98,6.98,-53.12,112.66,21.43,-7.11,-4.22,2.75,6.43,-9.07,-0.55,-10.03,10.84,9.50,33.16,-23.95,-6.05,18.50,-12.22,-17.01
BalanceInventory_sq,,,28.50,-51.97,-4.50,-3.10,13.76,-49.43,-2.08,-6.56,-1.87,-100.00,-15.32,-0.15,,,,-9.76,0.67,-100.00,,19.42,,-100.00,-5.88,1.39,-1.44,-7.02,,7.44,-2.26,,7.24,-0.58,5.86,2.68,10.24,-4.06,4.03,2.36,7.43,-6.85,3.34,3.01,11.19,-2.75,4.57,-6.46,1.06,0.81,3.64,-11.52
BalanceCurrentReceivables,2176000,2665000,5105000,1875000,1945000,2491000,5979000,4171000,2292000,2991000,4932000,3571000,2080000,,,,3326000,4142000,5288000,,2838000,,5428000,4369000,3983000,3435000,5814000,,4344000,5407000,,3395000,3400000,4325000,3930000,4232000,3536000,4158000,4142000,4947000,2975000,4170000,4735000,3720000,3059000,4724000,5252000,4829000,18822000,89000,,34000
BalanceCurrentReceivables_yy,,,,-13.83,,-6.53,17.12,122.45,17.84,20.07,-17.51,-14.39,-9.25,-100.00,-100.00,-100.00,59.90,,,,-14.67,-100.00,2.65,,40.35,,7.11,-100.00,9.06,57.41,-100.00,,-21.73,-20.01,,24.65,4.00,-3.86,5.39,16.90,-15.87,0.29,14.32,-24.80,2.82,13.29,10.92,29.81,515.30,-98.12,-100.00,-99.30
BalanceCurrentReceivables_sy,,,,23.84,,14.70,8.19,69.12,66.03,29.61,10.20,23.23,33.56,-8.87,-15.05,-57.60,-6.61,,,,-14.67,-9.74,5.99,,30.66,,-6.00,-49.08,-0.24,9.54,1.30,,-5.78,-11.28,,15.48,4.98,29.65,6.98,14.32,21.44,0.29,14.32,0.99,15.19,21.24,29.42,32.99,21.19,10.41,18.30,-52.31
BalanceCurrentReceivables_qq,,,91.56,-63.27,3.73,28.07,140.02,-30.24,-45.05,30.50,64.89,-27.60,-41.75,-100.00,,,,24.53,27.67,-100.00,,-100.00,,-19.51,-8.83,-13.76,69.26,-100.00,,24.47,-100.00,,0.15,27.21,-9.13,7.68,-16.45,17.59,-0.38,19.44,-39.86,40.17,13.55,-21.44,-17.77,54.43,11.18,-8.05,289.77,-99.53,-100.00,
BalanceCurrentReceivables_sq,,,55.70,-81.64,6.54,18.30,59.00,-66.22,5.88,30.50,64.89,-100.00,-36.58,-7.45,,,,24.53,5.72,-100.00,,13.68,,-100.00,17.52,-10.69,4.21,-2.52,,17.90,-20.10,,-1.76,18.58,8.65,-3.65,-9.98,43.08,3.27,-7.92,3.54,32.65,13.55,-18.24,10.10,22.81,16.53,-6.45,17.69,3.50,14.36,
BalanceCurrentInvestments,0,0,0,5006000,4028000,20455000,15000,7000,,,,,,,,,,,,,,,,,,530000,263000,,,,,,,,,,,,,,,,,,,,,,,2128000,2622000,3195000
BalanceCurrentInvestments_yy,,,,,,,,-99.86,-100.00,-100.00,-100.00,-100.00,,,,,,,,,,,,,,,,,,-100.00,-100.00,,,,,,,,,,,,,,,,,,,,,
BalanceCurrentInvestments_sy,,,,,,,,-99.93,-100.00,-100.00,-100.00,-100.00,,,,,,,,,,,,,,,,,,-34.48,-21.87,,,,,,,,,,,,,,,,,,,,,
BalanceCurrentInvestments_qq,,,,,-19.54,407.82,-99.93,-53.33,-100.00,,,,,,,,,,,,,,,,,,-50.38,-100.00,,,,,,,,,,,,,,,,,,,,,,,23.21,21.85
BalanceCurrentInvestments_sq,,,,,-59.77,0.04,-100.00,-53.33,-100.00,,,,,,,,,,,,,,,,,,-14.11,-25.00,,,,,,,,,,,,,,,,,,,,,,,23.21,-39.07
BalanceCash,6769000,3684000,901000,27849000,28091000,7080000,3472000,2267000,615000,399000,600000,3403000,303000,,,,509000,172000,408000,,2511000,,1005000,2711000,2429000,1006000,342000,,232000,226000,,1507000,906000,115000,421000,683000,866000,100000,1804000,3633000,4494000,4008000,4205000,7953000,7850000,6410000,9244000,10974000,8312000,21395000,21753000,24622000
BalanceCash_yy,,,,311.42,,92.18,285.35,-91.86,-97.81,-94.36,-82.72,50.11,-50.73,-100.00,-100.00,-100.00,67.99,,,,393.32,-100.00,146.32,,-3.27,,-65.97,-100.00,-90.45,-77.53,-100.00,,290.52,-49.12,,-54.68,-4.42,-13.04,328.50,431.92,418.94,3908.00,133.09,118.91,74.68,59.93,119.83,37.99,5.89,233.78,135.32,124.37
BalanceCash_sy,,,,269.91,,-5.89,64.30,-41.65,16.63,16.76,-18.40,17.74,-38.19,-53.94,59.67,-44.81,25.03,,,,54.02,-25.24,122.72,,-22.27,,9.90,-78.47,-23.32,-19.24,0.27,,36.71,24.00,,24.76,9.82,2.76,87.91,89.00,54.37,21.34,30.12,18.43,-8.25,-19.79,-7.19,6.69,5.89,-9.88,28.40,115.03
BalanceCash_qq,,,-75.54,2990.90,0.87,-74.80,-50.96,-34.71,-72.87,-35.12,50.38,467.17,-91.10,-100.00,,,,-66.21,137.21,-100.00,,-100.00,,169.75,-10.40,-58.58,-66.00,-100.00,,-2.59,-100.00,,-39.88,-87.31,266.09,62.23,26.79,-88.45,1704.00,101.39,23.70,-10.81,4.92,89.13,-1.30,-18.34,44.21,18.71,-24.26,157.40,1.67,13.19
BalanceCash_sq,,,-5.68,-60.96,-20.58,-30.58,39.36,-67.36,-55.30,-27.32,-10.04,-100.00,-62.53,-25.61,,,,21.00,101.25,-100.00,,-39.58,,-100.00,-31.38,-11.05,13.38,-14.88,,-2.73,20.01,,21.88,-21.80,30.70,8.32,21.40,-21.20,58.66,4.30,9.86,-10.81,31.94,-7.26,-1.30,-18.34,40.27,18.48,-10.44,-9.67,9.79,-0.70
BalanceOtherCurrentAssets,220000,513000,1718000,250000,128000,550000,1032000,405000,277000,719000,870000,308000,160000,,,,,,,,,,,,,,,,,,,,,,,,,,,,,,,,,,,,,1808000,1472000,799000
BalanceOtherCurrentAssets_yy,,,,13.64,,7.21,-39.93,62.00,116.41,30.73,-15.70,-23.95,-42.24,-100.00,-100.00,-100.00,-100.00,,,,,,,,,,,,,,,,,,,,,,,,,,,,,,,,,,,
BalanceOtherCurrentAssets_sy,,,,13.64,,73.22,-7.00,62.00,116.41,43.18,16.27,-23.95,5.52,25.74,-23.25,-100.00,-36.87,,,,,,,,,,,,,,,,,,,,,,,,,,,,,,,,,,,
BalanceOtherCurrentAssets_qq,,,234.89,-85.45,-48.80,329.69,87.64,-60.76,-31.60,159.57,21.00,-64.60,-48.05,-100.00,,,,,,,,,,,,,,,,,,,,,,,,,,,,,,,,,,,,,-18.58,-45.72
BalanceOtherCurrentAssets_sq,,,167.48,-92.73,-48.80,12.48,46.48,-80.38,-31.60,-9.98,18.51,-100.00,-48.05,-36.16,,,,,,,,,,,,,,,,,,,,,,,,,,,,,,,,,,,,,11.51,-45.72
BalanceAssetsForSale,,,,,,,,,,,,,,,,,,,,,,,,,,,,,,,,,,,,,,,,,,,,,,,,,,,,
BalanceAssetsForSale_yy,,,,,,,,,,,,,,,,,,,,,,,,,,,,,,,,,,,,,,,,,,,,,,,,,,,,
BalanceAssetsForSale_sy,,,,,,,,,,,,,,,,,,,,,,,,,,,,,,,,,,,,,,,,,,,,,,,,,,,,
BalanceAssetsForSale_qq,,,,,,,,,,,,,,,,,,,,,,,,,,,,,,,,,,,,,,,,,,,,,,,,,,,,
BalanceAssetsForSale_sq,,,,,,,,,,,,,,,,,,,,,,,,,,,,,,,,,,,,,,,,,,,,,,,,,,,,
BalanceTotalAssets,66163000,68577000,72881000,99417000,99793000,100129000,105498000,105559000,103324000,105562000,111569000,111349000,107406000,,,,115847000,116506000,120832000,,116227000,,116922000,117122000,119019000,120153000,127660000,,132634000,132816000,,132440000,133094000,132487000,131315000,132404000,132865000,132672000,132786000,135934000,135474000,136657000,135294000,139297000,138489000,138746000,140521000,142416000,145932000,144295000,144230000,146704000
BalanceTotalAssets_yy,,,,50.26,,46.01,44.75,6.18,3.54,5.43,5.75,5.49,3.95,-100.00,-100.00,-100.00,7.86,,,,0.33,-100.00,-3.24,,2.40,,9.18,-100.00,11.44,10.54,-100.00,,0.35,-0.25,,-0.03,-0.17,0.14,1.12,2.67,1.96,3.00,1.89,2.47,2.23,1.53,3.86,2.24,5.37,4.00,2.64,3.01
BalanceTotalAssets_sy,,,,59.82,,32.48,17.76,11.84,24.34,24.38,14.78,14.21,5.56,4.28,1.42,-66.37,-2.91,,,,0.33,11.68,5.82,,2.99,,11.56,-62.51,-1.92,0.73,-2.74,,1.84,-0.84,,0.62,0.96,7.18,6.85,10.06,13.56,6.80,6.84,8.40,15.15,13.36,9.07,6.58,5.37,7.06,6.25,3.63
BalanceTotalAssets_qq,,,6.28,36.41,0.38,0.34,5.36,0.06,-2.12,2.17,5.69,-0.20,-3.54,-100.00,,,,0.57,3.71,-100.00,,-100.00,,0.17,1.62,0.95,6.25,-100.00,,0.14,-100.00,,0.49,-0.46,-0.88,0.83,0.35,-0.15,0.09,2.37,-0.34,0.87,-1.00,2.96,-0.58,0.19,1.28,1.35,2.47,-1.12,-0.05,1.72
BalanceTotalAssets_sq,,,7.99,-47.68,0.90,0.19,4.98,-49.97,2.60,2.65,5.69,-100.00,-15.25,-1.62,,,,1.94,2.24,-100.00,,-0.52,,-100.00,-6.28,-2.88,2.78,-4.86,,0.99,1.30,,0.62,-0.54,1.94,0.10,-0.68,-0.36,3.69,1.20,1.94,-0.19,5.44,-2.24,2.54,-0.49,5.63,-0.62,2.42,0.20,5.66,0.75
BalanceCapital,58733000,59451000,59795000,91717000,90772000,89973000,90252000,93180000,91855000,90315000,90230000,94405000,92672000,,,,100013000,99557000,100175000,,103161000,,104033000,105574000,102571000,103181000,103047000,,106274000,105169000,,107785000,106892000,105407000,106536000,110118000,109500000,110369000,111196000,115527000,115151000,115220000,115482000,120379000,119093000,119397000,120549000,123944000,127327000,127163000,127927000,131378000
BalanceCapital_yy,,,,56.16,,51.34,50.94,1.60,1.19,0.38,-0.02,1.31,0.89,-100.00,-100.00,-100.00,7.92,,,,3.15,-100.00,3.85,,-0.57,,-0.95,-100.00,3.61,1.93,-100.00,,0.58,0.23,,2.16,2.44,4.71,4.37,4.91,5.16,4.40,3.85,4.20,3.42,3.63,4.39,2.96,6.91,6.50,6.12,6.00
BalanceCapital_sy,,,,43.76,,32.52,37.80,27.16,24.33,20.04,7.96,-4.40,0.49,-36.73,-32.25,-143.02,-0.29,,,,22.07,8.77,4.91,,5.40,,1.12,-77.02,-2.38,1.11,-1.94,,8.07,8.74,,6.56,1.74,1.11,0.42,2.90,9.24,8.60,22.81,9.06,9.39,9.10,5.62,7.94,6.91,6.94,15.40,9.32
BalanceCapital_qq,,,0.58,53.39,-1.03,-0.88,0.31,3.24,-1.42,-1.68,-0.09,4.63,-1.84,-100.00,,,,-0.46,0.62,-100.00,,-100.00,,1.48,-2.84,0.59,-0.13,-100.00,,-1.04,-100.00,,-0.83,-1.39,1.07,3.36,-0.56,0.79,0.75,3.89,-0.33,0.06,0.23,4.24,-1.07,0.26,0.96,2.82,2.73,-0.13,0.60,2.70
BalanceCapital_sq,,,3.46,-45.48,2.75,-0.21,4.06,-48.38,-7.34,0.60,-0.09,-100.00,-64.67,-6.36,,,,2.18,3.57,-100.00,,-0.85,,-100.00,-11.90,-4.50,1.76,-1.38,,1.30,3.17,,-0.10,0.18,1.52,3.67,-1.50,2.30,1.60,6.32,0.46,0.06,0.23,4.24,3.42,-1.87,-1.81,7.64,0.32,1.54,0.60,3.09
BalanceShareCapital,47821000,47821000,47821000,72821000,72821000,72821000,72821000,72821000,72821000,72821000,72821000,72821000,72821000,,,,93471000,76694000,97344000,,93471000,,72821000,72821000,72821000,72821000,72821000,,72821000,72821000,,72821000,72821000,72821000,72821000,72821000,72821000,72821000,72821000,72821000,72821000,72821000,72821000,72821000,72821000,72821000,72821000,72821000,72821000,72821000,72821000,72821000
BalanceShareCapital_yy,,,,52.28,,52.28,52.28,,,,,,,-100.00,-100.00,-100.00,28.36,,,,,-100.00,-25.19,,-22.09,,,-100.00,,,-100.00,,,,,,,,,,,,,,,,,,,,,
BalanceShareCapital_sy,,,,26.14,,,,,,,,,,,,-50.00,,,,,,7.43,2.98,,7.30,,,-50.00,,,,,,,,,,,,,,,,,,,,,,,,
BalanceShareCapital_qq,,,,52.28,,,,,,,,,,-100.00,,,,-17.95,26.93,-100.00,,-100.00,,,,,,-100.00,,,-100.00,,,,,,,,,,,,,,,,,,,,,
BalanceShareCapital_sq,,,,-50.00,,,,,,,,,,,,,,,13.50,-100.00,,,,,,,,,,,,,,,,,,,,,,,,,,,,,,,,
BalanceOwnShares,,,,,,,,,,,,,,,,,,,,,,,,,,,,,,,,,,,,,,,,,,,,,,,,,,,,
BalanceOwnShares_yy,,,,,,,,,,,,,,,,,,,,,,,,,,,,,,,,,,,,,,,,,,,,,,,,,,,,
BalanceOwnShares_sy,,,,,,,,,,,,,,,,,,,,,,,,,,,,,,,,,,,,,,,,,,,,,,,,,,,,
BalanceOwnShares_qq,,,,,,,,,,,,,,,,,,,,,,,,,,,,,,,,,,,,,,,,,,,,,,,,,,,,
BalanceOwnShares_sq,,,,,,,,,,,,,,,,,,,,,,,,,,,,,,,,,,,,,,,,,,,,,,,,,,,,
BalanceReserve,7377000,11622000,11621000,15547000,15494000,15494000,17951000,17950000,17951000,17951000,19034000,19034000,19034000,,,,3873000,,,,3873000,,3873000,3873000,3873000,3873000,3873000,,3873000,3873000,,3873000,3873000,3873000,3873000,3873000,3873000,3873000,3873000,3873000,3873000,3873000,3873000,3873000,3873000,3873000,3873000,3873000,3873000,3873000,3833000,3833000
BalanceReserve_yy,,,,110.75,,33.32,54.47,15.46,15.86,15.86,6.03,6.04,6.03,-100.00,-100.00,-100.00,-79.65,,,,,,,,,,,-100.00,,,-100.00,,,,,,,,,,,,,,,,,,,,-1.03,-1.03
BalanceReserve_sy,,,,77.66,,0.06,27.14,58.69,39.57,25.00,12.81,5.42,6.03,1.44,1.14,-52.56,-5.03,,,,,,,,,,,-50.05,,,0.51,,,,,,,,,,,,,,,,,,,,3.50,-3.20
BalanceReserve_qq,,,-0.01,33.78,-0.34,,15.86,-0.01,0.01,,6.03,,,-100.00,,,,-100.00,,,,-100.00,,,,,,-100.00,,,-100.00,,,,,,,,,,,,,,,,,,,,-1.03,
BalanceReserve_sq,,,-0.01,-50.00,-0.17,,8.15,-50.00,0.07,,0.17,,,0.58,,,,,,,,-1.11,,,,,,-1.10,,,-0.56,,,,,,,,,,,,,,,,,,,,3.50,
BalanceNonshareCapital,,,,,,,,,,,,,,,,,,,,,,,,,,,,,,,,,,,,,,,,,,,,,,,,,,,,
BalanceNonshareCapital_yy,,,,,,,,,,,,,,,,,,,,,,,,,,,,,,,,,,,,,,,,,,,,,,,,,,,,
BalanceNonshareCapital_sy,,,,,,,,,,,,,,,,,,,,,,,,,,,,,,,,,,,,,,,,,,,,,,,,,,,,
BalanceNonshareCapital_qq,,,,,,,,,,,,,,,,,,,,,,,,,,,,,,,,,,,,,,,,,,,,,,,,,,,,
BalanceNonshareCapital_sq,,,,,,,,,,,,,,,,,,,,,,,,,,,,,,,,,,,,,,,,,,,,,,,,,,,,
BalanceNoncurrentLiabilities,3691000,3538000,3433000,3238000,3054000,2854000,2670000,2503000,2444000,2323000,7656000,7464000,8557000,,,,8175000,7644000,9954000,,7256000,,7015000,6316000,5622000,7286000,9995000,,15730000,15402000,,16246000,15606000,14725000,14084000,13713000,13304000,12244000,11781000,11486000,11268000,10730000,10788000,10286000,9313000,8569000,8231000,8218000,7630000,7152000,6927000,6413000
BalanceNoncurrentLiabilities_yy,,,,-12.27,,-19.33,-22.23,-22.70,-19.97,-18.61,186.74,198.20,250.12,-100.00,-100.00,-100.00,-4.46,,,,-11.24,-100.00,-29.53,,-22.52,,42.48,-100.00,179.79,111.39,-100.00,,-0.79,-4.40,,-15.59,-14.75,-16.85,-16.35,-16.24,-15.30,-12.37,-8.43,-10.45,-17.35,-20.14,-23.70,-20.10,-18.07,-16.54,-15.84,-21.96
BalanceNoncurrentLiabilities_sy,,,,82.22,,4.79,-14.74,-8.58,4.80,-6.62,84.62,104.85,180.08,16.21,4.94,-94.31,-64.10,,,,-2.65,-36.63,-23.42,,-19.08,,-14.14,865.69,-12.12,-10.54,-18.62,,1.98,-11.06,,-7.66,-2.66,50.80,31.27,44.52,2.32,-3.87,-5.82,-2.68,4.68,10.92,-22.54,-20.10,-15.27,-6.05,-0.44,-16.78
BalanceNoncurrentLiabilities_qq,,,-2.97,-5.68,-5.68,-6.55,-6.45,-6.25,-2.36,-4.95,229.57,-2.51,14.64,-100.00,,,,-6.50,30.22,-100.00,,-100.00,,-9.96,-10.99,29.60,37.18,-100.00,,-2.09,-100.00,,-3.94,-5.65,-4.35,-2.63,-2.98,-7.97,-3.78,-2.50,-1.90,-4.77,0.54,-4.65,-9.46,-7.99,-3.94,-0.16,-7.16,-6.26,-3.15,-7.42
BalanceNoncurrentLiabilities_sq,,,10.39,-52.84,-5.48,-6.55,-8.16,-53.12,-4.16,7.62,3.02,-100.00,-35.82,-0.73,,,,30.39,-0.77,-100.00,,-14.08,,-100.00,911.92,3.78,-1.74,-4.18,,0.89,-7.63,,0.10,-3.21,-0.35,2.68,-0.02,-2.31,-0.37,-3.00,-2.34,-0.04,0.54,-4.65,-2.71,-0.11,-3.94,-0.02,-6.14,0.64,-0.57,-3.70
BalanceNoncurrentTradeLiabilities,,,,,,,,,,,,,,,,,18000,13000,2182000,,41000,,33000,11000,6000,93000,5000,,9000,6000,,28000,35000,73000,52000,47000,112000,62000,30000,24000,20000,21000,33000,29000,33000,44000,44000,46000,55000,56000,52000,51000
BalanceNoncurrentTradeLiabilities_yy,,,,,,,,,,,,,,,,,,,,,127.78,-100.00,-98.49,,-85.37,,-84.85,-100.00,50.00,-93.55,-100.00,,288.89,1116.67,,67.86,220.00,-15.07,-42.31,-48.94,-82.14,-66.13,10.00,20.83,65.00,109.52,33.33,58.62,66.67,27.27,18.18,10.87
BalanceNoncurrentTradeLiabilities_sy,,,,,,,,,,,,,,,,,,,,,127.78,-17.98,-99.25,,-92.68,,-84.85,-100.00,50.00,-93.55,-100.00,,288.89,1116.67,,67.86,220.00,-15.07,-42.31,-48.94,-82.14,-66.13,10.00,20.83,65.00,109.52,33.33,58.62,66.67,27.27,18.18,10.87
BalanceNoncurrentTradeLiabilities_qq,,,,,,,,,,,,,,,,,,-27.78,16684.62,-100.00,,-100.00,,-66.67,-45.45,1450.00,-94.62,-100.00,,-33.33,-100.00,,25.00,108.57,-28.77,-9.62,138.30,-44.64,-51.61,-20.00,-16.67,5.00,57.14,-12.12,13.79,33.33,,4.55,19.57,1.82,-7.14,-1.92
BalanceNoncurrentTradeLiabilities_sq,,,,,,,,,,,,,,,,,,-27.78,8301.10,-100.00,,322.98,,-66.67,-45.45,1450.00,-94.62,-100.00,,-33.33,-100.00,,25.00,108.57,-28.77,-9.62,138.30,-44.64,-51.61,-20.00,-16.67,5.00,57.14,-12.12,13.79,33.33,,4.55,19.57,1.82,-7.14,-1.92
BalanceNoncurrentBorrowings,3000000,2590000,2442000,2191000,1900000,1710000,1461000,1262000,1079000,913000,6218000,5965000,6935000,,,,5659000,5131000,5305000,,4679000,,4319000,3592000,3004000,4465000,7246000,,12955000,12766000,,13376000,12488000,11889000,11189000,10556000,10055000,8991000,8581000,8202000,7775000,7315000,7241000,6641000,6387000,5686000,5289000,4977000,4416000,4051000,3778000,3289000
BalanceNoncurrentBorrowings_yy,,,,-26.97,,-33.98,-40.17,-42.40,-43.21,-46.61,325.60,372.66,542.72,-100.00,-100.00,-100.00,-18.40,,,,-17.32,-100.00,-18.59,,-35.80,,67.77,-100.00,331.26,185.91,-100.00,,-3.60,-6.87,,-21.08,-19.48,-24.38,-23.31,-22.30,-22.68,-18.64,-15.62,-19.03,-17.85,-22.27,-26.96,-25.06,-30.86,-28.75,-28.57,-33.92
BalanceNoncurrentBorrowings_sy,,,,-26.97,,-1.28,-14.86,-42.40,2.03,-20.57,80.69,372.66,208.60,77.68,-12.82,-100.00,-74.41,,,,168.14,38.33,-42.21,,-28.08,,6.72,8478.49,-13.47,-23.14,-30.21,,3.31,-3.45,,-12.18,0.46,0.05,0.54,-11.20,-12.74,-12.00,-15.62,-18.24,-17.85,-20.19,-26.96,-25.06,-30.86,-13.87,-10.87,-66.96
BalanceNoncurrentBorrowings_qq,,,-5.71,-10.28,-13.28,-10.00,-14.56,-13.62,-14.50,-15.38,581.05,-4.07,16.26,-100.00,,,,-9.33,3.39,-100.00,,-100.00,,-16.83,-16.37,48.64,62.28,-100.00,,-1.46,-100.00,,-6.64,-4.80,-5.89,-5.66,-4.75,-10.58,-4.56,-4.42,-5.21,-5.92,-1.01,-8.29,-3.82,-10.98,-6.98,-5.90,-11.27,-8.27,-6.74,-12.94
BalanceNoncurrentBorrowings_sq,,,-4.39,-100.00,-13.28,-10.00,-14.56,-100.00,-14.50,15.87,209.52,-100.00,16.26,-2.18,,,,,0.06,-100.00,,-8.36,,-100.00,8541.53,0.64,0.69,-9.61,,-0.28,-9.68,,-3.38,-2.94,-0.70,5.34,-0.78,-7.80,-2.60,-1.68,-4.72,0.12,-1.01,-2.59,-3.82,0.14,-6.98,-2.46,-5.54,0.55,-4.65,-12.94
BalanceNoncurrentObligations,,,,,,,,,,,,,,,,,,,,,,,,,,,,,,,,,,,,,,,,,,,,,,,,,,,,
BalanceNoncurrentObligations_yy,,,,,,,,,,,,,,,,,,,,,,,,,,,,,,,,,,,,,,,,,,,,,,,,,,,,
BalanceNoncurrentObligations_sy,,,,,,,,,,,,,,,,,,,,,,,,,,,,,,,,,,,,,,,,,,,,,,,,,,,,
BalanceNoncurrentObligations_qq,,,,,,,,,,,,,,,,,,,,,,,,,,,,,,,,,,,,,,,,,,,,,,,,,,,,
BalanceNoncurrentObligations_sq,,,,,,,,,,,,,,,,,,,,,,,,,,,,,,,,,,,,,,,,,,,,,,,,,,,,
BalanceNoncurrentLeasing,,,,,,,,,,,,,,,,,,,,,,,,,,,,,,,,,,,,,,,,,,,,,,,,,,,,
BalanceNoncurrentLeasing_yy,,,,,,,,,,,,,,,,,,,,,,,,,,,,,,,,,,,,,,,,,,,,,,,,,,,,
BalanceNoncurrentLeasing_sy,,,,,,,,,,,,,,,,,,,,,,,,,,,,,,,,,,,,,,,,,,,,,,,,,,,,
BalanceNoncurrentLeasing_qq,,,,,,,,,,,,,,,,,,,,,,,,,,,,,,,,,,,,,,,,,,,,,,,,,,,,
BalanceNoncurrentLeasing_sq,,,,,,,,,,,,,,,,,,,,,,,,,,,,,,,,,,,,,,,,,,,,,,,,,,,,
BalanceNoncurrentOtherLiabilities,691000,948000,991000,1047000,1154000,1144000,1209000,1241000,1365000,1410000,1438000,1499000,1622000,,,,2498000,2500000,2467000,,2536000,,2663000,2713000,2612000,2728000,2744000,,2766000,2630000,,2842000,3083000,2763000,2843000,3110000,3137000,3191000,3170000,3260000,3473000,3394000,3514000,3616000,2893000,2839000,2898000,3195000,3159000,3045000,3097000,3073000
BalanceNoncurrentOtherLiabilities_yy,,,,51.52,,20.68,22.00,18.53,18.28,23.25,18.94,20.79,18.83,-100.00,-100.00,-100.00,54.01,,,,1.52,-100.00,7.94,,3.00,,3.04,-100.00,5.90,-3.59,-100.00,,11.46,5.06,,9.43,1.75,15.49,11.50,4.82,10.71,6.36,10.85,10.92,-16.70,-16.35,-17.53,-11.64,9.19,7.26,6.87,-3.82
BalanceNoncurrentOtherLiabilities_sy,,,,60.52,,-7.73,7.26,59.40,65.59,7.50,30.06,30.70,18.83,47.60,2.08,-33.88,9.00,,,,-15.35,-30.92,3.00,,-11.64,,2.42,-51.12,-21.42,-8.42,-36.00,,-6.89,-19.88,,-3.55,5.50,1.80,11.78,-2.52,-4.47,-21.46,-12.95,,8.40,3.35,7.74,22.56,1.24,40.68,14.19,-3.88
BalanceNoncurrentOtherLiabilities_qq,,,4.54,5.65,10.22,-0.87,5.68,2.65,9.99,3.30,1.99,4.24,8.21,-100.00,,,,0.08,-1.32,-100.00,,-100.00,,1.88,-3.72,4.44,0.59,-100.00,,-4.92,-100.00,,8.48,-10.38,2.90,9.39,0.87,1.72,-0.66,2.84,6.53,-2.27,3.54,2.90,-19.99,-1.87,2.08,10.25,-1.13,-3.61,1.71,-0.77
BalanceNoncurrentOtherLiabilities_sq,,,-0.04,-50.00,28.32,-3.04,2.96,-50.00,15.53,-6.76,12.76,-100.00,24.30,-3.03,,,,0.35,-1.00,-100.00,,-14.58,,-100.00,-1.44,1.68,-2.30,-1.97,,-0.79,-8.29,,3.50,-2.35,-3.96,0.04,2.02,10.74,2.72,-7.09,-1.36,-1.37,3.35,2.49,1.85,-10.39,2.08,1.78,1.71,3.80,,-1.16
BalanceCurrentLiabilities,3738000,5588000,9653000,4463000,5967000,7302000,12576000,9876000,9025000,12924000,13683000,9480000,6177000,,,,7659000,9305000,10703000,,5810000,,5874000,5232000,10826000,9686000,14618000,,10630000,12245000,,8409000,10596000,12355000,10695000,8573000,10061000,10059000,9809000,8921000,9055000,10707000,9024000,8632000,10083000,10780000,11741000,10254000,10975000,9980000,9376000,8913000
BalanceCurrentLiabilities_yy,,,,19.40,,30.67,30.28,121.29,51.25,76.99,8.80,-4.01,-31.56,-100.00,-100.00,-100.00,23.99,,,,-24.14,-100.00,-45.12,,86.33,,148.86,-100.00,-1.81,26.42,-100.00,,-0.32,0.90,,1.95,-5.05,-18.58,-8.28,4.06,-10.00,6.44,-8.00,-3.24,11.35,0.68,30.11,18.79,8.85,-7.42,-20.14,-13.08
BalanceCurrentLiabilities_sy,,,,36.74,,26.99,15.10,54.24,51.25,67.22,35.34,55.37,90.80,21.67,17.05,27.98,24.76,,,,-24.14,-8.15,16.62,,17.91,,16.80,-88.59,12.24,16.90,2.24,,-1.96,-2.04,,5.50,-11.15,-4.88,1.27,18.86,44.72,17.25,10.77,6.41,14.82,14.41,21.16,18.79,8.85,18.92,-9.80,-16.46
BalanceCurrentLiabilities_qq,,,72.75,-53.77,33.70,22.37,72.23,-21.47,-8.62,43.20,5.87,-30.72,-34.84,-100.00,,,,21.49,15.02,-100.00,,-100.00,,-10.93,106.92,-10.53,50.92,-100.00,,15.19,-100.00,,26.01,16.60,-13.44,-19.84,17.36,-0.02,-2.49,-9.05,1.50,18.24,-15.72,-4.34,16.81,6.91,8.91,-12.67,7.03,-9.07,-6.05,-4.94
BalanceCurrentLiabilities_sq,,,61.72,-76.89,17.36,-6.89,31.30,-61.84,31.26,8.55,36.43,-100.00,38.43,-10.00,,,,-3.33,8.03,-100.00,,18.24,,-100.00,14.66,-10.69,30.44,-23.38,,-1.18,10.89,,9.46,6.12,7.12,-23.70,7.75,-3.32,14.60,-4.85,13.42,-3.54,46.79,-22.38,16.81,-4.35,47.17,-19.49,0.40,-5.38,18.80,-15.22
BalanceCurrentTradePayablesv,3263000,4638000,3771000,3689000,2732000,6026000,5140000,8649000,3303000,11787000,11287000,8514000,1130000,,,,5231000,4860000,4791000,,4751000,,4810000,4085000,6998000,4331000,10275000,,6957000,6189000,,5260000,7671000,6426000,5066000,4760000,6642000,5252000,6785000,6082000,6577000,8441000,7039000,6728000,6850000,7625000,8513000,8266000,8275000,8138000,7465000,7047000
BalanceCurrentTradePayablesv_yy,,,,13.06,,29.93,36.30,134.45,20.90,95.60,119.59,-1.56,-65.79,-100.00,-100.00,-100.00,362.92,,,,-9.18,-100.00,0.40,,47.30,,113.62,-100.00,-0.59,42.90,-100.00,,10.26,3.83,,-9.51,-13.41,-18.27,33.93,27.77,-0.98,60.72,3.74,10.62,4.15,-9.67,20.94,22.86,20.80,6.73,-12.31,-14.75
BalanceCurrentTradePayablesv_sy,,,,32.14,,26.53,26.48,61.22,12.58,63.38,70.70,58.75,82.90,-22.56,14.63,-89.95,-25.79,,,,7.64,30.17,32.41,,46.06,,-3.27,-53.86,0.94,7.98,5.20,,3.62,0.07,,-2.41,-0.22,8.90,28.17,24.29,16.46,-0.22,3.74,12.15,4.15,22.37,18.74,22.86,-9.75,6.73,-2.85,-13.47
BalanceCurrentTradePayablesv_qq,,,-18.69,-2.17,-25.94,120.57,-14.70,68.27,-61.81,256.86,-4.24,-24.57,-86.73,-100.00,,,,-7.09,-1.42,-100.00,,-100.00,,-15.07,71.31,-38.11,137.24,-100.00,,-11.04,-100.00,,45.84,-16.23,-21.16,-6.04,39.54,-20.93,29.19,-10.36,8.14,28.34,-16.61,-4.42,1.81,11.31,11.65,-2.90,0.11,-1.66,-8.27,-5.60
BalanceCurrentTradePayablesv_sq,,,5.29,-51.08,-43.23,-13.71,-0.72,-15.86,-55.64,129.58,-0.43,-100.00,-72.28,-8.44,,,,-9.63,-1.30,-100.00,,19.48,,-100.00,38.92,-18.36,5.67,-2.36,,-8.74,8.57,,21.07,-17.89,7.25,-5.98,8.91,-6.36,13.88,-6.06,12.14,-17.83,21.57,0.81,1.81,-7.50,11.65,-0.92,0.45,-9.20,12.08,-5.22
BalanceCurrentBorrowings,,,873000,,828000,,2703000,,3422000,,,,2588000,,,,1963000,4226000,5493000,,777000,,782000,865000,3423000,4951000,3939000,,3309000,5692000,,2670000,2628000,5632000,5332000,3516000,3109000,4550000,2661000,2474000,2273000,2062000,1781000,1698000,1703000,1625000,1627000,1659000,1606000,1620000,1679000,1645000
BalanceCurrentBorrowings_yy,,,,,,,209.62,,313.29,,-100.00,,-24.37,,,,-24.15,,,,-60.42,-100.00,-85.76,,340.54,,403.71,-100.00,-3.33,14.97,-100.00,,-20.58,-1.05,,31.69,18.30,-19.21,-50.09,-29.64,-26.89,-54.68,-33.07,-31.37,-25.08,-21.19,-8.65,-2.30,-5.70,-0.31,3.20,-0.84
BalanceCurrentBorrowings_sy,,,,,,,74.51,,185.71,,34.31,,71.97,,,,55.13,,,,-60.86,-3.02,9.54,,-7.72,,201.05,-98.52,77.17,12.94,-11.65,,-16.03,-5.49,,31.69,-3.94,-38.52,-50.09,,74.05,155.22,76.63,74.66,1.48,-13.11,147.77,59.68,-5.70,-2.82,-17.32,-50.42
BalanceCurrentBorrowings_qq,,,,-100.00,,-100.00,,-100.00,,-100.00,,,,-100.00,,,,115.28,29.98,-100.00,,-100.00,,10.61,295.72,44.64,-20.44,-100.00,,72.02,-100.00,,-1.57,114.31,-5.33,-34.06,-11.58,46.35,-41.52,-7.03,-8.12,-9.28,-13.63,-4.66,0.29,-4.58,0.12,1.97,-3.19,0.87,3.64,-2.03
BalanceCurrentBorrowings_sq,,,,-100.00,,-100.00,,-100.00,,-50.38,,,,-31.78,,,,-0.83,0.76,-100.00,,12.27,,-100.00,98.36,37.96,-10.08,-2.91,,10.16,-1.67,,-1.57,1.25,-1.49,-14.37,-11.58,,7.74,8.32,38.86,8.49,-11.37,-1.12,1.13,0.23,58.32,-17.12,-12.46,0.81,3.64,-2.03
BalanceCurrentObligations,,,,,,,,,,,,,,,,,,,,,,,,,,,,,,,,,,,,,,,,,,,,,,,,,,,,
BalanceCurrentObligations_yy,,,,,,,,,,,,,,,,,,,,,,,,,,,,,,,,,,,,,,,,,,,,,,,,,,,,
BalanceCurrentObligations_sy,,,,,,,,,,,,,,,,,,,,,,,,,,,,,,,,,,,,,,,,,,,,,,,,,,,,
BalanceCurrentObligations_qq,,,,,,,,,,,,,,,,,,,,,,,,,,,,,,,,,,,,,,,,,,,,,,,,,,,,
BalanceCurrentObligations_sq,,,,,,,,,,,,,,,,,,,,,,,,,,,,,,,,,,,,,,,,,,,,,,,,,,,,
BalanceCurrentLeasing,,,,,,,,,,,,,,,,,,,,,,,,,,,,,,,,,,,,,,,,,,,,,,,,,,,,
BalanceCurrentLeasing_yy,,,,,,,,,,,,,,,,,,,,,,,,,,,,,,,,,,,,,,,,,,,,,,,,,,,,
BalanceCurrentLeasing_sy,,,,,,,,,,,,,,,,,,,,,,,,,,,,,,,,,,,,,,,,,,,,,,,,,,,,
BalanceCurrentLeasing_qq,,,,,,,,,,,,,,,,,,,,,,,,,,,,,,,,,,,,,,,,,,,,,,,,,,,,
BalanceCurrentLeasing_sq,,,,,,,,,,,,,,,,,,,,,,,,,,,,,,,,,,,,,,,,,,,,,,,,,,,,
BalanceCurrentOtherLiabilities,264000,457000,2464000,394000,1598000,667000,2228000,592000,1554000,554000,526000,417000,1819000,,,,465000,219000,419000,,282000,,282000,282000,405000,404000,404000,,364000,364000,,479000,297000,297000,297000,297000,310000,257000,363000,365000,205000,204000,204000,206000,1530000,1530000,1601000,329000,1094000,222000,232000,221000
BalanceCurrentOtherLiabilities_yy,,,,49.24,,45.95,-9.58,50.25,-2.75,-16.94,-76.39,-29.56,17.05,-100.00,-100.00,-100.00,-74.44,,,,-39.35,-100.00,-32.70,,43.62,,43.26,-100.00,-10.12,-9.90,-100.00,,-18.41,-18.41,,-38.00,4.38,-13.47,22.22,22.90,-33.87,-20.62,-43.80,-43.56,646.34,650.00,684.80,59.71,-28.50,-85.49,-85.51,-32.83
BalanceCurrentOtherLiabilities_sy,,,,125.24,,42.12,6.08,8.48,4.92,-2.33,10.50,-30.18,17.05,13.47,-27.17,413.07,-59.40,,,,-21.75,38.67,-6.56,,18.94,,68.64,-40.29,27.84,14.22,-17.94,,-16.80,-16.74,,3.53,27.36,40.76,28.46,11.63,-33.85,7.76,2.89,-3.76,32.58,18.55,15.41,19.12,23.70,30.99,-3.25,-13.45
BalanceCurrentOtherLiabilities_qq,,,439.17,-84.01,305.58,-58.26,234.03,-73.43,162.50,-64.35,-5.05,-20.72,336.21,-100.00,,,,-52.90,91.32,-100.00,,-100.00,,,43.62,-0.25,,-100.00,,,-100.00,,-38.00,,,,4.38,-17.10,41.25,0.55,-43.84,-0.49,,0.98,642.72,,4.64,-79.45,232.52,-79.71,4.50,-4.74
BalanceCurrentOtherLiabilities_sq,,,253.53,-84.01,202.30,-58.26,54.52,-86.71,87.98,-36.26,40.46,-100.00,1398.32,-48.01,,,,-29.13,86.53,-100.00,,0.56,,,15.41,13.54,,-41.43,,,-4.49,,-26.01,,,,4.63,-16.42,51.12,-5.36,-2.47,-3.06,,-45.41,2.82,,88.47,-41.07,11.45,10.71,17.16,-22.36
BalanceReckoning,211000,493000,2545000,380000,809000,609000,2505000,635000,746000,583000,1870000,549000,640000,,,,,,,,,,,,,,,,,,,,,,,,,,,,,,,,,,,,,,,
BalanceReckoning_yy,,,,80.09,,23.53,-1.57,67.11,-7.79,-4.27,-25.35,-13.54,-14.21,-100.00,-100.00,-100.00,-100.00,,,,,,,,,,,,,,,,,,,,,,,,,,,,,,,,,,,
BalanceReckoning_sy,,,,80.09,,23.53,-23.26,67.11,-7.93,-4.27,-36.42,-13.54,-44.14,-100.00,-91.97,-100.00,-66.37,,,,,,,,,,,,,,,,,,,,,,,,,,,,,,,,,,,
BalanceReckoning_qq,,,416.23,-85.07,112.89,-24.72,311.33,-74.65,17.48,-21.85,220.75,-70.64,16.58,-100.00,,,,,,,,,,,,,,,,,,,,,,,,,,,,,,,,,,,,,,
BalanceReckoning_sq,,,416.23,-92.54,112.89,-62.36,311.33,-87.32,17.48,-60.92,220.75,-85.32,16.58,-100.00,,,,,,,,,,,,,,,,,,,,,,,,,,,,,,,,,,,,,,
BalanceTotalEquityAndLiabilities,66162000,68577000,72881000,99418000,99793000,100129000,105498000,105559000,103324000,105562000,111569000,111349000,107406000,0,0,0,115847000,116506000,120832000,0,116227000,0,116922000,117122000,119019000,120153000,127660000,0,132634000,132816000,0,132440000,133094000,132487000,131315000,132404000,132865000,132672000,132786000,135934000,135474000,136657000,135294000,139297000,138489000,138746000,140521000,142416000,145932000,144295000,144230000,146704000
BalanceTotalEquityAndLiabilities_yy,,,,50.26,,46.01,44.75,6.18,3.54,5.43,5.75,5.49,3.95,-100.00,-100.00,-100.00,7.86,,,,0.33,-100.00,-3.24,,2.40,,9.18,-100.00,11.44,10.54,-100.00,,0.35,-0.25,,-0.03,-0.17,0.14,1.12,2.67,1.96,3.00,1.89,2.47,2.23,1.53,3.86,2.24,5.37,4.00,2.64,3.01
BalanceTotalEquityAndLiabilities_sy,,,,59.82,,32.48,17.76,11.84,24.34,24.38,14.78,14.21,5.56,4.28,1.42,-66.37,-2.91,,,,0.33,11.68,5.82,,2.99,,10.59,-62.51,-2.06,0.16,-2.30,,1.84,-0.27,,0.62,0.96,7.18,6.85,10.06,13.56,6.80,6.90,8.40,15.15,13.36,9.07,6.58,5.37,7.06,6.25,3.63
BalanceTotalEquityAndLiabilities_qq,,,6.28,36.41,0.38,0.34,5.36,0.06,-2.12,2.17,5.69,-0.20,-3.54,-100.00,,,,0.57,3.71,-100.00,,-100.00,,0.17,1.62,0.95,6.25,-100.00,,0.14,-100.00,,0.49,-0.46,-0.88,0.83,0.35,-0.15,0.09,2.37,-0.34,0.87,-1.00,2.96,-0.58,0.19,1.28,1.35,2.47,-1.12,-0.05,1.72
BalanceTotalEquityAndLiabilities_sq,,,7.99,-47.68,0.90,0.19,4.98,-49.97,2.60,2.65,5.69,-100.00,-15.25,-1.62,,,,1.94,2.24,-100.00,,-0.52,,-100.00,-6.28,-2.42,1.77,-4.86,,0.99,1.89,,0.62,-0.54,1.94,0.10,-0.68,-0.36,3.69,1.24,1.94,-0.19,5.44,-2.24,2.54,-0.49,5.63,-0.62,2.42,0.20,5.66,0.75
CashflowOperatingCashflow,4296000,-825000,1541000,5206000,1069000,309000,15000,4248000,-271000,-1610000,240000,2789000,429000,168000,2161000,4279000,1611000,-1177000,2955000,42066000,-39131000,-1328000,1765000,2848000,88000,1032000,2300000,2179000,2982000,-320000,1959000,4365000,549000,-1361000,1083000,2948000,1603000,317000,3140000,2974000,2276000,835000,133000,5554000,892000,69000,1673000,3133000,-1373000,1846000,1300000,2632000
CashflowOperatingCashflow_yy,,,,21.18,,137.45,-99.03,-18.40,-125.35,-621.04,1500.00,-34.35,258.30,110.43,800.42,53.42,275.52,-800.60,36.74,883.08,-2528.99,-12.83,-40.27,-93.23,100.22,177.71,30.31,-23.49,3288.64,-131.01,-14.83,100.32,-81.59,-325.31,-44.72,-32.46,191.99,123.29,189.94,0.88,41.98,163.41,-95.76,86.75,-60.81,-91.74,1157.89,-43.59,-253.92,2575.36,-22.30,-15.99
CashflowOperatingCashflow_sy,,,,105.30,,51.57,-39.92,6.32,-79.56,-124.24,17.67,-32.48,50.56,-19.58,23.63,-54.93,104.43,-95.83,-28.94,40.00,-18.94,3.90,-7.38,42.54,-39.67,31.88,68.61,18.58,112.77,-53.52,9.08,-7.90,50.85,-163.31,-11.51,31.70,-5.20,95.27,56.96,13.78,42.98,22.67,-3.93,52.89,-2.19,-11.83,1.22,22.70,8.11,-3.22,-22.30,-13.71
CashflowOperatingCashflow_qq,,,286.79,237.83,-79.47,-71.09,-95.15,28220.00,-106.38,-494.10,114.91,1062.08,-84.62,-60.84,1186.31,98.01,-62.35,-173.06,351.06,1323.55,-193.02,96.61,232.91,61.36,-96.91,1072.73,122.87,-5.26,36.85,-110.73,712.19,122.82,-87.42,-347.91,179.57,172.21,-45.62,-80.22,890.54,-5.29,-23.47,-63.31,-84.07,4075.94,-83.94,-92.26,2324.64,87.27,-143.82,234.45,-29.58,102.46
CashflowOperatingCashflow_sq,,,167.25,11.85,-9.26,-58.87,-24.99,602.19,-106.38,-80.97,229.09,112.23,-84.62,52.31,217.20,-22.63,92.08,-95.35,93.85,15.60,-27.72,-56.36,260.33,-43.79,-92.15,-8.10,235.56,-4.76,-21.68,-90.31,673.21,-26.70,31.68,-104.28,450.96,5.16,-38.18,-65.76,148.78,-9.33,-39.15,-71.92,180.56,-23.98,-34.93,-76.71,189.95,55.84,-50.88,-55.92,91.57,35.48
CashflowAmortization,643000,643000,708000,745000,698000,746000,785000,880000,949000,954000,941000,922000,945000,983000,1370000,1153000,1147000,887000,837000,849000,798000,808000,792000,778000,779000,771000,758000,751000,857000,884000,891000,886000,899000,926000,927000,917000,906000,917000,916000,922000,943000,937000,950000,983000,1001000,1012000,1025000,1033000,1017000,933000,933000,925000
CashflowAmortization_yy,,,,15.86,,16.02,10.88,18.12,35.96,27.88,19.87,4.77,-0.42,3.04,45.59,25.05,21.38,-9.77,-38.91,-26.37,-30.43,-8.91,-5.38,-8.36,-2.38,-4.58,-4.29,-3.47,10.01,14.66,17.55,17.98,4.90,4.75,4.04,3.50,0.78,-0.97,-1.19,0.55,4.08,2.18,3.71,6.62,6.15,8.00,7.89,5.09,1.60,-7.81,-8.98,-10.45
CashflowAmortization_sy,,,,19.10,,17.11,11.46,26.11,9.93,32.60,19.87,11.38,23.18,9.42,-3.89,25.05,-24.67,-9.77,-7.19,-11.55,23.44,11.38,12.77,-2.91,-14.84,16.20,9.31,0.87,1.45,-11.34,-5.68,-7.74,4.07,4.58,0.65,1.38,-0.16,9.12,12.32,17.88,17.36,5.25,6.87,14.06,18.65,16.87,17.81,11.18,1.60,-7.81,-8.98,-3.42
CashflowAmortization_qq,,,10.11,5.23,-6.31,6.88,5.23,12.10,7.84,0.53,-1.36,-2.02,2.49,4.02,39.37,-15.84,-0.52,-22.67,-5.64,1.43,-6.01,1.25,-1.98,-1.77,0.13,-1.03,-1.69,-0.92,14.11,3.15,0.79,-0.56,1.47,3.00,0.11,-1.08,-1.20,1.21,-0.11,0.66,2.28,-0.64,1.39,3.47,1.83,1.10,1.28,0.78,-1.55,-8.26,,-0.86
CashflowAmortization_sq,,,12.67,-0.15,14.76,-1.60,8.16,12.10,5.68,0.53,-1.36,7.28,2.21,4.02,-9.59,7.19,-22.63,15.80,-5.64,2.13,-2.62,0.78,-0.68,2.10,-1.58,2.62,0.61,-0.38,-9.96,1.08,1.88,-0.64,2.64,-1.17,-1.20,1.31,0.24,2.54,2.01,2.64,2.10,-0.64,4.66,3.47,6.78,1.10,1.28,0.10,1.82,0.30,,2.29
CashflowInvestingCashflow,-1184000,-2888000,-4074000,-6930000,-527000,-21081000,-5295000,-4600000,-2456000,-2232000,-4618000,1845000,-333000,-733000,-280000,-750000,-4044000,-1191000,-3731000,-2317000,6734000,-898000,-561000,-555000,-1727000,-5008000,-4666000,-5958000,-5016000,-1390000,-176000,-719000,-394000,-1660000,277000,-120000,-156000,-1939000,1214000,-433000,-702000,-629000,441000,-1177000,-432000,-940000,1707000,-925000,-643000,11715000,-443000,815000
CashflowInvestingCashflow_yy,,,,-485.30,,-629.95,-29.97,33.62,-366.03,89.41,12.79,140.11,86.44,67.16,93.94,-140.65,-1114.41,-62.48,-1232.50,-208.93,266.52,24.60,84.96,76.05,-125.65,-457.68,-731.73,-973.51,-190.45,72.24,96.23,87.93,92.15,-19.42,257.39,83.31,60.41,-16.81,338.27,-260.83,-350.00,67.56,-63.67,-171.82,38.46,-49.44,287.07,21.41,-48.84,1346.28,-125.95,188.11
CashflowInvestingCashflow_sy,,,,-98.62,,-219.09,50.88,-32.84,-7.79,-8.64,-84.00,81.49,68.62,96.54,93.94,73.13,-33.62,-245.52,-1.28,-208.93,-147.44,-11.31,40.81,76.05,10.16,77.37,36.92,-54.56,79.76,42.48,98.41,-46.21,31.78,-31.55,-21.70,44.09,19.56,-6.10,-67.31,-199.09,-249.49,-40.10,-121.80,-35.78,-6.90,-63.82,31.77,21.41,-101.03,-18.57,-53.59,-169.75
CashflowInvestingCashflow_qq,,,-41.07,-70.10,92.40,-3900.19,74.88,13.13,46.61,9.12,-106.90,139.95,-118.05,-120.12,61.80,-167.86,-439.20,70.55,-213.27,37.90,390.63,-113.34,37.53,1.07,-211.17,-189.98,6.83,-27.69,15.81,72.29,87.34,-308.52,45.20,-321.32,116.69,-143.32,-30.00,-1142.95,162.61,-135.67,-62.12,10.40,170.11,-366.89,63.30,-117.59,281.60,-154.19,30.49,1921.93,-103.78,283.97
CashflowInvestingCashflow_sq,,,-342.64,38.30,24.84,-875.95,43.21,-3.56,51.70,-39.50,-52.87,76.60,-46.21,32.19,61.58,-8.30,-62.79,54.75,-108.20,35.55,-2.46,-46.38,-59.46,79.19,-13.70,58.74,-4.20,-9.18,69.68,-13.66,93.88,-237.58,48.23,-75.85,50.06,-68.97,31.03,-650.17,30.26,-159.24,-7.58,10.40,24.83,31.59,-22.56,-6.17,39.37,11.73,-14.17,39.83,-4.96,71.54
CashflowCapex,2003000,3711000,4058000,1918000,1976000,4785000,26185000,4601000,2456000,2232000,6059000,778000,387000,734000,281000,750000,4044000,1191000,3731000,2317000,3464000,910000,562000,555000,1727000,5008000,4666000,5958000,5016000,1030000,177000,1249000,394000,1660000,-277000,493000,156000,2034000,488000,529000,797000,724000,1984000,1272000,527000,1035000,323000,1020000,691000,2877000,538000,1058000
CashflowCapex_yy,,,,-4.24,,28.94,545.27,139.89,24.29,-53.35,-76.86,-83.09,-84.24,-67.11,-95.36,-3.60,944.96,62.26,1227.76,208.93,-14.34,-23.59,-84.94,-76.05,-50.14,450.33,730.25,973.51,190.45,-79.43,-96.21,-79.04,-92.15,61.17,-256.50,-60.53,-60.41,22.53,276.17,7.30,410.90,-64.41,306.56,140.45,-33.88,42.96,-83.72,-19.81,31.12,177.97,66.56,3.73
CashflowCapex_sy,,,,20.93,,31.22,-15.42,93.76,24.29,45.59,87.18,-64.08,-19.14,-67.11,-95.36,-67.65,-54.96,62.26,1227.76,208.93,70.78,-29.19,-40.38,23.97,-2.68,70.30,-37.88,4.42,47.86,-60.40,-38.84,41.22,-65.07,-0.64,-19.11,-22.33,-11.06,36.00,78.56,91.88,229.61,16.48,246.36,41.37,15.11,41.23,-21.79,-19.81,31.12,20.17,53.59,204.74
CashflowCapex_qq,,,9.35,-52.74,3.02,142.16,447.23,-82.43,-46.62,-9.12,171.46,-87.16,-50.26,89.66,-61.72,166.90,439.20,-70.55,213.27,-37.90,49.50,-73.73,-38.24,-1.25,211.17,189.98,-6.83,27.69,-15.81,-79.47,-82.82,605.65,-68.45,321.32,-116.69,277.98,-68.36,1203.85,-76.01,8.40,50.66,-9.16,174.03,-35.89,-58.57,96.39,-68.79,215.79,-32.25,316.35,-81.30,96.65
CashflowCapex_sq,,,45.02,-51.88,41.40,-3.47,135.59,-8.18,-6.36,-4.11,102.88,-54.56,-12.61,-37.41,-49.27,-11.35,247.06,-52.64,101.20,-29.07,83.42,-52.94,6.20,-37.50,68.24,-1.80,-4.42,-14.56,64.05,-72.91,3.94,40.13,-29.90,39.06,-32.22,58.29,-62.14,807.62,-52.90,104.29,9.79,-6.54,174.03,-35.89,26.61,-24.48,-40.33,10.62,47.92,-12.22,-10.33,132.47
CashflowFinancingCashflow,-106000,-242000,-248000,28671000,-300000,-239000,1672000,-853000,1075000,3625000,4579000,-1831000,-3195000,472000,-1111000,-1924000,407000,2031000,1012000,-2995000,-2254000,194000,-680000,-1181000,1953000,2553000,1702000,3762000,1941000,1704000,-1741000,-2407000,-756000,2230000,-1053000,-2567000,-1265000,857000,-2660000,-707000,-708000,-692000,-385000,-609000,-578000,-536000,-561000,-532000,-526000,-528000,-546000,-546000
CashflowFinancingCashflow_yy,,,,27148.11,,1.24,774.19,-102.98,458.33,1616.74,173.86,-114.65,-397.21,-86.98,-124.26,-5.08,112.74,330.30,191.09,-55.67,-653.81,-90.45,-167.19,60.57,186.65,1215.98,350.29,418.54,-0.61,-33.25,-202.29,-163.98,-138.95,30.87,39.52,-6.65,-67.33,-61.57,-152.61,72.46,44.03,-180.75,85.53,13.86,18.36,22.54,-45.71,12.64,9.00,1.49,2.67,-2.63
CashflowFinancingCashflow_sy,,,,1051.90,,50.49,-76.46,-54.76,458.33,1086.29,93.73,21.43,-102.43,-91.29,-124.26,-82.55,4.00,330.30,97.83,-55.67,-93.41,-46.30,70.74,60.57,40.34,39.58,40.82,80.08,-27.74,-15.56,-103.86,-10.78,92.26,5.16,3.15,-6.90,-91.41,-93.76,-109.21,-55.29,29.54,-95.99,-421.67,-26.77,18.36,22.54,-28.84,5.23,-158.77,-98.94,2.67,14.00
CashflowFinancingCashflow_qq,,,-2.48,11660.89,-101.05,20.33,799.58,-151.02,226.03,237.21,26.32,-139.99,-74.49,114.77,-335.38,-73.18,121.15,399.02,-50.17,-395.95,24.74,108.61,-450.52,-73.68,265.37,30.72,-33.33,121.03,-48.41,-12.21,-202.17,-38.25,68.59,394.97,-147.22,-143.78,50.72,167.75,-410.39,73.42,-0.14,2.26,44.36,-58.18,5.09,7.27,-4.66,5.17,1.13,-0.38,-3.41,
CashflowFinancingCashflow_sq,,,108.54,-136.45,-125.08,102.94,-208.54,-135.54,226.03,127.58,26.32,10.03,-74.49,105.22,-248.26,-73.18,70.29,95.09,-46.86,-66.15,-37.89,100.76,-2.34,-100.00,71.84,35.72,-11.10,-174.28,-10.08,93.04,-18.93,-52.98,66.10,70.00,-147.22,10.93,69.44,78.25,-2.08,30.80,34.66,103.03,-26.29,-152.55,37.84,83.58,-4.66,-4.54,55.34,0.53,-3.41,
CashflowShareCapitalCash,0,,,28925000,-52000,,,,,,,,,,,,,,,,,,,,,,,,,,,,,,,,,,,,,,,,,,,,,,,
CashflowShareCapitalCash_yy,,,,,,,,-100.00,100.00,,,,,,,,,,,,,,,,,,,,,,,,,,,,,,,,,,,,,,,,,,,
CashflowShareCapitalCash_sy,,,,,,,,-100.00,11823.57,,,,,,,,,,,,,,,,,,,,,,,,,,,,,,,,,,,,,,,,,,,
CashflowShareCapitalCash_qq,,,,,-100.18,100.00,,,,,,,,,,,,,,,,,,,,,,,,,,,,,,,,,,,,,,,,,,,,,,
CashflowShareCapitalCash_sq,,,,,-100.18,214.29,,,,,,,,,,,,,,,,,,,,,,,,,,,,,,,,,,,,,,,,,,,,,,
CashflowDividend,,,,,,,,,,,,,,,,,,,,,,,,,,,,0,0,,1456000,0,0,,,,,,,,,,,,,,,,,,,
CashflowDividend_yy,,,,,,,,,,,,,,,,,,,,,,,,,,,,,,,,,,,-100.00,,,,,,,,,,,,,,,,,
CashflowDividend_sy,,,,,,,,,,,,,,,,,,,,,,,,,,,,,,,,,,,-100.00,,,,,,,,,,,,,,,,,
CashflowDividend_qq,,,,,,,,,,,,,,,,,,,,,,,,,,,,,,,,-100.00,,,,,,,,,,,,,,,,,,,,
CashflowDividend_sq,,,,,,,,,,,,,,,,,,,,,,,,,,,,,,,,-77.21,,,,,,,,,,,,,,,,,,,,
CashflowNetCashflow,3007000,-3955000,-2782000,26948000,242000,-21011000,-3608000,-1205000,-1652000,-217000,201000,2803000,-3099000,-93000,770000,1605000,-2026000,-337000,236000,36754000,-34651000,-2032000,524000,1708000,-282000,-1423000,-664000,-17000,-93000,-6000,42000,1239000,-601000,-791000,307000,261000,182000,-765000,1694000,1834000,866000,-486000,189000,3768000,-118000,-1407000,2819000,1676000,-2542000,13033000,311000,2901000
CashflowNetCashflow_yy,,,,796.18,,-431.25,-29.69,-104.47,-782.64,98.97,105.57,332.61,-87.59,57.14,283.08,-42.74,34.62,-262.37,-69.35,2189.97,-1610.32,-502.97,122.03,-95.35,99.19,29.97,-226.72,-101.00,67.02,99.58,106.33,7388.24,-546.24,-13083.33,630.95,-78.93,130.28,3.29,451.79,602.68,375.82,36.47,-88.84,105.45,-113.63,-189.51,1391.53,-55.52,-2054.24,1026.30,-88.97,73.09
CashflowNetCashflow_sy,,,,212.69,,-263.85,63.28,-34.06,49.00,98.97,-55.16,130.57,-87.59,11.73,283.08,-122.86,75.77,124.46,3.26,-83.78,-87.10,-287.90,120.65,-21.70,-186.16,105.24,33.79,-73.76,67.02,78.93,148.42,-0.09,616.03,-497.21,-3.12,161.42,-21.38,3.29,138.01,-79.35,63.68,-27.68,2.75,-395.50,-102.95,-84.87,48.30,160.80,262.14,-148.96,-65.20,73.09
CashflowNetCashflow_qq,,,29.66,1068.66,-99.10,-8782.23,82.83,66.60,-37.10,86.86,192.63,1294.53,-210.56,97.00,927.96,108.44,-226.23,83.37,170.03,15473.73,-194.28,94.14,125.79,225.95,-116.51,-404.61,53.34,97.44,-447.06,93.55,800.00,2850.00,-148.51,-31.61,138.81,-14.98,-30.27,-520.33,321.44,8.26,-52.78,-156.12,138.89,1893.65,-103.13,-1092.37,300.36,-40.55,-251.67,612.71,-97.61,832.80
CashflowNetCashflow_sq,,,-27.79,523.27,-493.37,103.93,82.83,66.60,-37.10,86.86,-10.46,698.21,-267.65,88.58,556.98,-172.82,149.15,31.89,145.39,81.86,-12.10,22.30,125.79,23.88,-108.25,-56.90,53.34,-86.37,-114.16,93.55,644.98,-131.40,264.46,-149.83,138.81,-14.98,-30.27,-329.92,101.36,-96.56,-52.78,-158.85,278.58,-169.86,-17.50,-183.94,272.13,-40.55,-163.18,-18.55,99.56,832.80
