,2005/Q1,2005/Q2,2006/Q1,2006/Q2,2006/Q3,2006/Q4,2007/Q1,2007/Q2,2007/Q3,2007/Q4,2008/Q1,2008/Q2,2008/Q3,2008/Q4,2009/Q1,2009/Q2,2009/Q3,2009/Q4,2010/Q1,2010/Q2,2010/Q3,2010/Q4,2011/Q1,2011/Q2,2011/Q3,2011/Q4,2012/Q1,2012/Q2,2012/Q3,2012/Q4,2013/Q1,2013/Q2,2013/Q3,2013/Q4,2014/Q1,2014/Q2,2014/Q3,2014/Q4,2015/Q1,2015/Q2,2015/Q3,2015/Q4,2016/Q1,2016/Q2,2016/Q3,2016/Q4,2017/Q1,2017/Q2,2017/Q3,2017/Q4,2018/Q1,2018/Q2,2018/Q3
IncomeRevenues,29955000,12950000,33973000,16999000,21575000,32766000,36242000,26553000,31121000,53853000,50361000,39300000,39987000,59041000,66486000,48014000,43816000,60092000,77251000,42826000,45682000,66649000,53083000,45006000,42877000,53113000,63206000,61723000,50331000,57743000,58058000,51636000,50166000,60031000,59771000,55368000,50412000,51633000,56012000,55252000,53262000,49658000,55227000,52042000,50811000,47121000,48331000,42305000,42220000,51078000,48468000,44484000,41142000
IncomeRevenues_yy,,,13.41,31.27,,,6.68,56.20,44.25,64.36,38.96,48.01,28.49,9.63,32.02,22.17,9.58,1.78,16.19,-10.81,4.26,10.91,-31.29,5.09,-6.14,-20.31,19.07,37.14,17.38,8.72,-8.14,-16.34,-0.33,3.96,2.95,7.23,0.49,-13.99,-6.29,-0.21,5.65,-3.83,-1.40,-5.81,-4.60,-5.11,-12.49,-18.71,-16.91,8.40,0.28,5.15,-2.55
IncomeRevenues_sy,,,11.37,25.06,,,72.74,40.22,49.59,35.60,22.38,20.50,24.13,9.96,4.73,10.39,2.92,0.90,3.89,-1.89,13.13,9.07,13.69,12.16,3.42,13.32,12.09,12.84,18.92,16.33,1.74,7.05,6.00,8.05,13.82,11.45,11.00,10.13,17.47,16.22,7.92,13.50,15.27,11.03,12.22,10.94,3.71,2.71,13.28,3.30,0.28,5.47,-49.93
IncomeRevenues_qq,,-56.77,,-49.96,26.92,51.87,10.61,-26.73,17.20,73.04,-6.48,-21.96,1.75,47.65,12.61,-27.78,-8.74,37.15,28.55,-44.56,6.67,45.90,-20.35,-15.22,-4.73,23.87,19.00,-2.35,-18.46,14.73,0.55,-11.06,-2.85,19.66,-0.43,-7.37,-8.95,2.42,8.48,-1.36,-3.60,-6.77,11.21,-5.77,-2.37,-7.26,2.57,-12.47,-0.20,20.98,-5.11,-8.22,-7.51
IncomeRevenues_sq,,10.90,,12.75,16.65,41.24,-2.34,12.24,8.54,24.60,-19.51,5.44,10.45,16.36,-19.17,5.72,-6.50,20.86,-18.63,12.26,8.48,9.67,-18.97,22.45,2.72,23.39,-14.84,11.77,3.64,8.09,-20.17,18.91,-1.46,15.10,-16.70,18.19,4.60,10.24,-12.68,18.01,-2.16,16.32,-13.90,16.79,-2.37,7.05,-14.88,17.54,-0.20,14.40,-22.04,19.66,-52.00
IncomeCostOfSales,22397000,9069000,24048000,10518000,14665000,19026000,25184000,16678000,20712000,32541000,33388000,23737000,24787000,33967000,44594000,29541000,26811000,36152000,52804000,26084000,27157000,41042000,32390000,23231000,25206000,39291000,39017000,33519000,31620000,33434000,35168000,29832000,30315000,38262000,38433000,32425000,30899000,30990000,33942000,33068000,32593000,31640000,33277000,31725000,30459000,31347000,27866000,26238000,26549000,33497000,29428000,26074000,25058000
IncomeCostOfSales_yy,,,7.37,15.98,,,4.72,58.57,41.23,71.03,32.58,42.33,19.67,4.38,33.56,24.45,8.17,6.43,18.41,-11.70,1.29,13.53,-38.66,-10.94,-7.18,-4.27,20.46,44.29,25.45,-14.91,-9.86,-11.00,-4.13,14.44,9.28,8.69,1.93,-19.01,-11.69,1.98,5.48,2.10,-1.96,-4.06,-6.55,-0.93,-16.26,-17.30,-12.84,6.86,5.61,-0.63,-5.62
IncomeCostOfSales_sy,,,11.20,17.76,,,56.58,31.87,55.53,24.74,21.93,39.58,22.12,23.29,16.84,12.88,7.38,-4.50,5.12,-4.76,11.60,0.45,9.09,7.75,-6.46,16.39,8.54,17.02,26.60,19.62,-1.86,9.30,-2.98,1.74,9.33,11.04,16.00,15.20,15.97,31.62,14.76,14.30,16.56,9.72,8.42,11.96,16.41,9.28,18.67,6.86,5.61,6.16,-5.62
IncomeCostOfSales_qq,,-59.51,,-56.26,39.43,29.74,32.37,-33.78,24.19,57.11,2.60,-28.91,4.42,37.04,31.29,-33.76,-9.24,34.84,46.06,-50.60,4.11,51.13,-21.08,-28.28,8.50,55.88,-0.70,-14.09,-5.67,5.74,5.19,-15.17,1.62,26.21,0.45,-15.63,-4.71,0.29,9.53,-2.57,-1.44,-2.92,5.17,-4.66,-3.99,2.92,-11.10,-5.84,1.19,26.17,-12.15,-11.40,-3.90
IncomeCostOfSales_sq,,-0.38,,-4.80,22.71,29.06,3.63,-11.64,18.64,11.08,-11.42,-8.06,11.12,3.32,-6.07,-3.22,1.75,21.02,-4.50,5.79,14.58,-7.14,-5.22,-5.69,7.60,14.72,-4.62,2.07,17.66,3.70,-15.50,14.89,1.36,5.63,-11.32,10.44,6.04,8.38,-11.00,11.40,-0.24,12.08,-11.80,11.94,2.11,14.73,-12.21,11.66,5.21,18.86,-15.59,6.69,-3.90
IncomeDistributionExpenses,4652000,4329000,6001000,7040000,6071000,9328000,9124000,9276000,9078000,12867000,13205000,14583000,13036000,20482000,17498000,17009000,16112000,20907000,19357000,16310000,17192000,20890000,18496000,20278000,18261000,20050000,18729000,23948000,19119000,22255000,18832000,20391000,19782000,20415000,18826000,21220000,19173000,19629000,19171000,19419000,19246000,19695000,18451000,20047000,19233000,19340000,17928000,18177000,17321000,18874000,16380000,18077000,16269000
IncomeDistributionExpenses_yy,,,29.00,62.62,,,52.04,31.76,49.53,37.94,44.73,57.21,43.60,59.18,32.51,16.64,23.60,2.07,10.62,-4.11,6.70,-0.08,-4.45,24.33,6.22,-4.02,1.26,18.10,4.70,11.00,0.55,-14.85,3.47,-8.27,-0.03,4.07,-3.08,-3.85,1.83,-8.49,0.38,0.34,-3.76,3.23,-0.07,-1.80,-2.83,-9.33,-9.94,-2.41,-8.63,-0.55,-6.07
IncomeDistributionExpenses_sy,,,28.82,30.53,,,84.88,47.25,76.06,56.63,42.37,50.44,37.04,36.84,39.52,17.54,17.95,2.44,-1.88,3.14,8.40,7.88,9.16,9.67,6.90,6.31,15.98,18.10,14.87,11.00,3.56,13.18,9.79,12.14,13.00,19.83,16.01,7.98,15.06,6.30,9.13,11.27,19.15,22.35,14.36,17.50,23.08,19.95,19.76,16.76,5.72,13.07,-6.07
IncomeDistributionExpenses_qq,,-6.94,,17.31,-13.76,53.65,-2.19,1.67,-2.13,41.74,2.63,10.44,-10.61,57.12,-14.57,-2.79,-5.27,29.76,-7.41,-15.74,5.41,21.51,-11.46,9.63,-9.95,9.80,-6.59,27.87,-20.16,16.40,-15.38,8.28,-2.99,3.20,-7.78,12.72,-9.65,2.38,-2.33,1.29,-0.89,2.33,-6.32,8.65,-4.06,0.56,-7.30,1.39,-4.71,8.97,-13.21,10.36,-10.00
IncomeDistributionExpenses_sq,,15.45,,27.28,5.01,53.65,-0.01,10.66,10.25,31.16,-6.70,17.68,-3.19,30.56,-8.74,7.58,-6.94,13.91,-11.28,6.53,2.69,10.47,-12.12,8.62,-2.04,14.44,-6.59,7.97,0.26,8.91,-9.85,6.13,1.46,9.48,-8.20,10.70,-0.47,9.74,-6.31,7.07,-0.89,16.72,-9.60,11.28,-0.14,15.83,-7.52,6.26,-0.54,10.14,-11.94,8.02,-10.00
IncomeAdministrativExpenses,611000,678000,1087000,1095000,1356000,1224000,1137000,2037000,1506000,2395000,1790000,1700000,2154000,2118000,1884000,1801000,1607000,2322000,1724000,1760000,1731000,2166000,1597000,2129000,1920000,1818000,1503000,1667000,1609000,1793000,1765000,1981000,1766000,1690000,1622000,1879000,1747000,1784000,1531000,1959000,1846000,1879000,1454000,1794000,1533000,1934000,1623000,1889000,1634000,1949000,1604000,1791000,1723000
IncomeAdministrativExpenses_yy,,,77.91,61.50,,,4.60,86.03,11.06,95.67,57.43,-16.54,43.03,-11.57,5.25,5.94,-25.39,9.63,-8.49,-2.28,7.72,-6.72,-7.37,20.97,10.92,-16.07,-5.89,-21.70,-16.20,-1.38,17.43,18.84,9.76,-5.74,-8.10,-5.15,-1.08,5.56,-5.61,4.26,5.67,5.33,-5.03,-8.42,-16.96,2.93,11.62,5.30,6.59,0.78,-1.17,-5.19,5.45
IncomeAdministrativExpenses_sy,,,11.74,10.37,,,50.40,62.19,27.85,53.21,35.04,17.00,31.86,21.84,5.69,-2.50,-5.72,-26.67,-7.36,-2.30,-7.59,-1.96,-7.57,10.52,10.92,-3.43,7.72,-5.82,-12.72,8.34,3.20,9.90,13.70,-5.74,-2.36,18.22,-0.24,5.56,8.98,11.70,14.94,8.94,7.61,10.59,0.20,14.98,12.23,12.42,6.59,-0.05,3.83,-1.75,5.45
IncomeAdministrativExpenses_qq,,10.97,,0.74,23.84,-9.73,-7.11,79.16,-26.07,59.03,-25.26,-5.03,26.71,-1.67,-11.05,-4.41,-10.77,44.49,-25.75,2.09,-1.65,25.13,-26.27,33.31,-9.82,-5.31,-17.33,10.91,-3.48,11.44,-1.56,12.24,-10.85,-4.30,-4.02,15.84,-7.03,2.12,-14.18,27.96,-5.77,1.79,-22.62,23.38,-14.55,26.16,-16.08,16.39,-13.50,19.28,-17.70,11.66,-3.80
IncomeAdministrativExpenses_sq,,10.97,,7.16,18.20,15.40,16.74,18.58,-7.98,40.18,-7.48,10.58,3.78,20.54,-13.68,-2.15,-3.76,19.08,-16.11,-1.31,-3.25,4.30,1.81,7.10,0.46,3.21,-16.41,5.40,-3.82,11.44,-4.56,4.46,0.03,-1.86,-5.04,11.96,-0.39,10.18,-3.50,5.02,-1.14,0.44,-6.66,2.94,3.09,24.79,-10.90,16.00,-6.22,9.10,-5.88,7.89,-3.80
IncomeGrossProfit,2295000,-1126000,2837000,-1654000,-517000,3188000,797000,-1438000,-175000,6050000,1978000,-720000,10000,2474000,2510000,-337000,-714000,711000,3366000,-1328000,-398000,2551000,600000,-632000,-2510000,-8046000,3957000,2589000,-2017000,261000,2293000,-568000,-1697000,-336000,890000,-156000,-1407000,-770000,1368000,806000,-423000,-3556000,2045000,-1524000,-414000,-5500000,914000,-3999000,-3284000,-3242000,1056000,-1458000,-1908000
IncomeGrossProfit_yy,,,23.62,-46.89,,,-71.91,13.06,66.15,89.77,148.18,49.93,105.71,-59.11,26.90,53.19,-7240.00,-71.26,34.10,-294.07,44.26,258.79,-82.17,52.41,-530.65,-415.41,559.50,509.65,19.64,103.24,-42.05,-121.94,15.87,-228.74,-61.19,72.54,17.09,-129.17,53.71,616.67,69.94,-361.82,49.49,-289.08,2.13,-54.67,-55.31,-162.40,-693.24,41.05,15.54,63.54,41.90
IncomeGrossProfit_sy,,,-35.49,-2.40,,,24.95,44.16,45.93,43.09,25.19,49.34,14.31,-56.69,-114.40,-21.17,-53.57,21.26,35.06,39.87,51.12,41.27,18.09,67.87,7.56,-3.18,14.48,-48.83,-34.83,-6.30,-31.16,39.45,23.94,109.40,47.01,14.84,35.06,-8.16,5.41,23.82,-14.36,11.18,-2.71,3.41,-10.77,12.45,-32.56,3.30,25.97,11.56,2.60,24.93,-77.44
IncomeGrossProfit_qq,,-149.06,,-158.30,68.74,716.63,-75.00,-280.43,87.83,3557.14,-67.31,-136.40,101.39,24640.00,1.46,-113.43,-111.87,199.58,373.42,-139.45,70.03,740.95,-76.48,-205.33,-297.15,-220.56,149.18,-34.57,-177.91,112.94,778.54,-124.77,-198.77,80.20,364.88,-117.53,-801.92,45.27,277.66,-41.08,-152.48,-740.66,157.51,-174.52,72.83,-1228.50,116.62,-537.53,17.88,1.28,132.57,-238.07,-30.86
IncomeGrossProfit_sq,,57.44,,1.76,68.74,32.91,-19.65,40.81,16.68,78.17,-60.84,45.01,-24.29,23.21,-105.66,74.00,-37.44,159.69,-73.41,135.61,20.95,79.53,-86.33,167.62,-5.74,81.01,-69.48,91.01,-50.34,62.46,-88.66,178.69,-24.59,99.72,-79.14,181.23,-9.96,27.36,-80.03,182.18,-38.05,100.87,-81.79,147.09,-53.28,76.79,-94.59,101.05,-5.92,44.84,-106.00,125.03,-89.43
IncomeOtherOperatingIncome,17000,17000,5000,90000,71000,340000,647000,590000,72000,568000,93000,121000,143000,673000,113000,291000,73000,330000,270000,229000,294000,231000,325000,189000,166000,431000,454000,251000,234000,324000,230000,255000,404000,426000,373000,357000,331000,480000,416000,439000,380000,392000,253000,493000,361000,-373000,223000,301000,-92000,432000,300000,237000,289000
IncomeOtherOperatingIncome_yy,,,-70.59,429.41,,,12840.00,555.56,1.41,67.06,-85.63,-79.49,98.61,18.49,21.51,140.50,-48.95,-50.97,138.94,-21.31,302.74,-30.00,20.37,-17.47,-43.54,86.58,39.69,32.80,40.96,-24.83,-49.34,1.59,72.65,31.48,62.17,40.00,-18.07,12.68,11.53,22.97,14.80,-18.33,-39.18,12.30,-5.00,-195.15,-11.86,-38.95,-125.48,215.82,34.53,-21.26,414.13
IncomeOtherOperatingIncome_sy,,,-11.62,47.56,,,125.55,5.29,22.20,45.86,48.15,19.33,41.48,8.42,174.39,132.52,0.64,65.50,12.30,-21.31,52.78,26.32,-17.60,-23.47,-14.95,82.77,6.26,11.80,-4.58,-23.71,16.60,8.49,45.34,65.13,4.07,-46.60,-35.49,-17.94,-26.60,15.93,-14.40,2.92,13.84,12.30,0.32,-8.62,-11.86,-11.46,-7.47,-6.81,26.46,-16.90,414.13
IncomeOtherOperatingIncome_qq,,,,1700.00,-21.11,378.87,90.29,-8.81,-87.80,688.89,-83.63,30.11,18.18,370.63,-83.21,157.52,-74.91,352.05,-18.18,-15.19,28.38,-21.43,40.69,-41.85,-12.17,159.64,5.34,-44.71,-6.77,38.46,-29.01,10.87,58.43,5.45,-12.44,-4.29,-7.28,45.02,-13.33,5.53,-13.44,3.16,-35.46,94.86,-26.77,-203.32,159.79,34.98,-130.56,569.57,-30.56,-21.00,21.94
IncomeOtherOperatingIncome_sq,,,,220.76,-23.97,105.46,-33.22,33.95,1.00,226.20,-47.99,-34.15,18.18,187.08,-43.49,60.21,-34.26,29.85,-16.74,-34.43,-1.48,57.26,-62.50,29.10,-16.37,108.41,-39.10,-41.24,7.56,-2.05,-0.99,10.87,41.75,0.21,-5.38,-3.84,-2.10,45.02,-48.74,4.06,-24.68,35.41,-26.42,12.30,-26.77,33.79,-34.03,47.56,-16.50,30.01,-6.19,-1.20,21.94
IncomeOtherOperatingCosts,8000,6000,17000,124000,112000,139000,77000,75000,86000,193000,83000,44000,67000,214000,7000,308000,144000,421000,171000,154000,68000,672000,62000,520000,154000,1384000,426000,348000,302000,1177000,186000,283000,312000,217000,259000,247000,365000,211000,519000,336000,340000,377000,625000,206000,432000,1165000,332000,232000,428000,491000,371000,522000,205000
IncomeOtherOperatingCosts_yy,,,112.50,1966.67,,,352.94,-39.52,-23.21,38.85,7.79,-41.33,-22.09,10.88,-91.57,600.00,114.93,96.73,2342.86,-50.00,-52.78,59.62,-63.74,237.66,126.47,105.95,587.10,-33.08,96.10,-14.96,-56.34,-18.68,3.31,-81.56,39.25,-12.72,16.99,-2.76,100.39,36.03,-6.85,78.67,20.42,-38.69,27.06,209.02,-46.88,12.62,-0.93,-57.85,11.75,125.00,-52.10
IncomeOtherOperatingCosts_sy,,,-0.40,21.38,,,61.40,61.93,46.78,80.53,54.46,31.54,20.04,147.27,96.88,177.40,86.67,-12.76,-29.02,-35.02,-9.91,-38.92,-6.28,3.28,7.95,-7.50,38.78,-14.62,-15.42,13.74,-16.18,6.45,12.52,-9.79,-26.64,-12.72,-17.06,7.00,-10.00,-7.75,-6.85,33.59,28.74,29.56,36.75,-2.26,-4.28,11.64,3.61,54.38,4.95,22.44,-43.69
IncomeOtherOperatingCosts_qq,,-25.00,,629.41,-9.68,24.11,-44.60,-2.60,14.67,124.42,-56.99,-46.99,52.27,219.40,-96.73,4300.00,-53.25,192.36,-59.38,-9.94,-55.84,888.24,-90.77,738.71,-70.38,798.70,-69.22,-18.31,-13.22,289.74,-84.20,52.15,10.25,-30.45,19.35,-4.63,47.77,-42.19,145.97,-35.26,1.19,10.88,65.78,-67.04,109.71,169.68,-71.50,-30.12,84.48,14.72,-24.44,40.70,-60.73
IncomeOtherOperatingCosts_sq,,27.77,,113.27,-56.81,519.31,-50.99,70.39,-21.48,271.47,-74.68,52.42,-17.71,356.31,-73.04,110.02,-20.51,86.38,-59.38,58.26,-43.20,60.76,-66.74,191.42,23.78,114.17,-46.78,3.53,-2.45,60.44,-71.67,104.87,11.23,78.72,-69.21,7.18,-4.52,156.19,-59.23,29.49,-17.03,212.60,-68.92,32.63,-20.26,123.42,-73.32,69.08,27.66,364.54,-75.28,76.88,-66.62
IncomeEBIT,2304000,-1115000,2825000,-1688000,-558000,3389000,1367000,-923000,-189000,6425000,1988000,-643000,86000,2933000,2616000,-354000,-785000,620000,3465000,-1253000,-172000,2110000,863000,-963000,-2498000,-8999000,3985000,2492000,-2085000,-592000,2337000,-596000,-1605000,-127000,1004000,-46000,-1441000,-501000,1265000,909000,-383000,-3541000,1673000,-1237000,-485000,-7038000,805000,-3930000,-3804000,-3301000,985000,-1743000,-1824000
IncomeEBIT_yy,,,22.61,-51.39,,,-51.61,45.32,66.13,89.58,45.43,30.34,145.50,-54.35,31.59,44.95,-1012.79,-78.86,32.45,-253.95,78.09,240.32,-75.09,23.14,-1352.33,-526.49,361.76,358.77,16.53,93.42,-41.36,-123.92,23.02,78.55,-57.04,92.28,10.22,-294.49,26.00,2076.09,73.42,-606.79,32.25,-236.08,-26.63,-98.76,-51.88,-217.70,-684.33,53.10,22.36,55.65,52.05
IncomeEBIT_sy,,,-41.44,12.31,,,75.74,23.19,45.75,31.14,38.66,27.78,10.60,-48.34,-110.84,-37.42,-62.64,17.21,68.45,11.20,100.70,58.86,7.73,35.34,-24.99,14.26,-20.84,-32.22,11.28,5.38,-37.86,44.73,23.20,56.58,43.53,18.28,25.63,2.49,7.90,18.17,-20.51,1.70,-6.69,1.99,-13.34,2.20,-45.62,-0.49,8.21,21.26,0.41,31.29,-102.86
IncomeEBIT_qq,,-148.39,,-159.75,66.94,707.35,-59.66,-167.52,79.52,3499.47,-69.06,-132.34,113.37,3310.47,-10.81,-113.53,-121.75,178.98,458.87,-136.16,86.27,1326.74,-59.10,-211.59,-159.40,-260.25,144.28,-37.47,-183.67,71.61,494.76,-125.50,-169.30,92.09,890.55,-104.58,-3032.61,65.23,352.50,-28.14,-142.13,-824.54,147.25,-173.94,60.79,-1351.13,111.44,-588.20,3.21,13.22,129.84,-276.95,-4.65
IncomeEBIT_sq,,22.82,,20.44,66.94,81.57,-8.89,54.14,-8.94,39.52,-58.60,24.21,-18.52,-10.30,-5.52,34.66,-24.86,75.74,-61.59,121.66,4.97,69.56,-90.49,128.60,-18.30,85.04,-75.32,61.87,-41.69,15.36,-82.45,170.59,-20.77,92.09,-77.30,150.53,-11.81,55.25,-78.59,118.91,-52.22,48.68,-82.46,112.71,-37.02,60.56,-85.38,98.68,-15.95,26.45,-93.86,130.10,-94.09
IncomeFinanceIncome,10000,0,17000,1000,99000,32000,,,,182000,31000,130000,63000,-219000,9000,0,306000,211000,259000,-113000,-144000,4000,203000,27000,-84000,-66000,199000,87000,226000,184000,0,18000,0,1000,5000,28000,0,1000,121000,-120000,114000,,189000,0,0,0,193000,56000,-43000,84000,,155000,-56000
IncomeFinanceIncome_yy,,,70.00,,,,-100.00,-100.00,-100.00,468.75,,,,-220.33,-70.97,-100.00,385.71,196.35,2777.78,,-147.06,-98.10,-21.62,123.89,41.67,-1750.00,-1.97,222.22,369.05,378.79,-100.00,-79.31,-100.00,-99.46,,55.56,,,2320.00,-528.57,,-100.00,56.20,100.00,-100.00,,2.12,,,,-100.00,176.79,-30.23
IncomeFinanceIncome_sy,,,55.81,,,,150.41,400.00,108.97,143.39,,,,28.42,-18.28,-19.51,88.92,-41.60,-2.38,,115.73,-9.33,89.67,-39.61,-47.23,-19.05,15.13,8.12,22.74,21.69,-34.53,-12.42,-47.18,8.17,,-10.47,,,44.80,-28.90,,-79.84,-30.20,86.91,-40.89,,8.86,,,,-27.09,-16.67,-65.12
IncomeFinanceIncome_qq,,-100.00,,-94.12,9800.00,-67.68,-100.00,,,,-82.97,319.35,-51.54,-447.62,104.11,-100.00,,-31.05,22.75,-143.63,-27.43,102.78,4975.00,-86.70,-411.11,21.43,401.52,-56.28,159.77,-18.58,-100.00,,-100.00,,400.00,460.00,-100.00,,12000.00,-199.17,195.00,-100.00,,-100.00,,,,-70.98,-176.79,295.35,-100.00,,-136.13
IncomeFinanceIncome_sq,,20.09,,45.26,2.52,69.23,-21.59,,,,8.39,188.96,-74.82,253.07,-59.08,39.50,,107.79,-12.46,17.62,74.32,-14.86,6.86,-29.59,0.31,27.38,-15.92,-50.72,16.87,2.34,-6.41,,-24.53,,-12.62,2.10,-2.90,,13.32,-21.47,0.40,13.24,,-13.02,,,,-50.90,-37.17,94.53,56.54,,-136.13
IncomeFinanceCosts,145000,149000,138000,123000,168000,87000,119000,195000,235000,399000,292000,459000,553000,1946000,587000,654000,497000,699000,616000,634000,652000,701000,634000,631000,706000,1359000,782000,829000,833000,1030000,624000,873000,308000,451000,490000,403000,523000,809000,310000,530000,378000,843000,777000,304000,203000,779000,295000,288000,191000,257000,250000,253000,170000
IncomeFinanceCosts_yy,,,-4.83,-17.45,,,-13.77,58.54,39.88,358.62,145.38,135.38,135.32,387.72,101.03,42.48,-10.13,-64.08,4.94,-3.06,31.19,0.29,2.92,-0.47,8.28,93.87,23.34,31.38,17.99,-24.21,-20.20,5.31,-63.03,-56.21,-21.47,-53.84,69.81,79.38,-36.73,31.51,-27.72,4.20,150.65,-42.64,-46.30,-7.59,-62.03,-5.26,-5.91,-67.01,-15.25,-12.15,-10.99
IncomeFinanceCosts_sy,,,-39.81,-30.76,,,21.06,5.17,-7.08,78.19,30.61,69.33,72.18,265.82,77.32,14.36,-2.50,-62.74,-47.27,26.11,3.67,3.72,2.92,-25.29,43.26,-8.71,1.06,6.02,-42.84,-13.77,-8.21,28.84,-50.87,43.18,-14.16,-40.56,100.00,47.56,19.47,-8.36,-32.18,-19.34,1.98,-17.09,-38.02,-9.24,0.86,5.73,7.46,58.11,12.50,19.89,-40.84
IncomeFinanceCosts_qq,,2.76,,-10.87,36.59,-48.21,36.78,63.87,20.51,69.79,-26.82,57.19,20.48,251.90,-69.84,11.41,-24.01,40.64,-11.87,2.92,2.84,7.52,-9.56,-0.47,11.89,92.49,-42.46,6.01,0.48,23.65,-39.42,39.90,-64.72,46.43,8.65,-17.76,29.78,54.68,-61.68,70.97,-28.68,123.02,-7.83,-60.88,-33.22,283.74,-62.13,-2.37,-33.68,34.55,-2.72,1.20,-32.81
IncomeFinanceCosts_sq,,-6.58,,3.63,9.84,32.08,-17.55,7.04,-6.59,79.04,-27.12,34.87,-1.96,248.19,-37.87,-20.14,-9.44,26.40,-31.92,17.06,-19.69,1.76,-9.56,4.89,56.89,-31.34,-2.65,0.70,0.76,0.98,44.94,29.52,-59.74,73.54,-21.95,-16.73,26.05,15.00,-26.37,-10.57,8.20,46.61,14.36,-25.51,11.68,91.73,-4.89,-2.91,-15.57,119.59,-17.27,24.16,-32.81
IncomeOtherIncome,,,,,,,,,,,,,,,,,,,,,,,,,,,,,,,,,,,,,,,,,,,,,,,,,,,,,
IncomeOtherIncome_yy,,,,,,,,,,,,,,,,,,,,,,,,,,,,,,,,,,,,,,,,,,,,,,,,,,,,,
IncomeOtherIncome_sy,,,,,,,,,,,,,,,,,,,,,,,,,,,,,,,,,,,,,,,,,,,,,,,,,,,,,
IncomeOtherIncome_qq,,,,,,,,,,,,,,,,,,,,,,,,,,,,,,,,,,,,,,,,,,,,,,,,,,,,,
IncomeOtherIncome_sq,,,,,,,,,,,,,,,,,,,,,,,,,,,,,,,,,,,,,,,,,,,,,,,,,,,,,
IncomeNetGrossProfit,2169000,-1264000,2704000,-1810000,-627000,3334000,1248000,-1118000,-424000,6208000,1727000,-972000,-404000,768000,2038000,-1008000,-976000,132000,3108000,-2000000,-968000,1413000,432000,-1567000,-3288000,-10424000,3402000,1750000,-2692000,-1438000,1713000,-1451000,-1913000,-577000,519000,-421000,-1964000,-1309000,1076000,259000,-647000,-4499000,1085000,-1541000,-688000,-7817000,703000,-4162000,-4038000,-3474000,735000,-1841000,-2050000
IncomeNetGrossProfit_yy,,,24.67,-43.20,,,-53.85,38.23,32.38,86.20,38.38,13.06,4.72,-87.63,18.01,-3.70,-141.58,-82.81,52.50,-98.41,0.82,970.45,-86.10,21.65,-239.67,-837.72,687.50,211.68,18.13,86.20,-49.65,-182.91,28.94,59.87,-69.70,70.99,-2.67,-126.86,107.32,161.52,67.06,-243.70,0.84,-694.98,-6.34,-73.75,-35.21,-170.08,-486.92,55.56,4.55,55.77,49.23
IncomeNetGrossProfit_sy,,,-32.38,18.98,,,68.89,51.90,99.06,27.27,28.49,-2.41,-4.74,-72.93,-117.46,-14.10,-51.62,15.87,72.17,42.42,131.22,58.33,-2.23,55.58,-15.79,8.53,-6.58,-19.94,18.58,-13.82,-34.93,16.12,24.49,30.92,42.69,33.62,13.93,0.02,-9.94,22.01,8.27,8.11,-9.14,13.90,-17.32,-3.18,-39.58,-5.04,15.10,-0.68,-6.99,38.48,-27.34
IncomeNetGrossProfit_qq,,-158.28,,-166.94,65.36,631.74,-62.57,-189.58,62.08,1564.15,-72.18,-156.28,58.44,290.10,165.36,-149.46,3.17,113.52,2254.55,-164.35,51.60,245.97,-69.43,-462.73,-109.83,-217.03,132.64,-48.56,-253.83,46.58,219.12,-184.71,-31.84,69.84,189.95,-181.12,-366.51,33.35,182.20,-75.93,-349.81,-595.36,124.12,-242.03,55.35,-1036.19,108.99,-692.03,2.98,13.97,121.16,-350.48,-11.35
IncomeNetGrossProfit_sq,,32.75,,95.86,-1.12,82.22,-9.31,47.88,-37.08,26.67,-53.22,27.32,-40.88,-25.04,8.34,72.02,-53.54,47.44,-67.15,166.42,19.51,69.16,-82.87,142.35,-56.87,93.97,-86.35,77.08,-35.20,44.40,-85.36,99.41,-6.98,64.12,-98.22,149.36,-28.10,37.46,-82.12,125.84,-43.45,33.18,-86.70,147.44,-33.58,23.45,-101.26,101.80,-26.02,13.97,-84.28,119.02,-120.38
IncomeExtraordinarProfit,,,,,,,,,,,,,,,,,,,,,,,,,,,,,,,,,,,,,,,,,,,,,,,,,,,,,
IncomeExtraordinarProfit_yy,,,,,,,,,,,,,,,,,,,,,,,,,,,,,,,,,,,,,,,,,,,,,,,,,,,,,
IncomeExtraordinarProfit_sy,,,,,,,,,,,,,,,,,,,,,,,,,,,,,,,,,,,,,,,,,,,,,,,,,,,,,
IncomeExtraordinarProfit_qq,,,,,,,,,,,,,,,,,,,,,,,,,,,,,,,,,,,,,,,,,,,,,,,,,,,,,
IncomeExtraordinarProfit_sq,,,,,,,,,,,,,,,,,,,,,,,,,,,,,,,,,,,,,,,,,,,,,,,,,,,,,
IncomeBeforeTaxProfit,2169000,-1264000,2704000,-1810000,-627000,3334000,1248000,-1118000,-424000,6208000,1727000,-972000,-404000,768000,2038000,-1008000,-976000,132000,3108000,-2000000,-968000,1413000,432000,-1567000,-3288000,-10424000,3402000,1750000,-2692000,-1438000,1713000,-1451000,-1913000,-577000,519000,-421000,-1964000,-1309000,1076000,259000,-647000,-4499000,1085000,-1541000,-688000,-7817000,703000,-4162000,-4038000,-3474000,735000,-1841000,-2050000
IncomeBeforeTaxProfit_yy,,,24.67,-43.20,,,-53.85,38.23,32.38,86.20,38.38,13.06,4.72,-87.63,18.01,-3.70,-141.58,-82.81,52.50,-98.41,0.82,970.45,-86.10,21.65,-239.67,-837.72,687.50,211.68,18.13,86.20,-49.65,-182.91,28.94,59.87,-69.70,70.99,-2.67,-126.86,107.32,161.52,67.06,-243.70,0.84,-694.98,-6.34,-73.75,-35.21,-170.08,-486.92,55.56,4.55,55.77,49.23
IncomeBeforeTaxProfit_sy,,,-31.47,18.98,,,68.89,51.90,99.06,27.27,28.49,-2.41,-4.74,-72.93,-117.46,-14.10,-51.62,15.87,72.17,42.42,143.72,58.33,-2.23,55.58,-15.79,8.53,-6.58,-19.94,18.58,-13.82,-34.93,16.12,24.49,30.92,42.69,33.62,13.93,0.02,-9.94,22.01,8.27,8.11,-9.14,13.90,-20.01,-3.18,-39.58,-5.04,15.10,-0.68,-6.99,38.48,-27.34
IncomeBeforeTaxProfit_qq,,-158.28,,-166.94,65.36,631.74,-62.57,-189.58,62.08,1564.15,-72.18,-156.28,58.44,290.10,165.36,-149.46,3.17,113.52,2254.55,-164.35,51.60,245.97,-69.43,-462.73,-109.83,-217.03,132.64,-48.56,-253.83,46.58,219.12,-184.71,-31.84,69.84,189.95,-181.12,-366.51,33.35,182.20,-75.93,-349.81,-595.36,124.12,-242.03,55.35,-1036.19,108.99,-692.03,2.98,13.97,121.16,-350.48,-11.35
IncomeBeforeTaxProfit_sq,,32.75,,95.86,-1.12,82.22,-9.31,47.88,-37.08,27.11,-53.22,27.32,-40.88,-25.04,8.34,89.56,-53.54,47.44,-67.15,166.42,19.51,69.16,-82.87,142.35,-56.87,93.97,-86.35,77.08,-35.20,44.40,-85.36,104.95,-6.98,64.12,-98.22,149.36,-28.10,37.46,-82.12,129.04,-43.45,33.18,-86.70,147.44,-33.58,23.45,-101.26,101.80,-26.02,13.97,-84.28,119.02,-120.38
IncomeDiscontinuedProfit,,,,,,,,,,,,,,,,,,,,,,,,,,,,,,,,,,,,,,,,,,,,,,,,,,,,,
IncomeDiscontinuedProfit_yy,,,,,,,,,,,,,,,,,,,,,,,,,,,,,,,,,,,,,,,,,,,,,,,,,,,,,
IncomeDiscontinuedProfit_sy,,,,,,,,,,,,,,,,,,,,,,,,,,,,,,,,,,,,,,,,,,,,,,,,,,,,,
IncomeDiscontinuedProfit_qq,,,,,,,,,,,,,,,,,,,,,,,,,,,,,,,,,,,,,,,,,,,,,,,,,,,,,
IncomeDiscontinuedProfit_sq,,,,,,,,,,,,,,,,,,,,,,,,,,,,,,,,,,,,,,,,,,,,,,,,,,,,,
IncomeNetProfit,1756000,-1024000,2185000,-1452000,-535000,2751000,1011000,-917000,-388000,4923000,1544000,-970000,-353000,421000,1651000,-719000,-888000,102000,2500000,-1656000,-821000,1030000,350000,-1485000,-3288000,-7960000,2756000,1259000,-2108000,-1291000,1335000,-1141000,-1578000,-489000,486000,-394000,-1654000,-1091000,858000,77000,-871000,-4483000,850000,-1231000,-995000,-7197000,531000,-3335000,-3268000,-2927000,581000,-1526000,-1644000
IncomeNetProfit_yy,,,24.43,-41.80,,,-53.73,36.85,27.48,78.95,52.72,-5.78,9.02,-91.45,6.93,25.88,-151.56,-75.77,51.42,-130.32,7.55,909.80,-86.00,10.33,-300.49,-872.82,687.43,184.78,35.89,83.78,-51.56,-190.63,25.14,62.12,-63.60,65.47,-4.82,-123.11,76.54,119.54,47.34,-310.91,-0.93,-1698.70,-14.24,-60.54,-37.53,-170.92,-228.44,59.33,9.42,54.24,49.69
IncomeNetProfit_sy,,,-31.47,31.30,,,68.89,52.44,104.00,27.31,52.72,-5.78,-11.16,-78.49,-201.64,-24.30,-53.12,22.88,72.17,26.23,134.96,74.28,-3.00,39.92,-10.96,2.60,-3.99,-8.63,9.48,-8.52,-4.82,54.55,26.10,59.66,23.60,8.93,4.74,14.34,-2.86,35.62,8.75,-9.20,-2.36,24.68,-19.17,-3.50,-93.75,2.61,22.30,16.46,-14.01,27.94,-27.12
IncomeNetProfit_qq,,-158.31,,-166.45,63.15,614.21,-63.25,-190.70,57.69,1368.81,-68.64,-162.82,63.61,219.26,292.16,-143.55,-23.50,111.49,2350.98,-166.24,50.42,225.46,-66.02,-524.29,-121.41,-142.09,134.62,-54.32,-267.43,38.76,203.41,-185.47,-38.30,69.01,199.39,-181.07,-319.80,34.04,178.64,-91.03,-1231.17,-414.70,118.96,-244.82,19.17,-623.32,107.38,-728.06,2.01,10.43,119.85,-362.65,-7.73
IncomeNetProfit_sq,,4.70,,88.68,-8.09,136.89,-31.08,54.40,-31.61,34.49,-53.72,26.94,-56.06,-14.46,-4.87,87.74,-64.30,37.86,-67.34,163.54,20.84,66.99,-83.87,159.34,-57.83,118.61,-90.87,99.77,-54.16,40.08,-86.16,134.81,-7.77,63.97,-90.54,155.80,-30.72,32.35,-84.14,177.16,-30.50,34.70,-79.16,147.44,-41.18,18.69,-87.98,145.54,-28.24,-26.81,-67.35,112.20,-118.57
IncomeShareholderNetProfit,1756000,-1024000,2185000,-1452000,-535000,2751000,1011000,-917000,-388000,4923000,1544000,-970000,-353000,421000,1651000,-719000,-888000,102000,2500000,-1656000,-821000,1030000,350000,-1485000,-3288000,-7960000,2756000,1259000,-2108000,-1291000,1335000,-1141000,-1578000,-489000,486000,-394000,-1654000,-1091000,858000,77000,-871000,-4483000,850000,-1231000,-995000,-7197000,531000,-3335000,-3268000,-2927000,581000,-1526000,-1644000
IncomeShareholderNetProfit_yy,,,24.43,-41.80,,,-53.73,36.85,27.48,78.95,52.72,-5.78,9.02,-91.45,6.93,25.88,-151.56,-75.77,51.42,-130.32,7.55,909.80,-86.00,10.33,-300.49,-872.82,687.43,184.78,35.89,83.78,-51.56,-190.63,25.14,62.12,-63.60,65.47,-4.82,-123.11,76.54,119.54,47.34,-310.91,-0.93,-1698.70,-14.24,-60.54,-37.53,-170.92,-228.44,59.33,9.42,54.24,49.69
IncomeShareholderNetProfit_sy,,,-31.47,31.30,,,68.89,50.97,110.50,27.32,52.72,-5.78,-7.09,-68.44,-193.87,-13.54,-55.30,20.65,72.16,26.23,134.95,74.28,-3.00,39.92,-12.25,5.63,-2.30,-8.63,8.20,-10.79,-16.70,54.65,40.18,58.76,23.66,13.28,5.76,13.74,-34.90,35.62,8.75,-9.20,-2.36,22.74,-19.17,-4.68,-78.45,2.61,22.30,21.35,-14.01,27.03,-27.12
IncomeShareholderNetProfit_qq,,-158.31,,-166.45,63.15,614.21,-63.25,-190.70,57.69,1368.81,-68.64,-162.82,63.61,219.26,292.16,-143.55,-23.50,111.49,2350.98,-166.24,50.42,225.46,-66.02,-524.29,-121.41,-142.09,134.62,-54.32,-267.43,38.76,203.41,-185.47,-38.30,69.01,199.39,-181.07,-319.80,34.04,178.64,-91.03,-1231.17,-414.70,118.96,-244.82,19.17,-623.32,107.38,-728.06,2.01,10.43,119.85,-362.65,-7.73
IncomeShareholderNetProfit_sq,,4.70,,88.65,-8.08,122.56,-31.08,54.40,-31.61,34.49,-51.42,22.71,-52.66,-14.46,-4.87,78.03,-64.30,37.86,-67.34,162.72,20.84,66.99,-83.87,160.36,-57.69,118.26,-90.87,100.42,-54.16,40.08,-86.16,134.81,-7.84,62.27,-85.31,124.06,-31.87,32.35,-84.14,169.73,-43.90,34.70,-72.46,139.28,-41.18,14.05,-102.63,156.75,-27.60,-26.81,-71.97,122.96,-118.57
BalanceNoncurrentAssets,6115000,6730000,10751000,12662000,15717000,19672000,24122000,27677000,30666000,39048000,44764000,52513000,64846000,84298000,89869000,90435000,93300000,93822000,91728000,90592000,89372000,88628000,87530000,87851000,88034000,90974000,88943000,88728000,87866000,86316000,84959000,84084000,83317000,82935000,83048000,81986000,80970000,80702000,78781000,77666000,76099000,74921000,72993000,72035000,71658000,69914000,68829000,68379000,67490000,66204000,64892000,64115000,62152000
BalanceNoncurrentAssets_yy,,,75.81,88.14,,,124.37,118.58,95.11,98.50,85.57,89.74,111.46,115.88,100.76,72.21,43.88,11.30,2.07,0.17,-4.21,-5.54,-4.58,-3.03,-1.50,2.65,1.61,1.00,-0.19,-5.12,-4.48,-5.23,-5.18,-3.92,-2.25,-2.50,-2.82,-2.69,-5.14,-5.27,-6.02,-7.16,-7.35,-7.25,-5.84,-6.68,-5.70,-5.08,-5.82,-5.31,-5.72,-6.24,-7.91
BalanceNoncurrentAssets_sy,,,21.66,16.16,,,108.31,118.58,5.06,36.78,42.29,37.52,72.46,42.77,38.87,7.75,11.42,-3.48,2.07,0.17,10.84,-2.23,0.60,-2.86,-6.92,2.65,6.36,0.48,67.25,-1.20,0.59,2.07,0.71,4.28,2.45,6.46,4.92,2.30,4.36,-0.42,1.68,4.28,5.83,5.53,7.12,7.67,7.68,3.42,3.23,1.21,-1.09,2.59,-7.91
BalanceNoncurrentAssets_qq,,10.06,,17.78,24.13,25.16,22.62,14.74,10.80,27.33,14.64,17.31,23.49,30.00,6.61,0.63,3.17,0.56,-2.23,-1.24,-1.35,-0.83,-1.24,0.37,0.21,3.34,-2.23,-0.24,-0.97,-1.76,-1.57,-1.03,-0.91,-0.46,0.14,-1.28,-1.24,-0.33,-2.38,-1.42,-2.02,-1.55,-2.57,-1.31,-0.52,-2.43,-1.55,-0.65,-1.30,-1.91,-1.98,-1.20,-3.06
BalanceNoncurrentAssets_sq,,-2.80,,-0.40,-100.00,12.77,3.46,4.96,-100.00,14.53,3.71,7.57,-100.00,14.49,1.41,-0.46,-100.00,1.19,-0.64,-0.44,-100.00,0.95,-0.13,-1.08,-100.00,1.45,-0.32,-0.38,-0.15,-0.01,0.06,-0.14,0.66,3.16,0.62,0.32,0.38,-0.13,0.70,0.60,0.46,3.64,0.02,0.20,1.11,1.00,0.81,-0.10,0.68,-0.22,-0.10,0.04,-1.53
BalanceIntangibleAssets,71000,140000,314000,320000,293000,413000,429000,423000,388000,497000,591000,604000,541000,648000,600000,556000,4154000,4127000,4209000,4209000,4223000,4200000,4103000,4035000,3927000,3823000,3723000,3716000,3627000,3635000,3544000,3455000,3370000,3295000,3259000,3182000,3125000,3057000,2982000,3080000,3001000,2921000,2850000,2771000,2691000,2612000,2533000,4146000,4024000,3902000,3780000,3658000,3536000
BalanceIntangibleAssets_yy,,,342.25,128.57,,,36.62,32.19,32.42,20.34,37.76,42.79,39.43,30.38,1.52,-7.95,667.84,536.88,601.50,657.01,1.66,1.77,-2.52,-4.13,-7.01,-8.98,-9.26,-7.91,-7.64,-4.92,-4.81,-7.02,-7.09,-9.35,-8.04,-7.90,-7.27,-7.22,-8.50,-3.21,-3.97,-4.45,-4.43,-10.03,-10.33,-10.58,-11.12,49.62,49.54,49.39,49.23,-11.77,-12.13
BalanceIntangibleAssets_sy,,,6.49,-4.44,,,388.81,32.19,14.78,38.57,37.76,31.57,34.02,39.14,40.76,-7.95,7.14,-0.15,3.70,-0.90,-3.48,-1.42,-2.16,-0.54,-21.00,-0.08,0.04,0.15,1.58,-0.68,0.23,-0.21,-4.00,-0.15,0.66,1.85,3.79,0.56,0.57,1.63,0.17,1.80,0.55,0.77,0.78,-0.03,0.31,2.31,1.30,3.71,1.48,1.42,-12.13
BalanceIntangibleAssets_qq,,97.18,,1.91,-8.44,40.96,3.87,-1.40,-8.27,28.09,18.91,2.20,-10.43,19.78,-7.41,-7.33,647.12,-0.65,1.99,,0.33,-0.54,-2.31,-1.66,-2.68,-2.65,-2.62,-0.19,-2.40,0.22,-2.50,-2.51,-2.46,-2.23,-1.09,-2.36,-1.79,-2.18,-2.45,3.29,-2.56,-2.67,-2.43,-2.77,-2.89,-2.94,-3.02,63.68,-2.94,-3.03,-3.13,-3.23,-3.34
BalanceIntangibleAssets_sq,,1.98,,,-100.00,7.88,0.90,0.06,-100.00,1.20,-0.49,4.27,-100.00,13.30,0.76,-1.05,-100.00,-0.13,-0.33,,-100.00,-0.54,-1.54,,-100.00,6.17,-2.22,-0.27,-0.10,-0.08,-1.52,-0.42,-0.19,0.41,-0.14,-0.14,-0.21,-0.27,-0.18,-0.08,-0.13,2.05,-0.02,-0.07,-0.12,0.11,-0.06,,-0.02,0.53,0.06,0.60,-3.34
BalanceProperty,5946000,6495000,10284000,12189000,14978000,18717000,23131000,26682000,29728000,38014000,43610000,51282000,63647000,82678000,88487000,88605000,87582000,87885000,86271000,84910000,83530000,83161000,82170000,82559000,82850000,83355000,82004000,82094000,80633000,79166000,78031000,76696000,75755000,75792000,76015000,74637000,73331000,73283000,71691000,70366000,69147000,68273000,66728000,65433000,65054000,63185000,62201000,59271000,57792000,56320000,55084000,53992000,51671000
BalanceProperty_yy,,,72.96,87.67,,,124.92,118.90,98.48,103.10,88.53,92.20,114.10,117.49,102.91,72.78,37.61,6.30,-2.50,-4.17,-4.63,-5.38,-4.75,-2.77,-0.81,0.23,-0.20,-0.56,-2.68,-5.03,-4.84,-6.58,-6.05,-4.26,-2.58,-2.68,-3.20,-3.31,-5.69,-5.72,-5.71,-6.84,-6.92,-7.01,-5.92,-7.45,-6.78,-9.42,-11.16,-10.86,-11.44,-8.91,-10.59
BalanceProperty_sy,,,33.34,19.98,,,72.04,75.50,57.58,38.22,32.17,30.92,75.74,38.16,36.72,2.88,9.50,-5.75,-4.62,-6.56,-0.54,2.07,8.66,-1.47,-0.81,2.33,0.36,0.11,0.19,-4.00,-4.84,-5.24,-3.50,6.46,0.57,4.60,11.85,5.11,14.26,1.94,7.18,12.00,12.06,11.82,9.57,6.90,8.49,6.17,4.97,-1.46,-0.53,4.48,-10.59
BalanceProperty_qq,,9.23,,18.52,22.88,24.96,23.58,15.35,11.42,27.87,14.72,17.59,24.11,29.90,7.03,0.13,-1.15,0.35,-1.84,-1.58,-1.63,-0.44,-1.19,0.47,0.35,0.61,-1.62,0.11,-1.78,-1.82,-1.43,-1.71,-1.23,0.05,0.29,-1.81,-1.75,-0.07,-2.17,-1.85,-1.73,-1.26,-2.26,-1.94,-0.58,-2.87,-1.56,-4.71,-2.50,-2.55,-2.19,-1.98,-4.30
BalanceProperty_sq,,3.06,,3.33,-100.00,15.80,3.60,7.57,-100.00,16.67,3.98,7.40,-100.00,10.22,1.56,-0.63,-100.00,-1.41,-3.55,-0.25,-100.00,0.19,-0.66,-1.06,-100.00,-0.26,-1.49,-1.89,-1.17,-0.66,-0.47,-1.71,1.40,4.02,0.29,2.14,1.96,-0.06,0.82,0.84,1.97,4.36,0.16,0.96,0.20,3.35,0.74,0.24,0.51,-0.60,,1.81,-2.15
BalanceNoncurrentReceivables,,,,,,,,,,,,,,,,,,,,,,,,,,,,,,,,,,,,,,,,,,,,,,,,,,,,,
BalanceNoncurrentReceivables_yy,,,,,,,,,,,,,,,,,,,,,,,,,,,,,,,,,,,,,,,,,,,,,,,,,,,,,
BalanceNoncurrentReceivables_sy,,,,,,,,,,,,,,,,,,,,,,,,,,,,,,,,,,,,,,,,,,,,,,,,,,,,,
BalanceNoncurrentReceivables_qq,,,,,,,,,,,,,,,,,,,,,,,,,,,,,,,,,,,,,,,,,,,,,,,,,,,,,
BalanceNoncurrentReceivables_sq,,,,,,,,,,,,,,,,,,,,,,,,,,,,,,,,,,,,,,,,,,,,,,,,,,,,,
BalanceNoncurrInvestments,,,,,286000,339000,342000,342000,345000,319000,345000,345000,345000,611000,611000,611000,611000,644000,605000,611000,611000,621000,611000,611000,611000,692000,758000,820000,758000,787000,758000,833000,758000,798000,758000,801000,758000,820000,758000,807000,758000,820000,758000,851000,758000,851000,758000,813000,758000,802000,758000,839000,758000
BalanceNoncurrInvestments_yy,,,,,,,,,20.63,-5.90,0.88,0.88,,91.54,77.10,77.10,77.10,5.40,-0.98,,,-3.57,0.99,,,11.43,24.06,34.21,24.06,13.73,,1.59,,1.40,,-3.84,,2.76,,0.75,,,,5.45,,3.78,,-4.47,,-5.76,,3.20,
BalanceNoncurrInvestments_sy,,,,,,,,,-57.40,,15.44,0.88,,2.47,-8.05,-25.01,5.10,-23.94,-25.22,,,-39.37,-44.78,,,9.72,2.44,19.63,448.52,,,,,,,-3.84,,-25.43,,-20.65,,,,,,,,,,-7.47,,-3.03,
BalanceNoncurrInvestments_qq,,,,,,18.53,0.88,,0.88,-7.54,8.15,,,77.10,,,,5.40,-6.06,0.99,,1.64,-1.61,,,13.26,9.54,8.18,-7.56,3.83,-3.68,9.89,-9.00,5.28,-5.01,5.67,-5.37,8.18,-7.56,6.46,-6.07,8.18,-7.56,12.27,-10.93,12.27,-10.93,7.26,-6.77,5.80,-5.49,10.69,-9.65
BalanceNoncurrInvestments_sq,,,,,,1.87,,,-100.00,-3.77,9.56,,,38.55,,,,0.31,-0.17,-5.30,,-2.85,-0.07,,,519.21,,-1.61,-7.79,,,,,-0.18,,,0.50,-6.38,-4.45,,-3.91,,-0.02,,,-1.12,-0.58,,,-1.12,,,-9.65
BalanceOtherNoncurrentAssets,98000,95000,153000,153000,160000,203000,220000,230000,205000,218000,218000,282000,313000,361000,171000,663000,953000,1166000,643000,862000,1008000,646000,646000,646000,646000,3104000,2458000,2098000,2848000,2728000,2626000,3100000,3434000,3050000,3016000,3366000,3756000,3542000,3350000,3413000,3193000,2907000,2657000,2980000,3155000,3266000,3337000,4149000,4916000,5180000,5270000,5626000,6187000
BalanceOtherNoncurrentAssets_yy,,,56.12,61.05,,,43.79,50.33,28.12,7.39,-0.91,22.61,52.68,65.60,-21.56,135.11,204.47,222.99,276.02,30.02,5.77,-44.60,0.47,-25.06,-35.91,380.50,280.50,224.77,340.87,-12.11,6.83,47.76,20.58,11.80,14.85,8.58,9.38,16.13,11.07,1.40,-14.99,-17.93,-20.69,-12.69,-1.19,12.35,25.59,39.23,55.82,58.60,57.93,35.60,25.85
BalanceOtherNoncurrentAssets_sy,,,-27.17,27.48,,,109.92,76.64,-51.64,50.99,61.03,46.56,68.64,65.60,16.72,14.41,146.65,3.37,4.20,10.98,1.39,28.45,1.35,-0.98,-32.40,7.02,7.41,6.22,-11.33,3.52,11.38,22.54,24.86,3.58,1.94,9.54,8.64,23.36,11.07,14.87,3.91,-7.10,4.08,-0.27,1.66,2.07,5.66,15.61,9.24,-13.54,-17.64,-6.47,25.85
BalanceOtherNoncurrentAssets_qq,,-3.06,,,4.58,26.88,8.37,4.55,-10.87,6.34,,29.36,10.99,15.34,-52.63,287.72,43.74,22.35,-44.85,34.06,16.94,-35.91,,,,380.50,-20.81,-14.65,35.75,-4.21,-3.74,18.05,10.77,-11.18,-1.11,11.60,11.59,-5.70,-5.42,1.88,-6.45,-8.96,-8.60,12.16,5.87,3.52,2.17,24.33,18.49,5.37,1.74,6.76,9.97
BalanceOtherNoncurrentAssets_sq,,-22.55,,,-100.00,7.38,5.46,4.55,-100.00,-42.00,,22.26,-100.00,57.34,-4.33,9.02,-100.00,9.79,-0.30,2.13,-100.00,-2.05,,,,-4.58,-0.23,-4.79,,9.05,0.54,-1.85,-0.82,1.92,,-4.38,1.40,7.13,-0.10,-0.80,-1.94,-3.90,1.19,-5.24,0.16,2.11,5.14,0.98,-2.60,-2.78,-0.30,-4.47,9.97
BalanceCurrentAssets,19628000,26225000,24844000,54761000,36344000,59994000,45119000,51496000,54729000,70798000,57776000,62549000,67912000,87801000,67647000,65668000,62084000,88889000,61768000,61075000,52663000,66936000,60102000,59111000,57165000,76027000,64687000,66579000,58180000,65522000,58628000,58173000,60379000,66863000,62227000,59581000,65292000,69510000,70295000,64208000,58618000,59618000,59626000,55183000,51123000,51412000,46218000,46661000,47358000,56115000,52944000,51099000,51413000
BalanceCurrentAssets_yy,,,26.57,108.81,,,81.61,-5.96,50.59,18.01,28.05,21.46,24.09,24.02,17.08,4.99,-8.58,1.24,-8.69,-6.99,-15.17,-24.70,-2.70,-3.22,8.55,13.58,7.63,12.63,1.78,-13.82,-9.37,-12.63,3.78,2.05,6.14,2.42,8.14,3.96,12.97,7.77,-10.22,-14.23,-15.18,-14.06,-12.79,-13.76,-22.49,-15.44,-7.36,9.15,14.55,9.51,8.56
BalanceCurrentAssets_sy,,,26.57,17.13,,,78.84,48.47,31.25,27.91,22.77,45.48,35.88,13.04,9.49,-11.60,-1.44,-5.75,-8.69,-6.99,-10.22,3.82,11.48,10.97,2.87,21.28,21.22,13.34,6.30,-0.82,2.20,1.35,3.80,3.42,4.90,8.78,14.69,12.22,16.68,12.76,7.28,11.42,7.36,10.54,15.70,15.37,14.46,7.46,8.23,-0.56,2.02,7.16,5.66
BalanceCurrentAssets_qq,,33.61,,120.42,-33.63,65.07,-24.79,14.13,6.28,29.36,-18.39,8.26,8.57,29.29,-22.95,-2.93,-5.46,43.18,-30.51,-1.12,-13.77,27.10,-10.21,-1.65,-3.29,33.00,-14.92,2.92,-12.62,12.62,-10.52,-0.78,3.79,10.74,-6.93,-4.25,9.59,6.46,1.13,-8.66,-8.71,1.71,0.01,-7.45,-7.36,0.57,-10.10,0.96,1.49,18.49,-5.65,-3.48,0.61
BalanceCurrentAssets_sq,,-1.08,,2.10,-100.00,31.72,3.91,-4.60,-100.00,23.28,-0.65,6.99,-100.00,9.12,-3.11,-10.40,-100.00,7.87,-7.89,,-100.00,8.37,-0.43,0.41,-100.00,10.42,-3.55,-1.08,1.93,-4.98,2.85,-0.18,1.80,1.96,-0.32,4.86,2.56,0.44,1.13,1.77,1.38,-1.13,3.86,4.64,4.42,2.47,-2.24,0.96,1.32,3.56,-4.29,0.30,4.66
BalanceInventory,17997000,23635000,23581000,31110000,30325000,51087000,41268000,46325000,50043000,64703000,53435000,58402000,62874000,76496000,62261000,61892000,57044000,81949000,58220000,58049000,48981000,62737000,55655000,51303000,49435000,68803000,60438000,60536000,52881000,60975000,54214000,50621000,53178000,61802000,58557000,54552000,60031000,65813000,67114000,58860000,53790000,56165000,54511000,49767000,42051000,42175000,37623000,36533000,39598000,46232000,46095000,42932000,39564000
BalanceInventory_yy,,,31.03,31.63,,,75.01,48.91,65.02,26.65,29.48,26.07,25.64,18.23,16.52,5.98,-9.27,7.13,-6.49,-6.21,-14.13,-23.44,-4.41,-11.62,0.93,9.67,8.59,18.00,6.97,-11.38,-10.30,-16.38,0.56,1.36,8.01,7.77,12.89,6.49,14.61,7.90,-10.40,-14.66,-18.78,-15.45,-21.82,-24.91,-30.98,-26.59,-5.83,9.62,22.52,17.52,-0.09
BalanceInventory_sy,,,19.38,0.84,,,44.28,48.91,-30.08,40.42,22.34,26.07,29.80,43.62,24.88,-4.84,-10.87,-11.50,-12.65,-6.22,0.80,0.71,9.35,8.97,-5.52,34.11,32.01,19.32,2.68,-4.88,1.25,2.43,-0.07,6.82,17.01,15.32,21.27,21.65,22.04,20.17,15.72,13.26,12.12,13.56,15.00,19.65,23.00,14.97,12.25,9.27,2.24,6.26,-31.04
BalanceInventory_qq,,31.33,,31.93,-2.52,68.46,-19.22,12.25,8.03,29.29,-17.41,9.30,7.66,21.67,-18.61,-0.59,-7.83,43.66,-28.96,-0.29,-15.62,28.08,-11.29,-7.82,-3.64,39.18,-12.16,0.16,-12.65,15.31,-11.09,-6.63,5.05,16.22,-5.25,-6.84,10.04,9.63,1.98,-12.30,-8.61,4.42,-2.94,-8.70,-15.50,0.29,-10.79,-2.90,8.39,16.75,-0.30,-6.86,-7.84
BalanceInventory_sq,,-0.76,,-2.63,-100.00,3.88,15.77,5.74,-100.00,12.88,4.20,7.01,-100.00,0.04,2.21,-5.39,-100.00,17.34,-1.57,-0.14,-100.00,20.62,1.64,1.10,-100.00,-1.22,-0.79,-2.99,9.89,-9.58,4.71,-6.31,5.35,-0.79,7.34,-0.06,7.88,0.42,7.61,-4.06,13.05,-2.68,5.20,0.82,8.07,-0.22,6.13,,2.95,-4.43,2.53,-1.76,-3.92
BalanceCurrentReceivables,1314000,2146000,824000,3196000,2777000,7224000,3361000,4479000,3896000,5267000,3862000,3201000,4456000,9811000,4432000,2576000,3834000,5282000,2413000,1773000,2657000,2681000,2564000,3805000,2983000,3581000,1411000,2236000,1432000,2180000,1224000,2457000,2465000,2749000,1248000,1330000,1630000,1308000,1461000,2090000,1609000,1323000,2528000,2319000,5088000,6912000,5763000,6931000,4515000,6506000,4024000,4228000,5225000
BalanceCurrentReceivables_yy,,,-37.29,48.93,,,307.89,40.14,40.30,-27.09,14.91,-28.53,14.37,86.27,14.76,-19.53,-13.96,-46.16,-45.56,-31.17,-30.70,-49.24,6.26,114.61,12.27,33.57,-44.97,-41.24,-51.99,-39.12,-13.25,9.88,72.14,26.10,1.96,-45.87,-33.87,-52.42,17.07,57.14,-1.29,1.15,73.03,10.96,216.22,422.45,127.97,198.88,-11.26,-5.87,-30.18,-39.00,15.73
BalanceCurrentReceivables_sy,,,2.29,34.80,,,78.84,61.22,40.30,13.06,17.25,24.09,35.38,9.46,-1.08,-19.59,-7.38,-38.43,-21.32,-10.96,-15.86,9.69,7.62,10.76,12.27,8.22,16.76,-1.14,-1.74,7.27,-1.90,1.56,0.56,-1.66,-0.08,3.26,11.45,-0.67,9.39,8.48,9.23,1.15,-0.74,2.15,1.50,19.01,1.79,12.14,2.02,-3.52,-0.08,11.46,532.93
BalanceCurrentReceivables_qq,,63.32,,287.86,-13.11,160.14,-53.47,33.26,-13.02,35.19,-26.68,-17.12,39.21,120.18,-54.83,-41.88,48.84,37.77,-54.32,-26.52,49.86,0.90,-4.36,48.40,-21.60,20.05,-60.60,58.47,-35.96,52.23,-43.85,100.74,0.33,11.52,-54.60,6.57,22.56,-19.75,11.70,43.05,-23.01,-17.78,91.08,-8.27,119.40,35.85,-16.62,20.27,-34.86,44.10,-38.15,5.07,23.58
BalanceCurrentReceivables_sq,,-6.48,,1.38,-100.00,39.25,13.68,-8.22,-100.00,23.68,17.00,-6.41,-100.00,7.48,1.76,-14.96,-100.00,10.40,3.28,-2.41,-100.00,1.80,4.35,-5.96,-100.00,20.05,2.00,2.37,1.64,-3.98,7.48,4.49,0.24,-5.92,7.27,5.06,3.96,-12.20,16.48,-5.29,5.26,-14.66,9.46,-2.18,4.20,9.47,-8.44,0.02,-8.72,-0.22,-3.74,1.68,217.30
BalanceCurrentInvestments,,,,,,,,,,,,,,,,,,,,,,,,,,,,,,,,,,,,,,,,,,,,,,,,,,,,82000,
BalanceCurrentInvestments_yy,,,,,,,,,,,,,,,,,,,,,,,,,,,,,,,,,,,,,,,,,,,,,,,,,,,,,
BalanceCurrentInvestments_sy,,,,,,,,,,,,,,,,,,,,,,,,,,,,,,,,,,,,,,,,,,,,,,,,,,,,,
BalanceCurrentInvestments_qq,,,,,,,,,,,,,,,,,,,,,,,,,,,,,,,,,,,,,,,,,,,,,,,,,,,,,-100.00
BalanceCurrentInvestments_sq,,,,,,,,,,,,,,,,,,,,,,,,,,,,,,,,,,,,,,,,,,,,,,,,,,,,,-100.00
BalanceCash,286000,393000,408000,20417000,3176000,1359000,412000,624000,715000,578000,383000,752000,454000,1247000,861000,1025000,1037000,1262000,1056000,1210000,962000,1206000,934000,1607000,870000,2751000,1922000,2518000,1685000,1347000,1230000,1879000,1075000,1481000,1001000,1178000,639000,1138000,682000,1048000,953000,1157000,1009000,990000,686000,1148000,598000,801000,812000,1944000,821000,906000,3139000
BalanceCash_yy,,,42.66,5095.17,,,0.98,-96.94,-77.49,-57.47,-7.04,20.51,-36.50,115.74,124.80,36.30,128.41,1.20,22.65,18.05,-7.23,-4.44,-11.55,32.81,-9.56,128.11,105.78,56.69,93.68,-51.04,-36.00,-25.38,-36.20,9.95,-18.62,-37.31,-40.56,-23.16,-31.87,-11.04,49.14,1.67,47.95,-5.53,-28.02,-0.78,-40.73,-19.09,18.37,69.34,37.29,13.11,286.58
BalanceCash_sy,,,69.70,52.15,,,57.12,36.60,-77.49,17.49,4.92,24.14,18.63,-25.54,-23.78,-27.96,54.06,1.20,22.81,18.05,-8.68,-4.44,2.40,6.02,-16.05,21.25,36.22,-10.63,-16.25,-19.06,-14.48,12.48,8.89,22.60,-2.56,-1.85,-3.73,-12.50,-16.54,-5.88,-1.74,1.67,31.26,7.72,27.47,28.23,33.10,14.24,15.41,12.76,8.82,12.70,243.29
BalanceCash_qq,,37.41,,4904.17,-84.44,-57.21,-69.68,51.46,14.58,-19.16,-33.74,96.34,-39.63,174.67,-30.95,19.05,1.17,21.70,-16.32,14.58,-20.50,25.36,-22.55,72.06,-45.86,216.21,-30.13,31.01,-33.08,-20.06,-8.69,52.76,-42.79,37.77,-32.41,17.68,-45.76,78.09,-40.07,53.67,-9.06,21.41,-12.79,-1.88,-30.71,67.35,-47.91,33.95,1.37,139.41,-57.77,10.35,246.47
BalanceCash_sq,,35.12,,-0.52,-100.00,43.71,-36.50,-4.63,-100.00,92.26,-33.74,20.50,-100.00,58.43,-47.47,1.18,-100.00,7.62,-30.38,5.38,-100.00,25.36,-42.63,19.58,-100.00,160.97,-30.12,-10.93,-0.54,13.37,-25.56,30.41,-10.74,13.37,-31.41,5.74,-14.30,54.66,-40.07,31.26,-11.40,62.10,-26.62,21.87,-7.00,60.72,-40.71,16.36,1.37,83.89,-46.29,19.92,246.47
BalanceOtherCurrentAssets,31000,51000,31000,38000,66000,324000,78000,68000,75000,250000,96000,194000,128000,247000,93000,175000,169000,396000,79000,43000,63000,312000,949000,2396000,3877000,892000,916000,1289000,2182000,1020000,1960000,3216000,3661000,831000,1421000,2521000,2992000,1251000,1038000,2210000,2266000,973000,1578000,2107000,3298000,1177000,2234000,2396000,2433000,1433000,2004000,2951000,3485000
BalanceOtherCurrentAssets_yy,,,,-25.49,,,151.61,78.95,13.64,-22.84,23.08,185.29,70.67,-1.20,-3.12,-9.79,32.03,60.32,-15.05,-75.43,-62.72,-21.21,1101.27,5472.09,6053.97,185.90,-3.48,-46.20,-43.72,14.35,113.97,149.50,67.78,-18.53,-27.50,-21.61,-18.27,50.54,-26.95,-12.34,-24.26,-22.22,52.02,-4.66,45.54,20.97,41.57,13.72,-26.23,21.75,-10.30,23.16,43.24
BalanceOtherCurrentAssets_sy,,,,-11.68,,,45.50,18.76,-1.98,17.31,26.23,36.16,-10.14,24.00,-3.12,0.20,27.18,15.06,-18.32,-33.44,-6.64,-15.04,8.21,52.10,117.23,-2.80,10.68,-1.30,-43.72,1.52,-1.22,-1.75,18.58,13.30,12.22,2.30,4.16,12.31,1.15,3.24,-3.44,26.70,29.94,16.72,13.71,22.95,10.95,12.70,9.37,23.62,3.52,21.60,21.59
BalanceOtherCurrentAssets_qq,,64.52,,22.58,73.68,390.91,-75.93,-12.82,10.29,233.33,-61.60,102.08,-34.02,92.97,-62.35,88.17,-3.43,134.32,-80.05,-45.57,46.51,395.24,204.17,152.48,61.81,-76.99,2.69,40.72,69.28,-53.25,92.16,64.08,13.84,-77.30,71.00,77.41,18.68,-58.19,-17.03,112.91,2.53,-57.06,62.18,33.52,56.53,-64.31,89.80,7.25,1.54,-41.10,39.85,47.26,18.10
BalanceOtherCurrentAssets_sq,,47.95,,-17.74,-100.00,26.98,50.60,-12.66,-100.00,-28.09,33.69,1.87,-100.00,3.46,-1.65,2.49,-100.00,10.70,20.14,-16.77,-100.00,-1.86,34.33,-4.48,-100.00,-39.20,58.93,-5.02,-12.36,-7.26,21.32,-8.42,-1.58,-15.79,16.56,-14.29,10.49,-19.50,15.71,-4.37,2.53,-4.90,44.64,-3.83,1.36,-14.71,37.97,-2.72,11.40,1.71,12.22,-1.56,12.02
BalanceAssetsForSale,,,,,,,,,,,,,,,,,,,,,,,,,,,,,,,,,,,,,,,,,,,,,,,,,,,,,
BalanceAssetsForSale_yy,,,,,,,,,,,,,,,,,,,,,,,,,,,,,,,,,,,,,,,,,,,,,,,,,,,,,
BalanceAssetsForSale_sy,,,,,,,,,,,,,,,,,,,,,,,,,,,,,,,,,,,,,,,,,,,,,,,,,,,,,
BalanceAssetsForSale_qq,,,,,,,,,,,,,,,,,,,,,,,,,,,,,,,,,,,,,,,,,,,,,,,,,,,,,
BalanceAssetsForSale_sq,,,,,,,,,,,,,,,,,,,,,,,,,,,,,,,,,,,,,,,,,,,,,,,,,,,,,
BalanceTotalAssets,25743000,32955000,35595000,67423000,52061000,79666000,69241000,79173000,85395000,109846000,102540000,115062000,132758000,172099000,157516000,156103000,155384000,182711000,153496000,151667000,142035000,155564000,147632000,146962000,145199000,167001000,153630000,155307000,146046000,151838000,143587000,142257000,143696000,149798000,145275000,141567000,146262000,150212000,149076000,141874000,134717000,134539000,132619000,127218000,122781000,121326000,115047000,115040000,114848000,122319000,117836000,115214000,113565000
BalanceTotalAssets_yy,,,38.27,104.59,,,94.52,17.43,64.03,37.88,48.09,45.33,55.46,56.67,53.61,35.67,17.04,6.17,-2.55,-2.84,-8.59,-14.86,-3.82,-3.10,2.23,7.35,4.06,5.68,0.58,-9.08,-6.54,-8.40,-1.61,-1.34,1.18,-0.49,1.79,0.28,2.62,0.22,-7.89,-10.43,-11.04,-10.33,-8.86,-9.82,-13.25,-9.57,-6.46,0.82,2.42,0.15,-1.12
BalanceTotalAssets_sy,,,29.66,19.32,,,87.48,39.37,20.59,30.51,34.32,47.01,49.04,23.93,26.46,-5.05,8.46,-4.53,-2.55,-2.84,0.66,3.28,7.92,3.31,5.18,17.27,13.10,9.25,12.62,-0.08,-1.21,2.32,1.82,2.82,1.80,4.32,12.45,11.20,16.44,11.88,8.28,10.28,10.08,9.38,10.92,10.79,9.32,5.02,8.57,1.06,2.42,5.85,1.14
BalanceTotalAssets_qq,,28.02,,89.42,-22.78,53.02,-13.09,14.34,7.86,28.63,-6.65,12.21,15.38,29.63,-8.47,-0.90,-0.46,17.59,-15.99,-1.19,-6.35,9.53,-5.10,-0.45,-1.20,15.02,-8.01,1.09,-5.96,3.97,-5.43,-0.93,1.01,4.25,-3.02,-2.55,3.32,2.70,-0.76,-4.83,-5.04,-0.13,-1.43,-4.07,-3.49,-1.19,-5.18,-0.01,-0.17,6.51,-3.67,-2.23,-1.43
BalanceTotalAssets_sq,,1.19,,0.91,-100.00,26.46,3.96,2.40,-100.00,19.94,5.69,8.12,-100.00,9.68,-0.86,-7.89,-100.00,5.52,-2.89,-0.18,-100.00,4.04,0.27,1.56,-100.00,6.18,-1.81,-0.43,3.51,-1.46,3.31,-0.58,3.30,3.98,1.05,3.12,2.43,1.58,0.83,1.16,0.74,1.30,3.48,2.30,2.86,2.80,-0.57,0.38,1.00,3.00,-0.64,0.74,3.62
BalanceCapital,4920000,3896000,15855000,34413000,33286000,36143000,37154000,36237000,35848000,40772000,42316000,41346000,40993000,41414000,43065000,42346000,41458000,41560000,44060000,42404000,41583000,42613000,42963000,41478000,38190000,30230000,32986000,34245000,32137000,30846000,32181000,31040000,29462000,28973000,29459000,29065000,27411000,26320000,27178000,27255000,26384000,21901000,22751000,21520000,20524000,13327000,30045000,26710000,23442000,20515000,21096000,19570000,31926000
BalanceCapital_yy,,,222.26,783.29,,,134.34,5.30,7.70,12.81,13.89,14.10,14.35,1.57,1.77,2.42,1.13,0.35,2.31,0.14,0.30,2.53,-2.49,-2.18,-8.16,-29.06,-23.22,-17.44,-15.85,2.04,-2.44,-9.36,-8.32,-6.07,-8.46,-6.36,-6.96,-9.16,-7.74,-6.23,-3.75,-16.79,-16.29,-21.04,-22.21,-39.15,32.06,24.12,14.22,53.94,-29.79,-26.73,36.19
BalanceCapital_sy,,,21.81,10.03,,,185.12,65.78,7.70,22.38,20.37,15.76,16.72,4.36,1.77,-19.22,1.88,1.09,3.63,6.78,15.02,7.79,12.23,15.69,21.17,8.36,10.20,0.35,6.62,1.42,1.13,2.80,-2.20,6.30,5.10,13.79,12.92,8.17,8.07,7.74,13.20,12.62,13.05,6.61,8.22,9.12,8.86,6.90,6.96,7.62,1.94,4.28,21.48
BalanceCapital_qq,,-20.81,,117.05,-3.27,8.58,2.80,-2.47,-1.07,13.74,3.79,-2.29,-0.85,1.03,3.99,-1.67,-2.10,0.25,6.02,-3.76,-1.94,2.48,0.82,-3.46,-7.93,-20.84,9.12,3.82,-6.16,-4.02,4.33,-3.55,-5.08,-1.66,1.68,-1.34,-5.69,-3.98,3.26,0.28,-3.20,-16.99,3.88,-5.41,-4.63,-35.07,125.44,-11.10,-12.24,-12.49,2.83,-7.23,63.14
BalanceCapital_sq,,6.95,,-3.75,-100.00,53.02,5.62,1.64,-100.00,12.02,3.09,1.25,-100.00,4.21,-2.06,-2.56,-100.00,1.11,0.36,-1.20,-100.00,8.96,0.70,0.89,-100.00,5.63,-0.44,-0.82,0.08,1.35,-1.43,1.02,2.97,3.47,0.42,1.93,3.75,1.99,0.31,1.65,1.66,2.70,1.14,0.65,2.78,5.12,-1.23,1.42,2.47,4.45,-1.74,1.57,35.80
BalanceShareCapital,850000,850000,1133000,1133000,1393000,1393000,1393000,1393000,1393000,1393000,1393000,1393000,1393000,1393000,1393000,1393000,1393000,1393000,1393000,1393000,1393000,1393000,1393000,1393000,1393000,1393000,1393000,1393000,1393000,1393000,1393000,1393000,1393000,1393000,1393000,1393000,1393000,1393000,1393000,1393000,1393000,1393000,1393000,1393000,1393000,1393000,1393000,2288000,2288000,2288000,2288000,2288000,2288000
BalanceShareCapital_yy,,,33.29,33.29,,,22.95,22.95,,,,,,,,,,,,,,,,,,,,,,,,,,,,,,,,,,,,,,,,64.25,64.25,64.25,64.25,,
BalanceShareCapital_sy,,,,,,,23.68,22.95,,,,,,,,,,,,,,,,,,,,,,,,,,,,,,,,,,,,,,,,,,,,,
BalanceShareCapital_qq,,,,,22.95,,,,,,,,,,,,,,,,,,,,,,,,,,,,,,,,,,,,,,,,,,,64.25,,,,,
BalanceShareCapital_sq,,,,,-100.00,,,,,,,,,,,,,,,,,,,,,,,,,,,,,,,,,,,,,,,,,,,,,,,,
BalanceOwnShares,,,,,,,,,,,,,,,,,,,,,,,,,,,,,,,,,,,,,,,,,,,,,,,,,,,,,
BalanceOwnShares_yy,,,,,,,,,,,,,,,,,,,,,,,,,,,,,,,,,,,,,,,,,,,,,,,,,,,,,
BalanceOwnShares_sy,,,,,,,,,,,,,,,,,,,,,,,,,,,,,,,,,,,,,,,,,,,,,,,,,,,,,
BalanceOwnShares_qq,,,,,,,,,,,,,,,,,,,,,,,,,,,,,,,,,,,,,,,,,,,,,,,,,,,,,
BalanceOwnShares_sq,,,,,,,,,,,,,,,,,,,,,,,,,,,,,,,,,,,,,,,,,,,,,,,,,,,,,
BalanceReserve,2314000,2314000,10030000,32547000,31695000,31801000,31801000,34750000,34749000,34750000,34750000,39379000,39379000,39379000,39379000,40021000,40021000,40021000,40021000,40167000,40167000,40167000,40167000,41220000,41220000,41220000,41220000,28837000,28837000,28837000,28837000,29453000,29453000,29453000,29453000,27580000,27580000,27580000,27580000,24927000,24927000,24927000,24927000,20508000,20507000,20507000,36694000,27226000,27226000,27226000,27226000,18227000,32227000
BalanceReserve_yy,,,333.45,1306.53,,,217.06,6.77,9.64,9.27,9.27,13.32,13.32,13.32,13.32,1.63,1.63,1.63,1.63,0.36,0.36,0.36,0.36,2.62,2.62,2.62,2.62,-30.04,-30.04,-30.04,-30.04,2.14,2.14,2.14,2.14,-6.36,-6.36,-6.36,-6.36,-9.62,-9.62,-9.62,-9.62,-17.73,-17.73,-17.73,47.21,32.76,32.76,32.76,-25.80,-33.05,18.37
BalanceReserve_sy,,,26.09,6.63,,,67.97,10.65,59.22,10.94,11.21,18.97,34.86,13.32,12.77,-10.13,6.39,4.46,1.45,-0.19,-16.28,0.36,0.44,6.68,42.01,13.83,11.34,4.88,1.37,1.66,1.84,0.87,0.86,1.44,1.65,,0.84,1.50,1.14,4.02,4.63,8.03,7.99,11.43,10.60,12.16,10.95,8.79,7.12,6.66,5.91,3.36,19.03
BalanceReserve_qq,,,,224.50,-2.62,0.33,,9.27,,,,13.32,,,,1.63,,,,0.36,,,,2.62,,,,-30.04,,,,2.14,,,,-6.36,,,,-9.62,,,,-17.73,,,78.93,-25.80,,,,-33.05,76.81
BalanceReserve_sq,,,,2.89,-100.00,0.33,,1.64,,,,15.74,,,,-4.93,,,,,,,,7.69,,,,1.88,,,,1.36,,,,0.44,,,,2.78,,,,4.21,,,,4.20,,,,3.26,38.40
BalanceNonshareCapital,,,,,,,,,,,,,,,,,,,,,,,,,,,,,,,,,,,,,,,,,,,,,,,,,,,,,
BalanceNonshareCapital_yy,,,,,,,,,,,,,,,,,,,,,,,,,,,,,,,,,,,,,,,,,,,,,,,,,,,,,
BalanceNonshareCapital_sy,,,,,,,,,,,,,,,,,,,,,,,,,,,,,,,,,,,,,,,,,,,,,,,,,,,,,
BalanceNonshareCapital_qq,,,,,,,,,,,,,,,,,,,,,,,,,,,,,,,,,,,,,,,,,,,,,,,,,,,,,
BalanceNonshareCapital_sq,,,,,,,,,,,,,,,,,,,,,,,,,,,,,,,,,,,,,,,,,,,,,,,,,,,,,
BalanceNoncurrentLiabilities,3223000,3007000,1519000,2126000,2615000,3862000,3854000,6627000,5645000,9138000,8481000,17672000,24151000,38738000,41900000,38891000,35986000,30874000,28659000,26756000,24980000,17680000,17648000,31843000,36128000,35842000,33872000,26084000,24321000,22983000,22513000,31046000,37650000,33249000,34648000,23746000,22946000,21558000,20636000,28912000,28511000,26791000,26049000,14781000,14277000,11463000,11191000,9726000,9426000,8885000,8825000,8562000,8421000
BalanceNoncurrentLiabilities_yy,,,-52.87,-29.30,,,153.72,211.71,115.87,136.61,120.06,166.67,327.83,323.92,394.05,120.07,49.00,-20.30,-31.60,-31.20,-30.58,-42.73,-38.42,19.01,44.63,102.73,91.93,-18.09,-32.68,-35.88,-33.54,19.02,54.80,44.67,53.90,-23.51,-39.05,-35.16,-40.44,21.76,24.25,24.27,26.23,-48.88,-49.92,-57.21,-57.04,-34.20,-33.98,-22.49,-21.14,-11.97,-10.66
BalanceNoncurrentLiabilities_sy,,,-29.56,-39.40,,,1.06,46.04,-6.89,-9.82,-9.86,88.80,36.48,58.86,77.29,5.37,69.01,2.69,-22.66,12.19,255.47,-2.99,7.73,-2.15,-62.38,-6.48,-8.58,-5.78,-9.88,-13.01,-1.33,-7.28,5.82,1.46,2.57,8.26,-7.10,-2.17,-7.51,2.77,9.96,20.10,37.57,3.31,-3.86,1.87,-2.47,-4.68,-2.92,-5.26,-4.97,0.48,-10.66
BalanceNoncurrentLiabilities_qq,,-6.70,,39.96,23.00,47.69,-0.21,71.95,-14.82,61.88,-7.19,108.37,36.66,60.40,8.16,-7.18,-7.47,-14.21,-7.17,-6.64,-6.64,-29.22,-0.18,80.43,13.46,-0.79,-5.50,-22.99,-6.76,-5.50,-2.04,37.90,21.27,-11.69,4.21,-31.47,-3.37,-6.05,-4.28,40.10,-1.39,-6.03,-2.77,-43.26,-3.41,-19.71,-2.37,-13.09,-3.08,-5.74,-0.68,-2.98,-1.65
BalanceNoncurrentLiabilities_sq,,-12.94,,-13.09,-100.00,15.03,-3.17,-3.36,-100.00,-22.73,-0.19,24.46,-100.00,27.18,1.53,-16.98,-100.00,-10.86,-7.17,1.58,-100.00,-12.02,-0.32,-1.25,-100.00,-0.79,-0.70,-3.67,-3.45,-6.23,1.62,-2.01,0.68,-7.01,-0.54,0.54,0.02,-4.22,-1.60,-1.82,-0.06,-3.02,-0.56,-0.23,0.58,-4.63,,-4.13,-0.98,-1.24,-2.14,-1.50,-1.65
BalanceNoncurrentTradeLiabilities,3215000,2999000,1513000,2122000,,3862000,3854000,6627000,,9029000,8372000,17563000,24042000,38629000,41594000,33846000,30580000,21020000,18919000,17146000,15473000,8680000,8340000,22638000,27025000,27257000,25389000,17573000,15745000,,,,,,,,,,,,,,,,,,,,,,,,
BalanceNoncurrentTradeLiabilities_yy,,,-52.94,-29.24,,,154.73,212.30,,133.79,117.23,165.02,,327.83,396.82,92.71,27.19,-45.58,-54.52,-49.34,-49.40,-58.71,-55.92,32.03,74.66,214.02,204.42,-22.37,-41.74,-100.00,-100.00,-100.00,-100.00,,,,,,,,,,,,,,,,,,,,
BalanceNoncurrentTradeLiabilities_sy,,,-76.47,-100.00,,,-8.76,56.15,,133.79,41.25,149.17,,113.92,148.41,-3.19,-36.40,-45.58,-28.36,-25.77,-49.40,-58.71,-43.21,14.89,74.66,105.84,-2.33,-12.91,-41.74,-51.19,-51.19,-51.19,-51.19,,,,,,,,,,,,,,,,,,,,
BalanceNoncurrentTradeLiabilities_qq,,-6.72,,40.25,-100.00,,-0.21,71.95,-100.00,,-7.28,109.78,36.89,60.67,7.68,-18.63,-9.65,-31.26,-10.00,-9.37,-9.76,-43.90,-3.92,171.44,19.38,0.86,-6.85,-30.78,-10.40,-100.00,,,,,,,,,,,,,,,,,,,,,,,
BalanceNoncurrentTradeLiabilities_sq,,4.23,,-7.71,-50.50,,-0.21,-14.02,-76.67,,-53.64,4.89,-100.00,25.69,,-9.32,-54.82,-31.26,,-9.37,-54.88,-43.90,-1.96,1.16,-40.31,0.86,-3.42,-15.39,-5.20,-100.00,,,,,,,,,,,,,,,,,,,,,,,
BalanceNoncurrentBorrowings,,,,,2612000,,,,5645000,,,,,,,,,,,,,,,,,,,,,14776000,14133000,22605000,29311000,25487000,26989000,15865000,15088000,14234000,13388000,21522000,21219000,19902000,19279000,8067000,7154000,4940000,4516000,3159000,2952000,2786000,2573000,2362000,2156000
BalanceNoncurrentBorrowings_yy,,,,,,,,,116.12,,,,-100.00,,,,,,,,,,,,,,,,,,,,,72.49,90.96,-29.82,-48.52,-44.15,-50.39,35.66,40.63,39.82,44.00,-62.52,-66.28,-75.18,-76.58,-60.84,-58.74,-43.60,-43.02,-25.23,-26.96
BalanceNoncurrentBorrowings_sy,,,,,,,,,204.61,,,,-4.06,,,,,,,,,,,,,,,,,,,,,13.84,6.32,25.60,0.56,-22.80,-16.88,-12.82,-11.04,3.76,37.62,-34.22,-30.23,-4.69,-5.60,-7.19,-15.04,-25.70,-14.02,-17.06,-26.96
BalanceNoncurrentBorrowings_qq,,,,,,-100.00,,,,-100.00,,,,,,,,,,,,,,,,,,,,,-4.35,59.94,29.67,-13.05,5.89,-41.22,-4.90,-5.66,-5.94,60.76,-1.41,-6.21,-3.13,-58.16,-11.32,-30.95,-8.58,-30.05,-6.55,-5.62,-7.65,-8.20,-8.72
BalanceNoncurrentBorrowings_sq,,,,,,77.17,,,,-60.28,,,,,,,,,,,,,,,,,,,,,-2.94,-13.24,-2.98,-10.56,-0.29,0.23,-2.04,-10.93,-1.33,-1.83,-1.93,-5.51,-2.86,-7.03,-1.90,-2.44,-0.52,-7.11,-5.93,-7.30,-4.51,-8.20,-8.72
BalanceNoncurrentObligations,,,,,,,,,,,,,,,,,,,,,,,,,,,,,,,,,,,,,,,,,,,,,,,,,,,,,
BalanceNoncurrentObligations_yy,,,,,,,,,,,,,,,,,,,,,,,,,,,,,,,,,,,,,,,,,,,,,,,,,,,,,
BalanceNoncurrentObligations_sy,,,,,,,,,,,,,,,,,,,,,,,,,,,,,,,,,,,,,,,,,,,,,,,,,,,,,
BalanceNoncurrentObligations_qq,,,,,,,,,,,,,,,,,,,,,,,,,,,,,,,,,,,,,,,,,,,,,,,,,,,,,
BalanceNoncurrentObligations_sq,,,,,,,,,,,,,,,,,,,,,,,,,,,,,,,,,,,,,,,,,,,,,,,,,,,,,
BalanceNoncurrentLeasing,,,,,,,,,,,,,,,,,,,,,,,,,,,,,,,,,,,,,,,,,,,,,,,,,,,,,
BalanceNoncurrentLeasing_yy,,,,,,,,,,,,,,,,,,,,,,,,,,,,,,,,,,,,,,,,,,,,,,,,,,,,,
BalanceNoncurrentLeasing_sy,,,,,,,,,,,,,,,,,,,,,,,,,,,,,,,,,,,,,,,,,,,,,,,,,,,,,
BalanceNoncurrentLeasing_qq,,,,,,,,,,,,,,,,,,,,,,,,,,,,,,,,,,,,,,,,,,,,,,,,,,,,,
BalanceNoncurrentLeasing_sq,,,,,,,,,,,,,,,,,,,,,,,,,,,,,,,,,,,,,,,,,,,,,,,,,,,,,
BalanceNoncurrentOtherLiabilities,8000,8000,6000,4000,3000,,,,,109000,109000,109000,109000,109000,306000,5045000,5406000,9854000,9740000,9610000,9507000,9000000,9308000,9205000,9103000,8585000,8483000,8511000,8576000,8207000,8380000,8441000,8339000,7762000,7659000,7881000,7858000,7324000,7248000,7390000,7292000,6889000,6770000,6714000,7123000,6523000,6675000,6567000,6474000,6099000,6252000,6200000,6265000
BalanceNoncurrentOtherLiabilities_yy,,,-25.00,-50.00,,,-100.00,-100.00,-100.00,,,,,,180.73,4528.44,4859.63,8940.37,3083.01,90.49,75.86,-8.67,-4.44,-4.21,-4.25,-4.61,-8.86,-7.54,-5.79,-4.40,-1.21,-0.82,-2.76,-5.42,-8.60,-6.63,-5.77,-5.64,-5.37,-6.23,-7.20,-5.94,-6.59,-9.15,-2.32,-5.31,-1.40,-2.19,-9.11,-6.50,-6.34,-5.59,-3.23
BalanceNoncurrentOtherLiabilities_sy,,,8.60,-30.94,,,11.46,18.48,-100.00,,,,,,15.43,5.23,1117.69,0.05,-9.85,-8.71,44.75,4.22,10.79,-0.45,-64.77,-2.37,-2.12,1.97,150.79,4.04,1.74,-0.68,-2.76,-0.78,,-4.26,4.02,4.18,0.29,6.17,3.67,4.02,7.83,9.31,7.78,9.07,14.50,2.34,1.53,-4.67,-10.86,-5.53,-3.23
BalanceNoncurrentOtherLiabilities_qq,,,,-33.33,-25.00,-100.00,,,,,,,,,180.73,1548.69,7.16,82.28,-1.16,-1.33,-1.07,-5.33,3.42,-1.11,-1.11,-5.69,-1.19,0.33,0.76,-4.30,2.11,0.73,-1.21,-6.92,-1.33,2.90,-0.29,-6.80,-1.04,1.96,-1.33,-5.53,-1.73,-0.83,6.09,-8.42,2.33,-1.62,-1.42,-5.79,2.51,-0.83,1.05
BalanceNoncurrentOtherLiabilities_sq,,,,-6.10,-100.00,-5.69,,,,,,,,,3.35,-1.92,-100.00,4.46,-0.85,0.55,-100.00,-5.33,-0.50,0.06,-100.00,169.13,-0.36,0.64,0.42,-0.84,-1.02,1.75,-0.90,-0.76,,2.10,1.40,4.71,0.10,1.46,2.49,-1.09,0.36,5.97,2.56,2.82,2.26,-1.27,-1.09,-1.51,-3.00,3.90,1.05
BalanceCurrentLiabilities,17600000,26052000,18221000,30884000,16160000,39661000,28233000,36309000,43902000,59936000,51743000,56044000,67614000,91947000,72551000,74866000,77940000,110277000,80777000,82507000,75472000,95271000,87021000,73641000,70881000,100929000,86772000,94978000,89588000,98009000,88893000,80171000,76584000,87576000,81168000,88756000,95905000,102334000,101262000,85707000,79822000,85847000,83819000,90917000,87980000,96536000,73811000,78604000,81980000,92919000,87915000,87082000,73218000
BalanceCurrentLiabilities_yy,,,3.53,18.55,,,54.95,17.57,171.67,51.12,83.27,54.35,54.01,53.41,40.21,33.58,15.27,19.94,11.34,10.21,-3.17,-13.61,7.73,-10.75,-6.08,5.94,-0.29,28.97,26.39,-2.89,2.44,-15.59,-14.52,-10.64,-8.69,10.71,25.23,16.85,24.76,-3.44,-16.77,-16.11,-17.23,6.08,10.22,12.45,-11.94,-13.54,-6.82,-3.75,19.11,10.79,-10.69
BalanceCurrentLiabilities_sy,,,3.53,8.90,,,51.08,31.86,20.71,29.04,59.94,41.06,52.94,50.34,33.01,-4.07,5.03,6.97,11.34,-7.34,-0.66,-4.77,5.31,0.19,-15.01,15.94,13.04,12.03,26.39,7.17,10.13,11.88,1.17,-2.26,1.20,0.78,25.23,23.44,22.48,16.38,0.70,-3.49,-2.27,12.29,19.37,14.52,13.81,8.53,6.49,14.70,17.58,12.72,-13.56
BalanceCurrentLiabilities_qq,,48.02,,69.50,-47.68,145.43,-28.81,28.60,20.91,36.52,-13.67,8.31,20.64,35.99,-21.09,3.19,4.11,41.49,-26.75,2.14,-8.53,26.23,-8.66,-15.38,-3.75,42.39,-14.03,9.46,-5.67,9.40,-9.30,-9.81,-4.47,14.35,-7.32,9.35,8.05,6.70,-1.05,-15.36,-6.87,7.55,-2.36,8.47,-3.23,9.72,-23.54,6.49,4.29,13.34,-5.39,-0.95,-15.92
BalanceCurrentLiabilities_sq,,-10.34,,0.56,-100.00,33.26,0.94,-2.79,-100.00,-1.70,7.37,-1.25,-100.00,11.66,3.52,-0.18,-100.00,13.00,-4.92,-0.13,-100.00,9.57,1.65,-1.68,-100.00,4.19,-4.02,1.12,1.97,1.20,-1.59,2.67,-2.73,0.22,3.86,10.28,1.36,6.70,2.37,-0.96,-2.37,-0.40,4.82,8.09,3.42,0.63,-1.27,3.33,4.29,2.93,2.03,-0.86,-2.86
BalanceCurrentTradePayablesv,17574000,25990000,18206000,30819000,16095000,39651000,28223000,36248000,43866000,59916000,51737000,55961000,67582000,91890000,72495000,74711000,77794000,110139000,80643000,82412000,75416000,94775000,86956000,73549000,70847000,100105000,85980000,92584000,88505000,79085000,87816000,79008000,75476000,80826000,80132000,87577000,95124000,86017000,100567000,84813000,79030000,77794000,83100000,90036000,87195000,83905000,73107000,77737000,81163000,80608000,86598000,85231000,72195000
BalanceCurrentTradePayablesv_yy,,,3.60,18.58,,,55.02,17.62,172.54,51.11,83.32,54.38,54.06,53.36,40.12,33.51,15.11,19.86,11.24,10.31,-3.06,-13.95,7.83,-10.75,-6.06,5.62,-1.12,25.88,24.92,-21.00,2.14,-14.66,-14.72,2.20,-8.75,10.85,26.03,6.42,25.50,-3.16,-16.92,-9.56,-17.37,6.16,10.33,7.86,-12.03,-13.66,-6.92,-3.93,18.45,9.64,-11.05
BalanceCurrentTradePayablesv_sy,,,-25.54,12.38,,,55.02,52.95,19.04,41.54,48.61,25.01,54.42,51.39,35.07,11.52,9.45,11.04,20.01,17.34,-8.62,6.09,3.28,-7.35,-50.91,28.38,27.35,18.50,24.92,6.25,6.67,1.22,-6.73,2.76,0.05,6.66,9.42,13.14,15.53,5.86,5.19,5.96,-5.99,8.51,7.38,18.24,30.21,16.01,19.06,19.05,9.20,12.22,180.84
BalanceCurrentTradePayablesv_qq,,47.89,,69.28,-47.78,146.36,-28.82,28.43,21.02,36.59,-13.65,8.16,20.77,35.97,-21.11,3.06,4.13,41.58,-26.78,2.19,-8.49,25.67,-8.25,-15.42,-3.67,41.30,-14.11,7.68,-4.41,-10.64,11.04,-10.03,-4.47,7.09,-0.86,9.29,8.62,-9.57,16.92,-15.67,-6.82,-1.56,6.82,8.35,-3.16,-3.77,-12.87,6.33,4.41,-0.68,7.43,-1.58,-15.29
BalanceCurrentTradePayablesv_sq,,-24.46,,-5.41,-100.00,23.80,18.41,4.69,-100.00,1.50,15.11,8.13,-100.00,10.90,2.15,-0.92,-100.00,26.46,-3.24,,-100.00,1.57,-4.14,1.84,-100.00,-3.51,-2.92,-12.43,6.98,-11.24,-1.52,-9.11,2.32,5.25,1.32,12.56,,7.70,-3.59,9.88,-2.82,-2.51,-7.24,8.35,7.41,15.59,-0.03,3.82,11.22,6.17,-4.10,6.34,21.14
BalanceCurrentBorrowings,,,,,,,,,,,,,,,,,,,,,,,,,,,,,,17704000,,,,5605000,,,,15524000,,,,7255000,,,,11868000,,,,11208000,,,
BalanceCurrentBorrowings_yy,,,,,,,,,,,,,,,,,,,,,,,,,,,,,,,,,,-68.34,,,,176.97,,,,-53.27,,,,63.58,,,,-5.56,,,
BalanceCurrentBorrowings_sy,,,,,,,,,,,,,,,,,,,,,,,,,,,,,,,,,,-16.66,,,,32.70,,,,11.06,,,,8.74,,,,5.84,,,
BalanceCurrentBorrowings_qq,,,,,,,,,,,,,,,,,,,,,,,,,,,,,,,-100.00,,,,-100.00,,,,-100.00,,,,-100.00,,,,-100.00,,,,-100.00,,
BalanceCurrentBorrowings_sq,,,,,,,,,,,,,,,,,,,,,,,,,,,,,,,3.69,,,,7.62,,,,27.02,,,,26.72,,,,25.12,,,,25.61,,
BalanceCurrentObligations,,,,,,,,,,,,,,,,,,,,,,,,,,,,,,,,,,,,,,,,,,,,,,,,,,,,,
BalanceCurrentObligations_yy,,,,,,,,,,,,,,,,,,,,,,,,,,,,,,,,,,,,,,,,,,,,,,,,,,,,,
BalanceCurrentObligations_sy,,,,,,,,,,,,,,,,,,,,,,,,,,,,,,,,,,,,,,,,,,,,,,,,,,,,,
BalanceCurrentObligations_qq,,,,,,,,,,,,,,,,,,,,,,,,,,,,,,,,,,,,,,,,,,,,,,,,,,,,,
BalanceCurrentObligations_sq,,,,,,,,,,,,,,,,,,,,,,,,,,,,,,,,,,,,,,,,,,,,,,,,,,,,,
BalanceCurrentLeasing,,,,,,,,,,,,,,,,,,,,,,,,,,,,,,,,,,,,,,,,,,,,,,,,,,,,,
BalanceCurrentLeasing_yy,,,,,,,,,,,,,,,,,,,,,,,,,,,,,,,,,,,,,,,,,,,,,,,,,,,,,
BalanceCurrentLeasing_sy,,,,,,,,,,,,,,,,,,,,,,,,,,,,,,,,,,,,,,,,,,,,,,,,,,,,,
BalanceCurrentLeasing_qq,,,,,,,,,,,,,,,,,,,,,,,,,,,,,,,,,,,,,,,,,,,,,,,,,,,,,
BalanceCurrentLeasing_sq,,,,,,,,,,,,,,,,,,,,,,,,,,,,,,,,,,,,,,,,,,,,,,,,,,,,,
BalanceCurrentOtherLiabilities,26000,62000,15000,65000,65000,8000,8000,60000,36000,20000,6000,83000,32000,57000,56000,155000,146000,138000,134000,95000,56000,86000,65000,92000,34000,414000,383000,1984000,673000,811000,668000,754000,699000,736000,627000,770000,372000,384000,286000,485000,383000,389000,310000,494000,418000,396000,337000,500000,450000,367000,334000,340000,303000
BalanceCurrentOtherLiabilities_yy,,,-42.31,4.84,,,-46.67,-7.69,-44.62,150.00,-25.00,38.33,-11.11,185.00,833.33,86.75,356.25,142.11,139.29,-38.71,-61.64,-37.68,-51.49,-3.16,-39.29,381.40,489.23,2056.52,1879.41,95.89,74.41,-62.00,3.86,-9.25,-6.14,2.12,-46.78,-47.83,-54.39,-37.01,2.96,1.30,8.39,1.86,9.14,1.80,8.71,1.21,7.66,-7.32,-0.89,-32.00,-32.67
BalanceCurrentOtherLiabilities_sy,,,55.20,11.32,,,70.87,44.19,-44.62,16.67,32.30,11.50,-45.14,63.64,43.49,-14.79,23.56,-13.13,3.40,-0.89,10.84,8.61,1.13,-1.17,-39.29,21.30,68.10,4.47,118.02,-3.80,1.27,-5.16,-8.15,-0.10,4.93,11.09,19.97,24.98,19.42,-0.26,3.17,1.30,18.90,6.52,21.48,9.08,-4.81,8.45,3.28,24.66,17.72,6.99,-11.76
BalanceCurrentOtherLiabilities_qq,,138.46,,333.33,,-87.69,,650.00,-40.00,-44.44,-70.00,1283.33,-61.45,78.12,-1.75,176.79,-5.81,-5.48,-2.90,-29.10,-41.05,53.57,-24.42,41.54,-63.04,1117.65,-7.49,418.02,-66.08,20.51,-17.63,12.87,-7.29,5.29,-14.81,22.81,-51.69,3.23,-25.52,69.58,-21.03,1.57,-20.31,59.35,-15.38,-5.26,-14.90,48.37,-10.00,-18.44,-8.99,1.80,-10.88
BalanceCurrentOtherLiabilities_sq,,-8.09,,-1.97,,-15.06,,-1.03,-100.00,-61.76,-11.31,-0.75,-100.00,87.75,,,-100.00,23.97,-8.86,-19.42,-100.00,16.83,-25.68,5.83,-100.00,30.22,-19.36,5.20,-12.11,23.54,-8.40,2.52,-7.28,13.72,-7.77,10.29,-3.10,35.20,-18.45,16.01,-5.05,30.26,-1.34,-0.25,-7.62,16.37,-11.32,14.60,-9.82,39.60,-8.99,4.22,-0.39
BalanceReckoning,,,,,,2000,2000,1000,,,,,,,,,,,,,,410000,,,,410000,409000,410000,410000,409000,409000,409000,409000,409000,409000,409000,409000,409000,409000,409000,409000,409000,409000,387000,367000,367000,367000,367000,367000,736000,983000,1511000,720000
BalanceReckoning_yy,,,,,,,,,,-100.00,-100.00,-100.00,,,,,,,,,,,,,,,,,,-0.24,,-0.24,-0.24,,,,,,,,,,,-5.38,-10.27,-10.27,-10.27,-5.17,,100.54,167.85,311.72,96.19
BalanceReckoning_sy,,,,,,,,,,28.60,4.55,19.05,,,,,,,,,,,,,,,,,,6.16,,,-1.60,,,,,,,,,,,23.40,27.18,8.76,22.09,8.04,,2.74,11.11,2.93,-1.90
BalanceReckoning_qq,,,,,,,,-50.00,-100.00,,,,,,,,,,,,,,-100.00,,,,-0.24,0.24,,-0.24,,,,,,,,,,,,,,-5.38,-5.17,,,,,100.54,33.56,53.71,-52.35
BalanceReckoning_sq,,,,,,,,-50.00,-100.00,,,,,,,,,,,,,,-24.31,,,,-3.15,-47.33,,,,,,,,,,,,,,,,,2.84,,,,,6.42,0.12,13.19,-52.35
BalanceTotalEquityAndLiabilities,25743000,32955000,35595000,67423000,52061000,79666000,69241000,79173000,85395000,109846000,102540000,115062000,132758000,172099000,157516000,156103000,155384000,182711000,153496000,151667000,142035000,155564000,147632000,146962000,145199000,167001000,153630000,155307000,146046000,151838000,143587000,142257000,143696000,149798000,145275000,141567000,146262000,150212000,149076000,141874000,134717000,134539000,132619000,127218000,122781000,121326000,115047000,115040000,114848000,122319000,117836000,115214000,113565000
BalanceTotalEquityAndLiabilities_yy,,,38.27,104.59,,,94.52,17.43,64.03,37.88,48.09,45.33,55.46,56.67,53.61,35.67,17.04,6.17,-2.55,-2.84,-8.59,-14.86,-3.82,-3.10,2.23,7.35,4.06,5.68,0.58,-9.08,-6.54,-8.40,-1.61,-1.34,1.18,-0.49,1.79,0.28,2.62,0.22,-7.89,-10.43,-11.04,-10.33,-8.86,-9.82,-13.25,-9.57,-6.46,0.82,2.42,0.15,-1.12
BalanceTotalEquityAndLiabilities_sy,,,29.66,19.32,,,87.48,39.37,20.59,30.51,34.32,47.01,49.04,23.93,26.46,-5.05,8.46,-4.53,-2.55,-2.84,0.66,3.28,7.92,3.31,5.18,17.27,13.10,9.25,12.62,-0.08,-1.21,2.32,1.82,2.82,1.80,4.32,12.45,11.20,16.44,11.88,8.28,10.28,10.08,9.38,10.92,10.79,9.32,5.02,8.57,1.06,2.42,5.85,1.14
BalanceTotalEquityAndLiabilities_qq,,28.02,,89.42,-22.78,53.02,-13.09,14.34,7.86,28.63,-6.65,12.21,15.38,29.63,-8.47,-0.90,-0.46,17.59,-15.99,-1.19,-6.35,9.53,-5.10,-0.45,-1.20,15.02,-8.01,1.09,-5.96,3.97,-5.43,-0.93,1.01,4.25,-3.02,-2.55,3.32,2.70,-0.76,-4.83,-5.04,-0.13,-1.43,-4.07,-3.49,-1.19,-5.18,-0.01,-0.17,6.51,-3.67,-2.23,-1.43
BalanceTotalEquityAndLiabilities_sq,,1.19,,0.91,-100.00,26.46,3.96,2.40,-100.00,19.94,5.69,8.12,-100.00,9.68,-0.86,-7.89,-100.00,5.52,-2.89,-0.18,-100.00,4.04,0.27,1.56,-100.00,6.18,-1.81,-0.43,3.51,-1.46,3.31,-0.58,3.30,3.98,1.05,3.12,2.43,1.58,0.83,1.16,0.74,1.30,3.48,2.30,2.86,2.80,-0.57,0.38,1.00,3.00,-0.71,0.36,3.62
CashflowOperatingCashflow,450000,6000,-356000,-2244000,-7354000,-88000,5233000,-5132000,2812000,10081000,1287000,-3737000,5037000,16270000,-5580000,7165000,-2170000,12822000,5001000,2232000,1187000,9767000,-1474000,-870000,-289000,6749000,1926000,5307000,-3606000,6118000,-2560000,1626000,-1409000,7215000,-2322000,2528000,498000,5917000,-1060000,4430000,716000,2216000,2141000,5377000,4010000,3183000,-12781000,-502000,182000,3930000,-1502000,942000,-10833000
CashflowOperatingCashflow_yy,,,-179.11,-37500.00,,,1569.94,-128.70,138.24,11555.68,-75.41,27.18,79.13,61.39,-533.57,291.73,-143.08,-21.19,189.62,-68.85,154.70,-23.83,-129.47,-138.98,-124.35,-30.90,230.66,710.00,-1147.75,-9.35,-232.92,-69.36,60.93,17.93,9.30,55.47,135.34,-17.99,54.35,75.24,43.78,-62.55,301.98,21.38,460.06,43.64,-696.96,-109.34,-95.46,23.47,88.25,287.65,-6052.20
CashflowOperatingCashflow_sy,,,-12.59,10.99,,,-183.75,79.98,75.90,-1.57,32.89,-41.63,105.77,45.76,-41.86,121.52,15.90,-12.15,70.36,-30.94,-43.74,14.94,-76.44,8.04,2.03,-9.53,61.93,-6.94,-17.36,-5.30,-65.15,45.82,52.88,12.65,-46.53,7.40,13.67,22.18,-3.46,38.14,-29.01,26.40,0.39,50.00,18.46,-4.64,-15.71,-19.11,1.57,21.75,18.23,10.68,-2956.10
CashflowOperatingCashflow_qq,,-98.67,,-530.34,-227.72,98.80,6046.59,-198.07,154.79,258.50,-87.23,-390.37,234.79,223.01,-134.30,228.41,-130.29,690.88,-61.00,-55.37,-46.82,722.83,-115.09,40.98,66.78,2435.29,-71.46,175.55,-167.95,269.66,-141.84,163.52,-186.65,612.07,-132.18,208.87,-80.30,1088.15,-117.91,517.92,-83.84,209.50,-3.38,151.14,-25.42,-20.62,-501.54,96.07,136.25,2059.34,-138.22,162.72,-1250.00
CashflowOperatingCashflow_sq,,-31.76,,-63.38,-78.89,135.69,-94.82,141.74,-57.51,223.42,-87.23,87.48,171.48,187.90,-155.27,184.71,-17.67,121.66,-111.02,133.37,-32.46,299.39,-101.02,68.28,6.76,222.59,-103.96,73.32,-36.88,119.75,-120.64,176.25,-58.48,105.57,-142.45,149.18,-33.20,164.97,-158.74,186.60,-112.92,329.36,-137.76,182.27,-63.73,192.97,-152.68,134.90,-53.62,315.39,-138.22,196.10,-674.65
CashflowAmortization,242000,263000,477000,535000,631000,687000,761000,976000,1088000,1266000,1434000,1623000,1754000,2202000,1497000,1535000,1557000,1762000,1791000,1777000,1766000,1724000,1715000,1686000,1699000,1707000,1661000,1610000,1623000,1618000,1621000,1645000,1635000,1624000,1637000,1679000,1679000,1681000,1707000,1705000,1709000,1708000,1688000,1655000,1635000,1643000,1602000,1577000,1591000,1573000,1567000,1568000,1552000
CashflowAmortization_yy,,,97.11,103.42,,,59.54,82.43,72.42,84.28,88.44,66.29,61.21,73.93,4.39,-5.42,-11.23,-19.98,19.64,15.77,13.42,-2.16,-4.24,-5.12,-3.79,-0.99,-3.15,-4.51,-4.47,-5.21,-2.41,2.17,0.74,0.37,0.99,2.07,2.69,3.51,4.28,1.55,1.79,1.61,-1.11,-2.93,-4.33,-3.81,-5.09,-4.71,-2.69,-4.26,-2.18,-0.57,-2.45
CashflowAmortization_sy,,,41.67,17.50,,,39.25,25.00,60.19,29.90,31.90,37.13,27.08,31.02,30.97,18.51,-0.36,-4.96,2.19,3.49,-5.94,0.60,2.24,-1.63,-1.42,4.52,4.68,2.23,-4.15,-6.56,0.31,2.17,-1.26,7.24,6.98,10.68,11.49,-1.70,5.15,7.73,10.14,20.80,16.24,6.72,12.73,11.62,15.26,13.84,7.81,6.82,4.66,8.74,-2.45
CashflowAmortization_qq,,8.68,,12.16,17.94,8.87,10.77,28.25,11.48,16.36,13.27,13.18,8.07,25.54,-32.02,2.54,1.43,13.17,1.65,-0.78,-0.62,-2.38,-0.52,-1.69,0.77,0.47,-2.69,-3.07,0.81,-0.31,0.19,1.48,-0.61,-0.67,0.80,2.57,,0.12,1.55,-0.12,0.23,-0.06,-1.17,-1.95,-1.21,0.49,-2.50,-1.56,0.89,-1.13,-0.38,0.06,-1.02
CashflowAmortization_sq,,20.30,,6.81,7.72,13.78,11.36,9.59,11.52,5.36,2.84,10.00,8.07,8.71,-5.46,1.87,0.58,2.88,-0.91,0.75,-1.98,-0.29,0.89,0.19,0.08,4.31,-3.28,-0.71,-0.97,-0.08,-3.88,0.46,-0.41,3.63,1.14,3.99,,0.12,1.20,6.00,1.03,10.52,-0.68,1.54,2.68,5.52,-1.24,-0.44,-0.20,3.91,-0.38,5.14,-1.02
CashflowInvestingCashflow,-248000,-881000,-1901000,-2446000,-3391000,-1265000,-5109000,-4572000,-5363000,-6745000,-8337000,-6889000,-14417000,-14714000,-6947000,389000,-4646000,-7727000,-1640000,-125000,-712000,-1120000,-1406000,-1485000,-304000,-4649000,-7000,-784000,-140000,-9000,-1405000,556000,-136000,249000,-1245000,-1583000,-109000,-912000,-1371000,-786000,-712000,445000,-1645000,-168000,-788000,-732000,-1138000,-416000,-526000,-585000,-76000,-263000,-161000
CashflowInvestingCashflow_yy,,,-666.53,-177.64,,,-168.75,-86.92,-58.15,-433.20,-63.18,-50.68,-168.82,-118.15,16.67,105.65,67.77,47.49,76.39,-132.13,84.67,85.51,14.27,-1088.00,57.30,-315.09,99.50,47.21,53.95,99.81,-19971.43,170.92,2.86,2866.67,11.39,-384.71,19.85,-466.27,-10.12,50.35,-553.21,148.79,-19.99,78.63,-10.67,-264.49,30.82,-147.62,33.25,20.08,93.32,36.78,69.39
CashflowInvestingCashflow_sy,,,37.70,-74.23,,,-13.84,-133.23,-40.10,-104.51,-63.18,-31.86,-140.98,-93.89,23.99,65.50,74.56,63.49,79.17,45.22,25.64,45.31,-11.32,4.66,-45.38,-143.45,39.55,5.83,-0.16,62.44,2.82,-49.91,-9.92,-92.91,-30.01,-66.45,-3.50,-9.52,2.42,41.62,-21.95,-89.57,-57.72,6.82,-18.68,-19.66,-18.40,-26.15,-43.31,-34.42,-21.72,-52.34,69.39
CashflowInvestingCashflow_qq,,-255.24,,-28.67,-38.63,62.70,-303.87,10.51,-17.30,-25.77,-23.60,17.37,-109.28,-2.06,52.79,105.60,-1294.34,-66.32,78.78,92.38,-469.60,-57.30,-25.54,-5.62,79.53,-1429.28,99.85,-11100.00,82.14,93.57,-15511.11,139.57,-124.46,283.09,-600.00,-27.15,93.11,-736.70,-50.33,42.67,9.41,162.50,-469.66,89.79,-369.05,7.11,-55.46,63.44,-26.44,-11.22,87.01,-246.05,38.78
CashflowInvestingCashflow_sq,,-10.46,,-31.59,-57.18,-15.69,-4.53,-85.12,31.52,-17.26,-24.77,3.79,-49.52,-3.30,40.38,17.24,49.66,3.77,15.65,14.68,-28.43,34.76,3.53,-0.17,-89.20,-19.14,59.04,50.54,-100.00,32.41,-86.84,-16.79,-79.71,-34.65,20.88,-32.63,0.49,5.92,20.31,5.04,-41.48,-47.13,39.78,7.75,-33.26,-25.25,44.76,-5.52,-24.91,-10.81,28.08,-35.39,69.39
CashflowCapex,248000,881000,1901000,2447000,3392000,851000,5134000,4580000,5360000,6773000,8337000,6890000,14416000,15071000,6947000,-389000,4646000,7734000,1640000,60000,777000,1112000,1406000,1699000,304000,4746000,369000,930000,140000,9000,1414000,-152000,136000,211000,1249000,1897000,118000,937000,1371000,806000,712000,404000,1659000,358000,805000,779000,1166000,437000,526000,586000,76000,299000,185000
CashflowCapex_yy,,,666.53,177.75,,,170.07,87.17,58.02,695.89,62.39,50.44,168.96,122.52,-16.67,-105.65,-67.77,-48.68,-76.39,115.42,-83.28,-85.62,-14.27,2731.67,-60.88,326.80,-73.76,-45.26,-53.95,-99.81,283.20,-116.34,-2.86,2244.44,-11.67,1348.03,-13.24,344.08,9.77,-57.51,503.39,-56.88,21.01,-55.58,13.06,92.82,-29.72,22.07,-34.66,-24.78,-93.48,-31.58,-64.83
CashflowCapex_sy,,,-29.94,148.48,,,133.01,87.17,29.04,74.96,60.05,50.44,49.24,18.95,-51.93,-54.17,-62.76,-50.43,-44.92,-48.72,-51.69,-28.03,-3.46,47.24,87.37,60.69,-16.47,-24.14,-25.52,-54.34,-29.37,2.88,-2.86,225.01,49.32,65.09,13.56,-23.48,9.77,-20.60,1.10,105.50,19.68,5.89,23.11,-18.34,0.64,5.40,-1.40,22.32,-5.59,79.69,-64.83
CashflowCapex_qq,,255.24,,28.72,38.62,-74.91,503.29,-10.79,17.03,26.36,23.09,-17.36,109.23,4.54,-53.90,-105.60,1294.34,66.47,-78.79,-96.34,1195.00,43.11,26.44,20.84,-82.11,1461.18,-92.23,152.03,-84.95,-93.57,15611.11,-110.75,189.47,55.15,491.94,51.88,-93.78,694.07,46.32,-41.21,-11.66,-43.26,310.64,-78.42,124.86,-3.23,49.68,-62.52,20.37,11.41,-87.03,293.42,-38.13
CashflowCapex_sq,,31.86,,46.16,18.09,-1.46,1.37,38.98,9.12,13.80,9.93,-9.78,67.82,6.95,-60.08,13.90,-27.79,42.30,-43.04,-9.72,8.62,54.16,-55.12,20.84,27.22,20.02,-51.96,-8.38,2.48,-50.17,0.26,-2.27,45.60,54.67,-36.20,40.49,-3.48,20.82,-13.76,24.54,-4.43,53.79,-24.71,-6.90,5.38,17.31,-40.84,-7.40,20.30,9.67,-21.70,34.17,-69.06
CashflowFinancingCashflow,-315000,982000,-4584000,24699000,-6496000,-464000,-1071000,9916000,2642000,-3473000,6855000,10995000,9081000,-762000,12141000,-7390000,6828000,-4870000,-3567000,-1953000,-723000,-8403000,2617000,3019000,-144000,-219000,-2748000,-3927000,2913000,-6447000,3848000,-1532000,740000,-7058000,3087000,-768000,-928000,-4506000,1976000,-3279000,-99000,-2457000,-644000,-5228000,-3526000,-1989000,13369000,1121000,355000,-2213000,455000,-594000,13227000
CashflowFinancingCashflow_yy,,,-1355.24,2415.17,,,76.64,-59.85,140.67,-648.49,740.06,10.88,243.72,78.06,77.11,-167.21,-24.81,-539.11,-129.38,73.57,-110.59,-72.55,173.37,254.58,80.08,97.39,-205.01,-230.08,2122.92,-2843.84,240.03,60.99,-74.60,-9.48,-19.78,49.87,-225.41,36.16,-35.99,-326.95,89.33,45.47,-132.59,-59.44,-3461.62,19.05,2175.93,121.44,110.07,-11.26,-96.60,-152.99,3625.92
CashflowFinancingCashflow_sy,,,96.66,2.68,,,83.74,40.38,-47.24,43.98,26.48,59.72,-77.02,-48.35,6.08,-101.78,42.36,-95.93,-74.17,40.93,-2.89,-88.12,17.03,56.92,-9.14,-6.78,54.68,-19.80,25.00,-43.82,61.71,24.36,22.14,3.33,63.36,-5.62,19.74,7.15,-28.60,-4.55,69.38,33.20,49.17,-67.62,-31.31,-4.05,-11.59,-31.49,21.92,0.48,-32.65,27.59,3625.92
CashflowFinancingCashflow_qq,,411.75,,638.81,-126.30,92.86,-130.82,1025.86,-73.36,-231.45,297.38,60.39,-17.41,-108.39,1693.31,-160.87,192.40,-171.32,26.76,45.25,62.98,-1062.24,131.14,15.36,-104.77,-52.08,-1154.79,-42.90,174.18,-321.32,159.69,-139.81,148.30,-1053.78,143.74,-124.88,-20.83,-385.56,143.85,-265.94,96.98,-2381.82,73.79,-711.80,32.56,43.59,772.15,-91.61,-68.33,-723.38,120.56,-230.55,2326.77
CashflowFinancingCashflow_sq,,106.54,,-87.24,91.77,38.54,33.86,40.24,90.90,-99.48,13.64,66.60,-87.71,62.06,-28.08,-104.45,79.01,-95.16,,45.25,30.55,-97.43,88.93,-17.44,-28.50,0.44,92.72,-52.14,51.82,-82.70,124.42,-134.15,61.55,-41.31,100.00,-125.77,55.92,18.57,82.06,-95.64,49.78,-130.42,129.87,-151.07,71.29,-38.70,88.58,-106.09,65.87,-68.88,110.78,-142.80,2326.77
CashflowShareCapitalCash,,,,20010000,-592000,106000,,,,,,,,,,,,,,,,,,,,,,,,,,,,,,,,,,,,,,,,,17000000,0,0,0,,,14000000
CashflowShareCapitalCash_yy,,,,,,,,-100.00,100.00,-100.00,,,,,,,,,,,,,,,,,,,,,,,,,,,,,,,,,,,,,,,,,-100.00,,
CashflowShareCapitalCash_sy,,,,,,,,-100.00,,-26.75,,,,,,,,,,,,,,,,,,,,,,,,,,,,,,,,,,,,,,,,,-100.00,,
CashflowShareCapitalCash_qq,,,,,-102.96,117.91,-100.00,,,,,,,,,,,,,,,,,,,,,,,,,,,,,,,,,,,,,,,,,-100.00,,,,,
CashflowShareCapitalCash_sq,,,,,-100.00,-100.00,-100.00,,,,,,,,,,,,,,,,,,,,,,,,,,,,,,,,,,,,,,,,,-100.00,,,,,
CashflowDividend,,,,,,,,,,,,,,,,,,,,,,,,,,,,,,,,,,,,,,,,,,,,,,,,,,,,,
CashflowDividend_yy,,,,,,,,,,,,,,,,,,,,,,,,,,,,,,,,,,,,,,,,,,,,,,,,,,,,,
CashflowDividend_sy,,,,,,,,,,,,,,,,,,,,,,,,,,,,,,,,,,,,,,,,,,,,,,,,,,,,,
CashflowDividend_qq,,,,,,,,,,,,,,,,,,,,,,,,,,,,,,,,,,,,,,,,,,,,,,,,,,,,,
CashflowDividend_sq,,,,,,,,,,,,,,,,,,,,,,,,,,,,,,,,,,,,,,,,,,,,,,,,,,,,,
CashflowNetCashflow,-113000,107000,-6841000,20009000,-17241000,-1817000,-947000,212000,91000,-137000,-195000,369000,-299000,794000,-386000,164000,12000,225000,-206000,154000,-248000,244000,-263000,664000,-737000,1881000,-829000,596000,-833000,-338000,-117000,650000,-805000,406000,-480000,177000,-539000,499000,-455000,365000,-95000,204000,-148000,-19000,-304000,462000,-550000,203000,11000,1132000,-1123000,85000,2233000
CashflowNetCashflow_yy,,,-5953.98,18600.00,,,86.16,-98.94,100.53,92.46,79.41,74.06,-428.57,679.56,-97.95,-55.56,104.01,-71.66,46.63,-6.10,-2166.67,8.44,-27.67,331.17,-197.18,670.90,-215.21,-10.24,-13.03,-117.97,85.89,9.06,3.36,220.12,-310.26,-72.77,33.04,22.91,5.21,106.21,82.37,-59.12,67.47,-105.21,-220.00,126.47,-271.62,1168.42,103.62,145.02,-104.18,-58.13,20200.00
CashflowNetCashflow_sy,,,-35.43,-8.34,,,-232.51,-53.38,-1.03,10.61,-99.05,81.03,-138.42,-9.80,1.66,-55.56,141.31,50.85,15.83,27.04,-60.85,15.18,4.22,54.39,-88.18,57.41,37.10,-22.57,-30.39,-26.46,-19.18,175.08,-3.00,-42.16,-59.40,-72.77,-6.06,14.96,5.21,41.77,-2.70,23.25,45.57,-26.62,7.02,41.39,-52.58,-35.22,30.19,56.84,-11.26,6.54,10170.00
CashflowNetCashflow_qq,,194.69,,392.49,-186.17,89.46,47.88,122.39,-57.08,-250.55,-42.34,289.23,-181.03,365.55,-148.61,142.49,-92.68,1775.00,-191.56,174.76,-261.04,198.39,-207.79,352.47,-210.99,355.22,-144.07,171.89,-239.77,59.42,65.38,655.56,-223.85,150.43,-218.23,136.87,-404.52,192.58,-191.18,180.22,-126.03,314.74,-172.55,87.16,-1500.00,251.97,-219.05,136.91,-94.58,10190.91,-199.20,107.57,2527.06
CashflowNetCashflow_sq,,144.22,,106.30,-31.57,319.78,-114.08,85.74,56.96,197.12,-184.12,136.51,-146.09,170.63,-197.73,107.71,97.52,130.57,-129.95,107.68,-2.87,181.83,-100.00,105.61,-75.67,165.57,-144.07,90.42,42.34,126.45,-141.25,150.94,-100.00,105.75,-213.26,99.75,-3.86,181.03,-189.31,132.66,-126.03,285.50,-143.65,117.92,-74.16,210.25,-169.75,107.20,-43.89,301.02,-195.24,124.03,1356.39
