,2009/Q1,2009/Q2,2009/Q3,2009/Q4,2010/Q1,2010/Q2,2010/Q3,2010/Q4,2011/Q1,2011/Q2,2011/Q3,2011/Q4,2012/Q1,2012/Q2,2012/Q3,2012/Q4,2013/Q1,2013/Q2,2013/Q3,2013/Q4,2014/Q1,2014/Q2,2014/Q3,2014/Q4,2015/Q1,2015/Q2,2015/Q3,2015/Q4,2016/Q1,2016/Q2,2016/Q3,2016/Q4,2017/Q1,2017/Q2,2017/Q3,2017/Q4,2018/Q1,2018/Q2
IncomeRevenues,152000,205000,226000,520000,351000,347000,4000,580000,446000,244000,17864000,10857000,3139000,1141000,2832000,-120000,1293000,1700000,821000,209000,946000,633000,16307000,12650000,4158000,6241000,979000,12424000,3479000,2775000,3414000,15994000,12849000,4072000,5763000,6104000,7963000,4421000
IncomeRevenues_yy,,,,,130.92,69.27,-98.23,11.54,27.07,-29.68,446500.00,1771.90,603.81,367.62,-84.15,-101.11,-58.79,48.98,-71.02,274.03,-26.85,-62.78,1886.84,5957.21,339.51,886.27,-93.99,-1.79,-16.33,-55.53,248.63,28.73,269.31,46.70,68.80,-61.84,-38.02,8.58
IncomeRevenues_sy,,,,,-1.26,-3.94,-8.13,0.86,-6.66,-24.65,11.91,11.54,1.90,7.60,-21.76,-6.12,-5.13,-5.06,2.10,1.05,1.47,-7.94,12.74,-14.98,-14.67,8.34,1.20,6.90,4.60,6.28,1.90,12.72,0.25,-2.12,-1.18,5.95,18.84,11.87
IncomeRevenues_qq,,34.87,10.24,130.09,-32.50,-1.14,-98.85,14400.00,-23.10,-45.29,7221.31,-39.22,-71.09,-63.65,148.20,-104.24,1177.88,31.42,-51.71,-74.56,353.05,-33.12,2477.21,-22.43,-67.13,50.07,-84.31,1168.57,-72.00,-20.23,23.02,368.42,-19.66,-68.31,41.55,5.91,30.47,-44.48
IncomeRevenues_sq,,14.41,-17.73,16.92,-16.67,1.01,-17.30,15.97,-22.90,-2.20,13.84,5.28,-27.15,3.36,-8.77,3.17,-24.18,-0.94,-2.02,12.70,-7.66,-15.57,3.32,1.10,-12.06,0.74,8.32,6.73,-19.38,2.34,-1.57,29.39,-31.70,1.50,0.20,14.10,-3.86,6.83
IncomeCostOfSales,,,,741000,,,,,,,,,,,,,,,,,,,,,,,,,,,,,,,,,,
IncomeCostOfSales_yy,,,,,,,,-100.00,,,,,,,,,,,,,,,,,,,,,,,,,,,,,,
IncomeCostOfSales_sy,,,,,,,,-23.82,,,,,,,,,,,,,,,,,,,,,,,,,,,,,,
IncomeCostOfSales_qq,,,,,-100.00,,,,,,,,,,,,,,,,,,,,,,,,,,,,,,,,,
IncomeCostOfSales_sq,,,,,-22.47,,,,,,,,,,,,,,,,,,,,,,,,,,,,,,,,,
IncomeDistributionExpenses,,,,,,,,,,,,,,,,,,,,,,,,,,,,,,,,,,,,,,
IncomeDistributionExpenses_yy,,,,,,,,,,,,,,,,,,,,,,,,,,,,,,,,,,,,,,
IncomeDistributionExpenses_sy,,,,,,,,,,,,,,,,,,,,,,,,,,,,,,,,,,,,,,
IncomeDistributionExpenses_qq,,,,,,,,,,,,,,,,,,,,,,,,,,,,,,,,,,,,,,
IncomeDistributionExpenses_sq,,,,,,,,,,,,,,,,,,,,,,,,,,,,,,,,,,,,,,
IncomeAdministrativExpenses,,,,,,,,,,,,,,,,,,,,,,,,,,,,,,,,,,,,,,
IncomeAdministrativExpenses_yy,,,,,,,,,,,,,,,,,,,,,,,,,,,,,,,,,,,,,,
IncomeAdministrativExpenses_sy,,,,,,,,,,,,,,,,,,,,,,,,,,,,,,,,,,,,,,
IncomeAdministrativExpenses_qq,,,,,,,,,,,,,,,,,,,,,,,,,,,,,,,,,,,,,,
IncomeAdministrativExpenses_sq,,,,,,,,,,,,,,,,,,,,,,,,,,,,,,,,,,,,,,
IncomeGrossProfit,27000,-56000,36000,355000,152000,183000,-536000,-185000,32000,243000,4616000,2559000,1115000,795000,5000,-745000,248000,349000,7000,-249000,-116000,-224000,6796000,4015000,1251000,1208000,-20000,5284000,882000,234000,1162000,3938000,5016000,1000000,1315000,2906000,2978000,1587000
IncomeGrossProfit_yy,,,,,462.96,426.79,-1588.89,-152.11,-78.95,32.79,961.19,1483.24,3384.38,227.16,-99.89,-129.11,-77.79,-56.13,38.58,66.59,-146.77,-164.36,97973.50,1713.08,1180.55,638.14,-100.29,31.61,-29.50,-80.61,6029.61,-25.48,468.50,327.03,13.18,-26.19,-40.63,58.72
IncomeGrossProfit_sy,,,,,4.14,5.23,-14.48,18.56,-16.57,-20.97,26.06,54.98,12.36,-9.72,-11.25,-76.32,7.91,27.59,1.08,30.43,-9.34,-18.41,6.56,15.32,20.08,15.36,-1.64,0.12,10.04,25.95,16.95,59.25,21.26,12.22,2.61,-2.83,23.07,25.24
IncomeGrossProfit_qq,,-307.41,164.29,886.11,-57.18,20.39,-392.90,65.49,117.30,659.38,1799.59,-44.56,-56.43,-28.70,-99.37,-15000.00,133.24,40.87,-98.01,-3692.09,53.47,-93.85,3127.02,-40.92,-68.83,-3.46,-101.62,27059.48,-83.30,-73.45,396.20,238.83,27.37,-80.06,31.52,120.95,2.46,-46.69
IncomeGrossProfit_sq,,-5.12,0.22,5.29,4.18,-8.10,-33.70,26.49,-11.28,4.07,42.60,7.00,-59.83,9.73,4.27,-5.52,-4.24,5.88,-8.52,-15.94,10.01,0.62,8.56,0.18,-11.96,-3.03,13.61,0.30,-3.51,3.36,3.18,106.69,-25.26,5.62,-8.98,47.44,2.46,6.72
IncomeOtherOperatingIncome,,,,,,,,,,,,,,,15000,-7000,,0,1000,15000,25000,24000,0,50000,5000,15000,252000,-259000,42000,30000,323000,-196000,0,35000,32000,49000,20000,71000
IncomeOtherOperatingIncome_yy,,,,,,,,,,,,,,,,,,,-91.66,320.91,,15578.57,-100.00,226.05,-80.63,-36.29,,-613.03,761.94,95.98,27.84,24.41,-99.99,17.27,-90.09,125.32,510600.00,100.62
IncomeOtherOperatingIncome_sy,,,,,,,,,,,,,,,,,,,27.60,-67.51,,-61.07,97.08,109.01,-25.29,111.08,,-20.96,61.05,7.69,-9.43,19.46,-6.69,-30.16,-11.11,-29.98,55.50,30.58
IncomeOtherOperatingIncome_qq,,,,,,,,,,,,,,,,-146.67,100.00,,712.34,1136.13,61.56,-3.36,-100.00,,-90.40,217.83,1540.38,-202.51,116.13,-27.73,970.00,-160.61,100.00,883775.00,-9.61,54.88,-58.73,247.21
IncomeOtherOperatingIncome_sq,,,,,,,,,,,,,,,,41.03,-10.81,,-37.50,71.43,16.99,-36.70,85.74,,-72.86,61.65,-35.58,140.00,-45.48,90.17,-52.68,172.85,-65.83,37.92,-7.04,173.77,-25.88,45.39
IncomeOtherOperatingCosts,,,,97000,,,,,,,,,,,293000,-290000,168000,-168000,1000,0,0,1000,0,2000,0,1000,3000,21000,15000,18000,0,115000,7000,5000,25000,29000,10000,22000
IncomeOtherOperatingCosts_yy,,,,,,,,-100.00,,,,,,,,,,,-99.74,99.91,-100.00,100.85,-100.00,894.30,4900.00,-49.19,,918.09,9636.00,2450.28,-97.90,439.48,-52.03,-70.69,39652.38,-74.82,49.45,314.49
IncomeOtherOperatingCosts_sy,,,,,,,,25.52,,,,,,,,,,,53.36,-23.31,12.29,-46.14,-21.46,103.00,13.74,2.00,,2.39,1.82,10.55,13.95,20.50,-0.45,4.98,-11.60,-42.26,8.40,-27.00
IncomeOtherOperatingCosts_qq,,,,,-100.00,,,,,,,,,,,-198.98,158.05,-199.88,100.46,-134.11,101.14,47266.67,-100.00,,-92.82,381.33,316.34,607.52,-31.33,26.08,-99.66,182022.22,-93.89,-22.96,364.04,15.34,-63.76,113.68
IncomeOtherOperatingCosts_sq,,,,,-85.10,,,,,,,,,,,116.06,-54.76,96.18,-15.06,60.80,-36.45,-0.36,19.40,,-73.51,35.71,0.41,89.33,-67.01,26.08,-8.70,271.95,-81.63,29.84,-45.16,122.47,-66.26,12.72
IncomeEBIT,,,,265000,,,,,,,,,,,1637000,-462000,79000,517000,7000,-233000,-91000,-202000,6796000,4063000,1256000,1223000,230000,5004000,909000,246000,1485000,3628000,5009000,1030000,1322000,2927000,2988000,1636000
IncomeEBIT_yy,,,,,,,,-100.00,,,,,,,,,,,-99.55,49.53,-214.58,-139.02,91607.31,1842.60,1482.90,706.02,-96.62,23.16,-27.60,-79.88,546.28,-27.51,450.78,318.83,-10.94,-19.31,-40.35,58.81
IncomeEBIT_sy,,,,,,,,112.64,,,,,,,,,,,3.09,-33.81,-72.46,-52.73,26.05,51.89,16.34,99.93,-14.89,13.12,42.31,46.57,-24.46,42.28,-21.30,-5.86,48.66,-34.94,54.08,23.04
IncomeEBIT_qq,,,,,-100.00,,,,,,,,,,,-128.22,117.16,552.32,-98.57,-3246.69,61.05,-122.14,3467.95,-40.21,-69.09,-2.65,-81.21,2078.23,-81.83,-72.95,503.65,144.33,38.07,-79.43,28.36,121.36,2.08,-45.25
IncomeEBIT_sq,,,,,-44.71,,,,,,,,,,,-56.63,70.86,-5.43,-35.51,11.81,42.38,-27.88,95.00,-11.52,-16.33,21.89,-12.72,15.92,-41.76,34.91,-25.90,170.71,-69.86,53.59,15.43,51.40,-30.78,23.09
IncomeFinanceIncome,,,,,,,,,,,,,,,18000,67000,6000,7000,8000,69000,8000,251000,0,-134000,17000,14000,18000,23000,4000,32000,6000,43000,8000,21000,0,8000,9000,3000
IncomeFinanceIncome_yy,,,,,,,,,,,,,,,,,,,-55.33,3.60,29.13,3493.44,-100.00,-293.33,124.15,-94.28,,117.25,-76.33,121.04,-67.52,85.71,91.86,-34.03,-97.66,-80.78,11.00,-86.40
IncomeFinanceIncome_sy,,,,,,,,,,,,,,,,,,,-82.36,-45.85,-17.04,-17.20,-5.08,49.11,95.99,-15.74,,-12.08,-27.34,20.72,50.00,35.44,90.88,-20.91,-58.15,19.55,-19.18,-0.93
IncomeFinanceIncome_qq,,,,,,,,,,,,,,,,272.22,-90.99,15.81,14.96,763.32,-88.77,3122.94,-100.00,,113.03,-17.75,27.10,26.72,-82.13,667.93,-81.32,624.52,-81.54,164.05,-99.34,5845.32,6.63,-67.65
IncomeFinanceIncome_sq,,,,,,,,,,,,,,,,-29.29,-36.96,-5.71,-27.84,50.00,45.88,10.00,-30.26,,99.36,-16.27,-6.31,20.34,1.88,11.33,-32.86,59.57,31.66,-12.08,-32.46,74.12,-50.65,1.27
IncomeFinanceCosts,,,,257000,,,,,,,,,,,190000,0,59000,19000,37000,67000,37000,33000,0,63000,10000,11000,11000,167000,139000,-76000,218000,-9000,162000,274000,187000,748000,97000,30000
IncomeFinanceCosts_yy,,,,,,,,-100.00,,,,,,,,,,,-80.62,,-37.26,74.09,-100.00,-6.12,-72.42,-65.73,,165.59,1254.64,-779.26,1966.52,-105.40,16.45,462.74,-14.09,8376.09,-40.04,-88.98
IncomeFinanceCosts_sy,,,,,,,,62.86,,,,,,,,,,,-28.02,,-17.30,-5.58,20.69,6.19,-20.37,-4.13,,4.26,-13.16,19.08,-34.43,22.52,-0.87,-21.28,80.29,-29.34,5.62,33.33
IncomeFinanceCosts_qq,,,,,-100.00,,,,,,,,,,,-100.00,,-68.50,97.18,82.25,-44.58,-12.60,-100.00,,-83.71,8.60,-5.29,1485.56,-16.94,-154.45,388.14,-104.14,1891.01,69.63,-31.76,299.19,-87.02,-68.83
IncomeFinanceCosts_sq,,,,,-6.34,,,,,,,,,,,23.97,,27.54,-50.30,54.10,7.83,2.38,-7.10,,-23.80,-0.02,-1.27,18.84,-14.08,19.76,-35.30,80.31,-32.98,1.98,-3.10,8.78,-2.91,24.64
IncomeOtherIncome,,,,,,,,,,,,,,,,,,,,,,,,,,,,,,,,,,,,,,
IncomeOtherIncome_yy,,,,,,,,,,,,,,,,,,,,,,,,,,,,,,,,,,,,,,
IncomeOtherIncome_sy,,,,,,,,,,,,,,,,,,,,,,,,,,,,,,,,,,,,,,
IncomeOtherIncome_qq,,,,,,,,,,,,,,,,,,,,,,,,,,,,,,,,,,,,,,
IncomeOtherIncome_sq,,,,,,,,,,,,,,,,,,,,,,,,,,,,,,,,,,,,,,
IncomeNetGrossProfit,9000,-201000,-22000,222000,95000,100000,-528000,43000,-104000,273000,4434000,2466000,1055000,495000,-85000,-395000,26000,505000,-21000,-231000,-120000,17000,6796000,3866000,1263000,1226000,237000,4860000,775000,353000,1273000,3680000,4855000,777000,1135000,2188000,2900000,1609000
IncomeNetGrossProfit_yy,,,,,955.56,149.75,-2300.00,-80.63,-209.47,173.00,939.77,5634.88,1114.42,81.32,-101.92,-116.02,-97.53,2.10,74.86,41.56,-561.68,-96.63,31906.75,1774.66,1150.83,7089.73,-96.51,25.71,-38.69,-71.17,435.94,-24.29,526.79,119.75,-10.80,-40.55,-40.27,107.13
IncomeNetGrossProfit_sy,,,,,37.06,33.21,62.12,48.18,-11.89,-35.27,-59.16,-15.56,-65.22,-17.56,-67.69,-0.76,78.71,-68.77,12.02,-58.16,-71.80,-33.65,25.56,8.64,47.17,96.76,7.44,21.98,55.87,9.48,17.91,47.26,-37.63,56.91,53.67,-4.01,65.77,13.12
IncomeNetGrossProfit_qq,,-2333.33,89.05,1109.09,-57.21,5.26,-628.00,108.14,-341.86,362.50,1524.18,-44.38,-57.22,-53.08,-117.17,-364.71,106.59,1840.97,-104.23,-980.52,47.92,114.18,39751.70,-43.11,-67.32,-2.95,-80.63,1946.70,-84.06,-54.37,260.10,189.14,31.94,-84.00,46.17,92.71,32.56,-44.53
IncomeNetGrossProfit_sq,,-45.22,67.44,-74.12,-38.45,-5.85,-2.70,-0.29,-35.47,15.29,45.49,-28.50,16.28,64.15,-58.17,-37.10,43.36,-55.65,19.61,13.16,47.92,-5.70,79.70,-25.48,3.63,31.43,-20.72,35.10,-43.68,31.24,-9.28,189.14,-68.08,76.05,-12.42,55.62,-40.82,-8.56
IncomeExtraordinarProfit,,,,,,,,,,,,,,,,,,,,,,,,,,,,,,,,,,,,,,
IncomeExtraordinarProfit_yy,,,,,,,,,,,,,,,,,,,,,,,,,,,,,,,,,,,,,,
IncomeExtraordinarProfit_sy,,,,,,,,,,,,,,,,,,,,,,,,,,,,,,,,,,,,,,
IncomeExtraordinarProfit_qq,,,,,,,,,,,,,,,,,,,,,,,,,,,,,,,,,,,,,,
IncomeExtraordinarProfit_sq,,,,,,,,,,,,,,,,,,,,,,,,,,,,,,,,,,,,,,
IncomeBeforeTaxProfit,9000,-201000,-22000,222000,95000,100000,-528000,43000,-104000,273000,4434000,2466000,1055000,495000,-85000,-395000,26000,505000,-21000,-231000,-120000,17000,6796000,3866000,1263000,1226000,237000,4860000,775000,353000,1273000,3680000,4855000,777000,1135000,2188000,2900000,1609000
IncomeBeforeTaxProfit_yy,,,,,955.56,149.75,-2300.00,-80.63,-209.47,173.00,939.77,5634.88,1114.42,81.32,-101.92,-116.02,-97.53,2.10,74.86,41.56,-561.68,-96.63,31906.75,1774.66,1150.83,7089.73,-96.51,25.71,-38.69,-71.17,435.94,-24.29,526.79,119.75,-10.80,-40.55,-40.27,107.13
IncomeBeforeTaxProfit_sy,,,,,37.06,33.21,62.12,48.18,-11.89,-35.27,-59.16,-15.56,-65.22,-17.56,-67.69,-0.76,78.71,-68.77,12.02,-58.16,-71.80,-33.65,25.56,8.64,47.17,96.76,7.44,21.98,55.87,9.48,17.91,47.26,-37.63,56.91,53.67,-4.01,65.77,13.12
IncomeBeforeTaxProfit_qq,,-2333.33,89.05,1109.09,-57.21,5.26,-628.00,108.14,-341.86,362.50,1524.18,-44.38,-57.22,-53.08,-117.17,-364.71,106.59,1840.97,-104.23,-980.52,47.92,114.18,39751.70,-43.11,-67.32,-2.95,-80.63,1946.70,-84.06,-54.37,260.10,189.14,31.94,-84.00,46.17,92.71,32.56,-44.53
IncomeBeforeTaxProfit_sq,,-45.22,67.44,-74.12,-38.45,-5.85,-2.70,-0.29,-35.47,15.29,45.49,-28.50,16.28,64.15,-58.17,-37.10,43.36,-55.65,19.61,13.16,47.92,-5.70,79.70,-25.48,3.63,31.43,-20.72,35.10,-43.68,31.24,-9.28,189.14,-68.08,76.05,-12.42,55.62,-40.82,-8.56
IncomeDiscontinuedProfit,,,,,,,,,,,,,,,,208000,,,,,,,,,,,,,,,,,,,,,,
IncomeDiscontinuedProfit_yy,,,,,,,,,,,,,,,,,,,,-100.00,,,,,,,,,,,,,,,,,,
IncomeDiscontinuedProfit_sy,,,,,,,,,,,,,,,,,,,,-93.93,,,,,,,,,,,,,,,,,,
IncomeDiscontinuedProfit_qq,,,,,,,,,,,,,,,,,-100.00,,,,,,,,,,,,,,,,,,,,,
IncomeDiscontinuedProfit_sq,,,,,,,,,,,,,,,,,-28.36,,,,,,,,,,,,,,,,,,,,,
IncomeNetProfit,9000,-201000,-22000,222000,95000,100000,-528000,-302000,-104000,273000,4415000,1109000,1037000,491000,-85000,-431000,26000,396000,-25000,-241000,-97000,14000,5481000,3129000,1042000,957000,195000,4034000,898000,405000,701000,3063000,4006000,572000,980000,1819000,2516000,1809000
IncomeNetProfit_yy,,,,,955.56,149.75,-2300.00,-236.04,-209.47,173.00,936.17,467.22,1097.12,79.85,-101.93,-138.86,-97.49,-19.35,70.99,43.97,-473.21,-96.37,22328.05,1395.93,1172.28,6550.59,-96.44,28.90,-13.83,-57.72,258.91,-24.07,346.12,41.34,39.77,-40.60,-37.19,216.27
IncomeNetProfit_sy,,,,,55.73,48.53,98.59,48.95,-8.36,-27.13,-53.02,56.14,-51.06,-39.96,-67.55,-11.50,78.53,-49.15,47.88,-13.16,-70.86,-48.66,-10.47,14.01,32.93,84.25,15.48,51.39,54.90,74.51,14.18,5.42,5.02,11.68,44.06,-14.19,44.78,20.03
IncomeNetProfit_qq,,-2333.33,89.05,1109.09,-57.21,5.26,-628.00,42.80,65.56,362.50,1517.22,-74.88,-6.49,-52.65,-117.31,-407.06,106.04,1420.85,-106.23,-879.24,59.76,114.81,37987.79,-42.91,-66.70,-8.15,-79.59,1964.82,-77.74,-54.94,73.28,336.81,30.79,-85.72,71.37,85.63,38.30,-28.11
IncomeNetProfit_sq,,-45.64,43.93,14.13,-43.29,-5.40,65.56,0.21,-17.66,12.03,57.87,-16.13,-46.38,36.40,-7.34,-45.73,-17.78,-62.86,26.64,7.40,24.88,24.26,82.52,-17.29,7.26,15.62,17.13,85.44,-57.27,23.52,-10.41,165.17,-66.45,73.45,-1.63,30.86,-32.24,-2.23
IncomeShareholderNetProfit,9000,-201000,-22000,222000,95000,100000,-528000,-302000,-104000,273000,4415000,1109000,1037000,491000,-85000,-431000,26000,396000,-25000,-241000,-97000,14000,5481000,3129000,1042000,957000,195000,4034000,898000,405000,701000,3063000,4006000,572000,980000,1819000,2516000,1809000
IncomeShareholderNetProfit_yy,,,,,955.56,149.75,-2300.00,-236.04,-209.47,173.00,936.17,467.22,1097.12,79.85,-101.93,-138.86,-97.49,-19.35,70.99,43.97,-473.21,-96.37,22328.05,1395.93,1172.28,6550.59,-96.44,28.90,-13.83,-57.72,258.91,-24.07,346.12,41.34,39.77,-40.60,-37.19,216.27
IncomeShareholderNetProfit_sy,,,,,66.14,48.79,98.63,48.33,-7.47,-27.26,-51.74,56.36,-48.39,-20.47,-70.24,-16.36,78.53,-49.15,67.04,-13.16,-64.85,-48.66,-12.17,13.85,27.26,75.17,20.02,41.42,46.07,74.50,7.03,5.42,5.02,11.68,44.06,-5.10,44.88,10.99
IncomeShareholderNetProfit_qq,,-2333.33,89.05,1109.09,-57.21,5.26,-628.00,42.80,65.56,362.50,1517.22,-74.88,-6.49,-52.65,-117.31,-407.06,106.04,1420.85,-106.23,-879.24,59.76,114.81,37987.79,-42.91,-66.70,-8.15,-79.59,1964.82,-77.74,-54.94,73.28,336.81,30.79,-85.72,71.37,85.63,38.30,-28.11
IncomeShareholderNetProfit_sq,,-45.65,43.93,18.88,-43.29,-5.40,49.44,-7.24,-17.72,19.12,57.87,6.56,-25.16,10.43,-12.28,-45.73,-17.68,-63.90,35.86,2.09,24.88,8.44,71.56,-14.28,1.50,15.62,17.13,85.44,-57.27,23.52,-10.42,165.70,-66.88,73.45,-3.66,37.18,-35.04,-7.42
BalanceNoncurrentAssets,,,,15082000,,,,,,,,,,,1033000,1237000,1221000,1716000,2702000,1617000,1675000,1996000,1787000,1701000,1667000,1628000,1485000,1581000,1547000,1813000,1736000,1635000,1415000,1440000,1344000,1209000,1207000,1186000
BalanceNoncurrentAssets_yy,,,,,,,,-100.00,,,,,,,,,,,161.58,30.76,37.20,16.33,-33.88,5.15,-0.51,-18.45,-16.89,-7.04,-7.20,11.35,16.89,3.40,-8.53,-20.59,-22.56,-26.07,-14.69,-17.65
BalanceNoncurrentAssets_sy,,,,,,,,2.08,,,,,,,,,,,-0.75,2.96,6.09,3.69,0.79,0.21,0.64,4.15,0.28,-3.38,-3.12,-1.81,-1.08,1.85,-0.61,-1.73,-1.45,3.43,6.44,4.34
BalanceNoncurrentAssets_qq,,,,,-100.00,,,,,,,,,,,19.75,-1.28,40.54,57.45,-40.14,3.58,19.16,-10.50,-4.81,-1.99,-2.33,-8.80,6.48,-2.16,17.19,-4.26,-5.81,-13.45,1.74,-6.64,-10.07,-0.12,-1.79
BalanceNoncurrentAssets_sq,,,,,-1.82,,,,,,,,,,,-1.92,1.77,3.10,0.22,0.23,0.44,,0.56,0.07,-0.12,0.79,0.40,0.13,0.86,1.20,-0.30,1.05,-0.89,1.89,1.78,1.19,0.80,0.70
BalanceIntangibleAssets,,,,,,,,,,,,,,,1000,,,,,,,,,,,,,,,,,,,,,,,
BalanceIntangibleAssets_yy,,,,,,,,,,,,,,,,,,,-100.00,,,,,,,,,,,,,,,,,,,
BalanceIntangibleAssets_sy,,,,,,,,,,,,,,,,,,,-27.57,,,,,,,,,,,,,,,,,,,
BalanceIntangibleAssets_qq,,,,,,,,,,,,,,,,-100.00,,,,,,,,,,,,,,,,,,,,,,
BalanceIntangibleAssets_sq,,,,,,,,,,,,,,,,-4.12,,,,,,,,,,,,,,,,,,,,,,
BalanceProperty,,,,7113000,,,,,,,,,,,1027000,1018000,1006000,1164000,1366000,1478000,1422000,1500000,1454000,1581000,1520000,1445000,1357000,1296000,1240000,1307000,1239000,1193000,1165000,1111000,1101000,1051000,1013000,985000
BalanceProperty_yy,,,,,,,,-100.00,,,,,,,,,,,32.99,45.17,41.34,28.86,6.48,7.00,6.87,-3.71,-6.70,-18.03,-18.38,-9.50,-8.68,-7.98,-6.06,-15.06,-11.16,-11.90,-13.06,-11.34
BalanceProperty_sy,,,,,,,,3.78,,,,,,,,,,,3.22,1.06,1.98,0.66,-2.42,-1.99,-0.17,3.62,-1.67,-4.75,-1.38,-2.75,-0.20,0.46,-0.28,-0.55,0.04,4.15,5.73,4.13
BalanceProperty_qq,,,,,-100.00,,,,,,,,,,,-0.88,-1.15,15.70,17.30,8.20,-3.76,5.49,-3.07,8.73,-3.88,-4.95,-6.08,-4.48,-4.29,5.40,-5.22,-3.75,-2.29,-4.70,-0.88,-4.54,-3.59,-2.81
BalanceProperty_sq,,,,,-1.77,,,,,,,,,,,-1.65,0.04,1.02,-0.26,-1.06,0.11,0.08,0.42,-0.12,-0.85,0.01,-0.31,0.14,-0.02,1.49,-0.36,1.25,-0.50,0.73,0.33,0.28,0.67,3.25
BalanceNoncurrentReceivables,,,,,,,,,,,,,,,0,179000,,509000,1293000,,,,,,,,,185000,170000,228000,235000,193000,,108000,73000,31000,12000,
BalanceNoncurrentReceivables_yy,,,,,,,,,,,,,,,,,,,,-100.00,,-100.00,-100.00,,,,,,,,,3.90,-100.00,-52.75,-68.91,-84.13,,-100.00
BalanceNoncurrentReceivables_sy,,,,,,,,,,,,,,,,,,,,-82.63,,-86.42,-47.93,,,,,,,,,3.61,0.57,0.22,-1.57,0.88,,-1.90
BalanceNoncurrentReceivables_qq,,,,,,,,,,,,,,,,,-100.00,,154.10,-100.00,,,,,,,,,-8.19,33.74,3.30,-18.09,-100.00,,-32.04,-58.17,-60.00,-100.00
BalanceNoncurrentReceivables_sq,,,,,,,,,,,,,,,,,,,0.90,-13.11,,,,,,,,,,5.30,,0.73,,,-0.96,-0.91,-0.54,1.08
BalanceNoncurrInvestments,,,,7969000,,,,,,,,,,,5000,31000,210000,38000,43000,42000,45000,335000,315000,84000,88000,91000,92000,98000,97000,99000,99000,90000,90000,92000,86000,81000,88000,84000
BalanceNoncurrInvestments_yy,,,,,,,,-100.00,,,,,,,,,,,755.80,34.86,-78.58,773.82,636.76,100.69,94.92,-72.78,-70.70,16.41,10.89,8.10,6.81,-8.14,-7.67,-7.02,-12.87,-10.00,-1.79,-8.68
BalanceNoncurrInvestments_sy,,,,,,,,4.32,,,,,,,,,,,0.10,4.40,1.22,5.96,11.74,-1.96,6.64,8.75,-3.86,6.28,1.63,-5.89,-8.04,-18.28,-14.32,-25.50,-17.26,-3.65,-1.79,-1.50
BalanceNoncurrInvestments_qq,,,,,-100.00,,,,,,,,,,,520.00,577.02,-81.71,11.50,-2.29,7.53,645.89,-5.99,-73.39,4.44,4.17,1.21,5.72,-0.50,1.54,,-9.07,,2.26,-6.28,-6.08,9.12,-4.92
BalanceNoncurrInvestments_sq,,,,,,,,,,,,,,,,-11.15,0.82,1.14,,0.50,,0.14,0.49,-4.96,1.48,0.80,1.21,-2.49,0.14,,,-9.68,,,,-0.30,0.32,-2.02
BalanceOtherNoncurrentAssets,,,,,,,,,,,,,,,0,9000,5000,5000,1000,98000,208000,161000,17000,36000,59000,92000,36000,2000,39000,179000,163000,160000,160000,130000,84000,47000,94000,117000
BalanceOtherNoncurrentAssets_yy,,,,,,,,,,,,,,,,,,,,987.28,4076.43,3310.46,2038.78,-63.54,-71.45,-42.63,108.00,-94.27,-33.95,94.55,356.60,7727.98,307.49,-27.58,-48.28,-70.87,-41.38,-9.78
BalanceOtherNoncurrentAssets_sy,,,,,,,,,,,,,,,,,,,,-0.91,6.12,10.74,-0.38,-1.74,11.50,-26.17,-0.05,1.52,0.93,6.21,15.42,-5.84,-1.08,-10.93,0.76,2.62,-1.94,2.36
BalanceOtherNoncurrentAssets_qq,,,,,,,,,,,,,,,,,-44.60,-5.48,-82.98,12101.37,112.80,-22.81,-89.33,108.00,66.61,55.12,-61.31,-94.27,1821.04,356.88,-9.19,-1.79,,-18.80,-35.14,-44.68,101.21,24.97
BalanceOtherNoncurrentAssets_sq,,,,,,,,,,,,,,,,,-0.98,1.44,1.11,-6.88,0.44,6.16,-3.51,2.50,1.58,-2.94,0.02,8.40,-0.37,2.50,-1.56,-4.90,,-1.84,2.45,1.15,-0.37,3.86
BalanceCurrentAssets,,,,4020000,,,,,,,,,,,29593000,28111000,28836000,27770000,25641000,32050000,40315000,54017000,38390000,35832000,42815000,48864000,55648000,58385000,58541000,74406000,74402000,87465000,77941000,82271000,78636000,75652000,77048000,89111000
BalanceCurrentAssets_yy,,,,,,,,-100.00,,,,,,,,,,,-13.36,14.01,39.81,94.52,49.72,11.80,6.20,-9.54,44.95,62.94,36.73,52.27,33.70,49.81,33.14,10.57,5.69,-13.51,-1.15,8.31
BalanceCurrentAssets_sy,,,,,,,,-10.35,,,,,,,,,,,-6.03,0.13,-2.58,-1.21,1.93,4.26,4.28,10.76,7.03,1.12,-1.91,-3.57,1.18,5.70,14.16,12.40,13.98,13.28,13.37,13.97
BalanceCurrentAssets_qq,,,,,-100.00,,,,,,,,,,,-5.01,2.58,-3.70,-7.67,25.00,25.79,33.99,-28.93,-6.66,19.49,14.13,13.88,4.92,0.27,27.10,-0.01,17.56,-10.89,5.56,-4.42,-3.80,1.85,15.66
BalanceCurrentAssets_sq,,,,,-6.89,,,,,,,,,,,-3.32,-3.09,0.77,-0.68,,-1.76,-2.30,3.40,2.88,0.87,1.06,-1.20,-5.39,0.03,3.98,2.05,-3.88,5.43,4.15,3.30,0.85,2.58,1.20
BalanceInventory,,,,3145000,,,,,,,,,,,26102000,25824000,26762000,25771000,23051000,26730000,31567000,37131000,33705000,30646000,35269000,40054000,48066000,47121000,46830000,64248000,69712000,66260000,60127000,62886000,62090000,61144000,61780000,72342000
BalanceInventory_yy,,,,,,,,-100.00,,,,,,,,,,,-11.69,3.51,17.96,44.08,46.22,14.65,11.73,7.87,42.61,53.76,32.78,60.40,45.03,40.62,28.40,-2.12,-10.93,-7.72,2.75,15.04
BalanceInventory_sy,,,,,,,,-16.10,,,,,,,,,,,-8.90,-9.10,-9.58,-8.50,-12.60,-8.72,-2.13,-2.06,-3.43,-3.72,-10.98,-5.84,-1.44,10.48,6.00,8.83,2.22,-0.09,3.72,5.89
BalanceInventory_qq,,,,,-100.00,,,,,,,,,,,-1.07,3.63,-3.70,-10.56,15.96,18.10,17.63,-9.23,-9.08,15.08,13.57,20.00,-1.97,-0.62,37.19,8.50,-4.95,-9.26,4.59,-1.26,-1.52,1.04,17.10
BalanceInventory_sq,,,,,-3.80,,,,,,,,,,,-3.61,-3.30,0.09,0.14,-4.61,-1.70,0.26,-0.21,-5.56,0.45,-0.09,0.11,-6.19,-0.50,2.90,3.36,-3.38,0.12,3.42,1.78,-1.52,0.12,1.45
BalanceCurrentReceivables,,,,489000,,,,,,,,,,,619000,1443000,244000,716000,1082000,2449000,2523000,2707000,3273000,738000,2302000,2650000,1463000,4984000,4335000,6178000,1512000,12408000,12711000,12369000,13922000,12962000,12983000,13050000
BalanceCurrentReceivables_yy,,,,,,,,-100.00,,,,,,,,,,,74.75,69.73,935.25,277.82,202.60,-69.87,-8.78,-2.08,-55.31,575.43,88.37,133.08,3.33,148.96,193.18,100.22,821.00,4.46,2.14,5.51
BalanceCurrentReceivables_sy,,,,,,,,4.64,,,,,,,,,,,12.70,16.64,11.89,-2.60,19.57,-10.19,5.94,27.92,4.52,-4.14,-14.17,-2.48,-2.41,-6.18,7.62,-3.14,10.40,7.54,14.28,19.21
BalanceCurrentReceivables_qq,,,,,-100.00,,,,,,,,,,,133.12,-83.11,193.95,50.99,126.41,3.02,7.28,20.93,-77.46,211.92,15.16,-44.81,240.70,-13.01,42.49,-75.53,720.84,2.44,-2.69,12.56,-6.90,0.16,0.52
BalanceCurrentReceivables_sq,,,,,-6.46,,,,,,,,,,,-6.54,-1.90,9.86,2.12,8.59,-0.09,-5.40,12.25,-4.64,9.95,5.15,-1.89,-6.97,0.75,-1.98,-1.46,-10.90,4.85,-3.16,10.31,-3.49,7.13,2.39
BalanceCurrentInvestments,,,,,,,,,,,,,,,,,,,,,,139000,29000,1246000,36000,25000,,999000,1705000,289000,889000,,,,483000,,,
BalanceCurrentInvestments_yy,,,,,,,,,,,,,,,,,,,,,,,,,,-82.27,-100.00,-19.79,4670.38,1070.90,,-100.00,-100.00,-100.00,-45.63,,,
BalanceCurrentInvestments_sy,,,,,,,,,,,,,,,,,,,,,,,,,,-13.21,-13.36,-18.33,-17.25,-1.61,,-38.65,-1.69,-7.42,8.29,,,
BalanceCurrentInvestments_qq,,,,,,,,,,,,,,,,,,,,,,,-79.03,4172.78,-97.13,-31.01,-100.00,,70.56,-83.07,207.80,-100.00,,,,-100.00,,
BalanceCurrentInvestments_sq,,,,,,,,,,,,,,,,,,,,,,,-1.28,-7.19,-0.69,-3.66,-2.17,,-2.08,4.33,-1.16,,,,,-3.00,,
BalanceCash,,,,15000,,,,,,,,,,,2763000,794000,1759000,1234000,1468000,2843000,6167000,14040000,1382000,3202000,5209000,6135000,6097000,5281000,5671000,3692000,2290000,8115000,4759000,6433000,2141000,1382000,2273000,3534000
BalanceCash_yy,,,,,,,,-100.00,,,,,,,,,,,-46.89,258.05,250.56,1038.11,-5.81,12.63,-15.54,-56.30,341.12,64.92,8.87,-39.82,-62.44,53.68,-16.09,74.23,-6.51,-82.97,-52.24,-45.06
BalanceCash_sy,,,,,,,,52.86,,,,,,,,,,,10.88,16.34,24.49,6.73,-2.98,7.76,-12.40,-5.70,-5.60,-3.37,3.56,5.38,10.24,-18.20,27.96,12.58,16.66,10.20,17.00,23.06
BalanceCash_qq,,,,,-100.00,,,,,,,,,,,-71.26,121.57,-29.88,18.96,93.72,116.94,127.65,-90.15,131.66,62.68,17.77,-0.61,-13.39,7.40,-34.90,-37.97,254.37,-41.36,35.18,-66.72,-35.45,64.46,55.51
BalanceCash_sq,,,,,5.80,,,,,,,,,,,5.14,-6.67,-1.98,-5.14,4.76,1.70,1.67,-0.04,27.72,-7.48,-2.46,-1.93,11.28,-15.98,10.42,4.48,5.33,0.32,-0.77,-12.91,21.11,9.24,5.57
BalanceOtherCurrentAssets,,,,371000,,,,,,,,,,,109000,50000,72000,49000,41000,28000,57000,,,,,,22000,152000,152000,271000,271000,948000,612000,684000,100000,264000,112000,284000
BalanceOtherCurrentAssets_yy,,,,,,,,-100.00,,,,,,,,,,,-62.51,-44.41,-20.00,-100.00,-100.00,-100.00,-100.00,,,,,,1155.25,523.88,302.39,152.72,-62.93,-72.16,-81.65,-58.41
BalanceOtherCurrentAssets_sy,,,,,,,,-2.92,,,,,,,,,,,3.70,-14.34,-5.06,-18.12,-10.82,-23.43,-32.76,,,,,,-5.26,-0.12,-8.68,-8.64,2.50,23.05,0.07,-9.55
BalanceOtherCurrentAssets_qq,,,,,-100.00,,,,,,,,,,,-54.13,43.03,-31.99,-15.98,-31.98,105.83,-100.00,,,,,,605.09,,78.03,,250.44,-35.50,11.81,-85.33,163.12,-57.48,153.39
BalanceOtherCurrentAssets_sq,,,,,41.33,,,,,,,,,,,-28.98,34.21,-22.10,-25.85,-30.35,61.20,-27.85,,,,,,-25.60,,-9.66,,-16.77,45.41,-7.35,-8.62,-20.65,71.39,-16.97
BalanceAssetsForSale,,,,,,,,,,,,,,,,,,,,,,,,,,,,,,,,,,,,,,
BalanceAssetsForSale_yy,,,,,,,,,,,,,,,,,,,,,,,,,,,,,,,,,,,,,,
BalanceAssetsForSale_sy,,,,,,,,,,,,,,,,,,,,,,,,,,,,,,,,,,,,,,
BalanceAssetsForSale_qq,,,,,,,,,,,,,,,,,,,,,,,,,,,,,,,,,,,,,,
BalanceAssetsForSale_sq,,,,,,,,,,,,,,,,,,,,,,,,,,,,,,,,,,,,,,
BalanceTotalAssets,19985000,19166000,19050000,19102000,19002000,19169000,28278000,38834000,43066000,19188000,33891000,26403000,31819000,26230000,30626000,29348000,30057000,29486000,28343000,33667000,41990000,56013000,40177000,37533000,44482000,50493000,57133000,60118000,60240000,76490000,76408000,89367000,79623000,83811000,80080000,76961000,78355000,90397000
BalanceTotalAssets_yy,,,,,-4.92,0.02,48.44,103.30,126.64,0.10,19.85,-32.01,-26.12,36.70,-9.63,11.15,-5.54,12.41,-7.46,14.72,39.70,89.97,41.75,11.48,5.93,-9.86,42.20,60.18,35.43,51.49,33.74,48.65,32.18,9.57,4.81,-13.88,-1.59,7.86
BalanceTotalAssets_sy,,,,,-8.16,-2.20,5.19,0.29,5.56,5.01,19.85,4.51,2.50,-0.09,15.98,-4.77,-3.06,-3.40,-3.17,-1.75,-2.26,0.01,0.77,1.13,-2.17,5.92,6.88,0.10,2.38,0.75,1.64,5.60,6.24,5.49,4.88,6.00,8.82,8.67
BalanceTotalAssets_qq,,-4.10,-0.61,0.27,-0.52,0.88,47.52,37.33,10.90,-55.45,76.63,-22.09,20.51,-17.56,16.76,-4.17,2.42,-1.90,-3.88,18.79,24.72,33.40,-28.27,-6.58,18.52,13.51,13.15,5.23,0.20,26.97,-0.11,16.96,-10.90,5.26,-4.45,-3.90,1.81,15.37
BalanceTotalAssets_sq,,-1.58,-100.00,0.27,-3.61,4.70,-100.00,37.33,0.74,2.00,-100.00,2.00,-0.58,1.45,-4.28,-1.85,-0.26,1.13,1.10,-0.52,0.37,-0.61,1.18,1.07,0.20,0.96,0.23,-0.28,0.20,2.08,0.62,0.43,0.34,1.87,2.10,1.34,2.38,3.62
BalanceCapital,15105000,15264000,15243000,15449000,15587000,15589000,14941000,14584000,14550000,15875000,19217000,21883000,27538000,23106000,23018000,19708000,21458000,19568000,19551000,19312000,19705000,18361000,23822000,27748000,28728000,26725000,26921000,31467000,31441000,29438000,30140000,33253000,35856000,34515000,35493000,36822000,38022000,37476000
BalanceCapital_yy,,,,,3.19,2.13,-1.98,-5.60,-6.65,1.83,28.62,50.05,89.26,45.55,19.78,-9.94,-22.08,-15.31,-15.06,-2.01,-8.17,-6.17,21.85,43.68,45.79,45.55,13.01,13.40,9.44,10.15,11.96,5.68,14.04,17.25,17.76,10.73,6.04,8.58
BalanceCapital_sy,,,,,2.74,3.78,7.07,5.54,9.72,8.24,28.62,7.30,4.63,3.00,2.57,-1.00,0.83,0.04,-2.50,0.79,3.10,-1.94,2.54,0.17,-0.14,2.80,0.67,2.69,3.44,3.49,2.52,4.20,4.89,3.44,6.36,4.34,6.00,5.53
BalanceCapital_qq,,1.05,-0.14,1.35,0.89,0.01,-4.16,-2.39,-0.23,9.11,21.05,13.87,25.84,-16.09,-0.38,-14.38,8.88,-8.81,-0.09,-1.22,2.04,-6.82,29.74,16.48,3.53,-6.97,0.73,16.89,-0.08,-6.37,2.38,10.33,7.83,-3.74,2.83,3.74,3.26,-1.44
BalanceCapital_sq,,0.49,-100.00,1.35,0.89,1.08,-100.00,0.57,1.19,,-100.00,0.91,-0.30,0.66,-4.82,-2.96,0.44,-0.17,0.10,0.74,0.71,-1.29,0.87,-0.57,-0.45,0.06,1.01,2.44,0.47,-0.36,0.14,1.89,-0.09,-1.20,1.99,2.84,1.14,-1.17
BalanceShareCapital,,,,10823000,,,,,,,,,,,10823000,10823000,10823000,10823000,10823000,10823000,10823000,10823000,10823000,10823000,10823000,10823000,10823000,10823000,10823000,10823000,10823000,10823000,10823000,10823000,10823000,10823000,10823000,10823000
BalanceShareCapital_yy,,,,,,,,-100.00,,,,,,,,,,,,,,,,,,,,,,,,,,,,,,
BalanceShareCapital_sy,,,,,,,,,,,,,,,,,,,,,,,,,,,,,,,,,,,,,,
BalanceShareCapital_qq,,,,,-100.00,,,,,,,,,,,,,,,,,,,,,,,,,,,,,,,,,
BalanceShareCapital_sq,,,,,,,,,,,,,,,,,,,,,,,,,,,,,,,,,,,,,,
BalanceOwnShares,,,,,,,,,,,,,,,-52000,-44000,-44000,-53000,-53000,-53000,-53000,-53000,-53000,-53000,-114000,-152000,-152000,,,,,,,-100000,,,,
BalanceOwnShares_yy,,,,,,,,,,,,,,,,,,,-1.30,-19.72,-20.02,,,,-116.73,-188.54,-188.54,100.00,100.00,100.00,100.00,,,,,,,100.00
BalanceOwnShares_sy,,,,,,,,,,,,,,,,,,,-1.30,-0.17,,,,,0.98,,-0.04,45.42,50.00,63.16,26.33,,,,,,,
BalanceOwnShares_qq,,,,,,,,,,,,,,,,15.38,0.25,-20.02,,,,,,,-116.73,-33.14,,100.00,,,,,,,100.00,,,
BalanceOwnShares_sq,,,,,,,,,,,,,,,,,,-0.08,,,,,,,,-1.29,,,,,,,,,,,,
BalanceReserve,,,,5000000,,,,,,,,,,,5000000,9074000,9118000,8737000,8731000,8733000,8733000,8156000,7845000,8831000,3464000,14124000,14124000,14485000,7660000,17576000,17569000,17620000,17620000,20746000,20744000,20254000,16821000,24798000
BalanceReserve_yy,,,,,,,,-100.00,,,,,,,,,,,74.61,-3.76,-4.22,-6.65,-10.15,1.12,-60.33,73.19,80.05,64.02,121.13,24.44,24.39,21.64,130.02,18.04,18.07,14.95,-4.53,19.53
BalanceReserve_sy,,,,,,,,2.03,,,,,,,,,,,0.46,,0.04,0.04,3.01,1.74,0.15,0.34,0.87,2.89,2.35,1.93,1.64,1.89,1.24,0.52,0.82,0.60,0.69,0.74
BalanceReserve_qq,,,,,-100.00,,,,,,,,,,,81.48,0.49,-4.18,-0.07,0.03,,-6.61,-3.81,12.57,-60.77,307.73,,2.55,-47.12,129.44,-0.04,0.29,,17.74,-0.01,-2.36,-16.95,47.42
BalanceReserve_sq,,,,,,,,,,,,,,,,,,0.42,,,,0.32,,,,1.20,,,,0.07,,,,0.20,,,,0.10
BalanceNonshareCapital,,,,,,,,,,,,,,,,,,,,,,,,,,,,,,,,,,,,,,
BalanceNonshareCapital_yy,,,,,,,,,,,,,,,,,,,,,,,,,,,,,,,,,,,,,,
BalanceNonshareCapital_sy,,,,,,,,,,,,,,,,,,,,,,,,,,,,,,,,,,,,,,
BalanceNonshareCapital_qq,,,,,,,,,,,,,,,,,,,,,,,,,,,,,,,,,,,,,,
BalanceNonshareCapital_sq,,,,,,,,,,,,,,,,,,,,,,,,,,,,,,,,,,,,,,
BalanceNoncurrentLiabilities,3110000,2690000,2662000,2746000,3117000,2717000,13337000,10236000,25643000,2714000,5952000,3370000,3130000,929000,1634000,2691000,2684000,2535000,5470000,9259000,13982000,21044000,3962000,4853000,11306000,14346000,19635000,13128000,16602000,33650000,39606000,45426000,39088000,31296000,31221000,17126000,18185000,11066000
BalanceNoncurrentLiabilities_yy,,,,,0.23,1.00,401.01,272.76,722.68,-0.11,-55.37,-67.08,-87.79,-65.77,-72.55,-20.15,-14.24,172.87,234.79,244.08,420.88,730.16,-27.57,-47.59,-19.14,-31.83,395.51,170.50,46.84,134.56,101.72,246.03,135.44,-7.00,-21.17,-62.30,-53.48,-64.64
BalanceNoncurrentLiabilities_sy,,,,,-8.98,-2.97,39.50,4.36,8.25,1.75,24.32,2.24,6.13,3.18,21.94,-1.69,1.56,1.39,-4.44,1.33,3.33,5.36,7.42,6.52,-11.09,-3.68,5.18,-14.27,-18.92,-0.34,1.28,4.04,2.92,0.25,-3.30,-3.30,7.00,9.06
BalanceNoncurrentLiabilities_qq,,-13.50,-1.04,3.16,13.51,-12.83,390.87,-23.25,150.52,-89.42,119.31,-43.38,-7.12,-70.32,75.89,64.69,-0.25,-5.56,115.80,69.26,51.00,50.51,-81.17,22.47,132.97,26.88,36.86,-33.14,26.46,102.69,17.70,14.69,-13.95,-19.93,-0.24,-45.14,6.18,-39.15
BalanceNoncurrentLiabilities_sq,,-3.94,-100.00,3.16,1.05,4.37,-100.00,24.28,0.98,1.21,-100.00,10.23,-1.55,2.99,-10.54,-1.23,0.30,-1.42,-0.48,-2.52,1.93,1.00,0.40,2.94,-4.28,2.70,-0.04,-2.61,0.65,-0.17,2.90,1.10,-3.36,-0.42,0.89,-0.47,1.57,1.42
BalanceNoncurrentTradeLiabilities,,,,2746000,,,,,,,,,,,,,,,,,,71000,101000,60000,51000,43000,,10577000,10577000,18666000,18649000,18041000,18534000,18610000,18557000,8574000,8039000,31000
BalanceNoncurrentTradeLiabilities_yy,,,,,,,,-100.00,,,,,,,,,,,,,,,,,,-39.77,-100.00,17638.39,20592.31,43712.64,,70.57,75.24,-0.30,-0.49,-52.47,-56.62,-99.83
BalanceNoncurrentTradeLiabilities_sy,,,,,,,,-98.38,,,,,,,,,,,,,,,,,,-8.74,10.80,16.54,-11.84,0.20,,33.46,46.58,-1.04,-2.61,-4.48,-4.42,-3.63
BalanceNoncurrentTradeLiabilities_qq,,,,,-100.00,,,,,,,,,,,,,,,,,,42.12,-40.68,-14.28,-16.65,-100.00,,,76.47,-0.09,-3.26,2.74,0.41,-0.29,-53.80,-6.24,-99.61
BalanceNoncurrentTradeLiabilities_sq,,,,,-62.16,,,,,,,,,,,,,,,,,,-4.30,-1.64,-9.76,6.15,0.27,,,49.26,-0.09,-4.98,0.11,1.04,0.38,-9.61,3.99,0.75
BalanceNoncurrentBorrowings,,,,,,,,,,,,,,,1634000,1282000,861000,831000,3888000,7779000,12229000,19798000,1097000,3340000,8320000,12847000,16757000,594000,4279000,12907000,18087000,25165000,18334000,10472000,10450000,6123000,7755000,9147000
BalanceNoncurrentBorrowings_yy,,,,,,,,,,,,,,,,,,,137.95,506.81,1320.39,2281.64,-71.78,-57.07,-31.97,-35.11,1427.02,-82.21,-48.57,0.47,7.94,4136.61,328.46,-18.87,-42.22,-75.67,-57.70,-12.65
BalanceNoncurrentBorrowings_sy,,,,,,,,,,,,,,,,,,,-16.81,0.80,2.47,-4.59,4.53,-4.61,-10.13,8.58,6.63,-16.66,-21.01,-9.84,-8.64,4.67,2.66,-1.07,-2.00,-9.24,5.46,7.64
BalanceNoncurrentBorrowings_qq,,,,,,,,,,,,,,,,-21.54,-32.84,-3.45,367.73,100.08,57.20,61.89,-94.46,204.33,149.13,54.41,30.43,-96.46,620.37,201.65,40.13,39.13,-27.15,-42.88,-0.21,-41.41,26.65,17.96
BalanceNoncurrentBorrowings_sq,,,,,,,,,,,,,,,,-6.14,-0.73,-2.83,-2.99,-3.64,0.98,1.43,,-3.07,0.17,1.03,-0.10,-6.42,0.09,-1.13,3.40,2.08,-3.71,-2.11,0.80,-3.38,0.64,1.82
BalanceNoncurrentObligations,,,,,,,,,,,,,,,,,,,,,,,,,,,,,,,,,,,,,,
BalanceNoncurrentObligations_yy,,,,,,,,,,,,,,,,,,,,,,,,,,,,,,,,,,,,,,
BalanceNoncurrentObligations_sy,,,,,,,,,,,,,,,,,,,,,,,,,,,,,,,,,,,,,,
BalanceNoncurrentObligations_qq,,,,,,,,,,,,,,,,,,,,,,,,,,,,,,,,,,,,,,
BalanceNoncurrentObligations_sq,,,,,,,,,,,,,,,,,,,,,,,,,,,,,,,,,,,,,,
BalanceNoncurrentLeasing,,,,,,,,,,,,,,,,,,,,,,,,,,,,,,,,,,,,,,
BalanceNoncurrentLeasing_yy,,,,,,,,,,,,,,,,,,,,,,,,,,,,,,,,,,,,,,
BalanceNoncurrentLeasing_sy,,,,,,,,,,,,,,,,,,,,,,,,,,,,,,,,,,,,,,
BalanceNoncurrentLeasing_qq,,,,,,,,,,,,,,,,,,,,,,,,,,,,,,,,,,,,,,
BalanceNoncurrentLeasing_sq,,,,,,,,,,,,,,,,,,,,,,,,,,,,,,,,,,,,,,
BalanceNoncurrentOtherLiabilities,,,,,,,,,,,,,,,0,1409000,1823000,1704000,1582000,1480000,1753000,1175000,2765000,1454000,2935000,1456000,2877000,1957000,1746000,2077000,2869000,2220000,2220000,2213000,2214000,2429000,2391000,1888000
BalanceNoncurrentOtherLiabilities_yy,,,,,,,,,,,,,,,,,,,,5.03,-3.88,-31.01,74.71,-1.77,67.47,23.88,4.07,34.61,-40.51,42.65,-0.27,13.44,27.14,6.55,-22.85,9.43,7.72,-14.70
BalanceNoncurrentOtherLiabilities_sy,,,,,,,,,,,,,,,,,,,,-4.72,-3.14,-13.52,-19.00,-1.77,-3.40,0.97,4.37,-1.29,-3.52,3.02,1.85,4.66,2.20,6.55,5.62,25.84,21.41,15.39
BalanceNoncurrentOtherLiabilities_qq,,,,,,,,,,,,,,,,,29.40,-6.56,-7.12,-6.48,18.43,-32.93,135.20,-47.42,101.91,-50.39,97.59,-31.99,-10.78,18.97,38.14,-22.64,,-0.30,0.03,9.73,-1.56,-21.05
BalanceNoncurrentOtherLiabilities_sq,,,,,,,,,,,,,,,,,0.11,-2.16,-0.48,-1.85,1.49,-2.82,-0.15,1.14,-0.10,2.45,0.96,-0.36,1.89,3.29,2.06,-2.78,,5.25,2.97,3.28,2.22,3.31
BalanceCurrentLiabilities,1770000,1212000,1145000,906000,298000,863000,,14014000,2873000,599000,8722000,1150000,1151000,2195000,5974000,6949000,5915000,7383000,3322000,5097000,8304000,16608000,12393000,4932000,4448000,9421000,10577000,15523000,12198000,13401000,6663000,10687000,4680000,18000000,13366000,23012000,22148000,41855000
BalanceCurrentLiabilities_yy,,,,,-83.16,-28.80,-100.00,1446.80,864.09,-30.59,,-91.79,-59.94,266.44,-31.51,504.26,413.89,236.34,-44.40,-26.66,40.38,124.96,273.10,-3.23,-46.44,-43.27,-14.65,214.75,174.25,42.24,-37.01,-31.15,-61.63,34.31,100.60,115.32,373.27,132.53
BalanceCurrentLiabilities_sy,,,,,-22.58,-7.17,-32.45,-14.67,9.71,0.89,,8.91,16.86,14.61,15.86,-7.97,-14.04,-2.90,-1.62,-4.62,7.78,-2.18,10.21,1.44,12.62,8.96,-7.62,0.32,0.51,21.58,12.61,-4.84,-5.28,-7.27,16.88,17.42,15.40,9.42
BalanceCurrentLiabilities_qq,,-31.53,-5.53,-20.87,-67.11,189.60,-100.00,,-79.50,-79.15,1356.09,-86.81,0.09,90.70,172.16,16.32,-14.88,24.81,-55.01,53.44,62.92,100.01,-25.38,-60.20,-9.82,111.83,12.27,46.76,-21.42,9.87,-50.28,60.40,-56.21,284.63,-25.74,72.17,-3.75,88.98
BalanceCurrentLiabilities_sq,,1.47,-100.00,-8.07,-14.13,11.93,-100.00,,-9.20,4.18,-100.00,0.54,-5.40,2.68,-16.66,6.47,-14.98,13.92,6.70,0.05,-2.55,3.94,1.74,-3.11,3.73,6.02,-0.58,1.41,4.57,9.98,-5.45,-7.26,5.34,6.44,-0.94,9.29,0.56,10.26
BalanceCurrentTradePayablesv,,,,906000,,,,,,,,,,,3650000,3761000,3549000,5190000,1571000,1551000,7132000,15299000,9664000,2727000,2968000,7935000,6409000,1684000,2121000,5719000,2007000,3065000,1716000,3675000,4082000,13343000,12405000,24262000
BalanceCurrentTradePayablesv_yy,,,,,,,,-100.00,,,,,,,,,,,-56.95,-58.76,100.95,194.78,515.06,75.81,-58.39,-48.13,-33.68,-38.26,-28.53,-27.93,-68.68,82.06,-19.08,-35.73,103.37,335.28,622.69,560.15
BalanceCurrentTradePayablesv_sy,,,,,,,,-24.20,,,,,,,,,,,-1.35,-14.18,10.17,-1.52,5.16,-5.00,12.66,14.06,5.32,-4.27,-13.78,-3.52,-3.52,6.47,7.76,15.49,27.16,23.08,17.70,11.54
BalanceCurrentTradePayablesv_qq,,,,,-100.00,,,,,,,,,,,3.04,-5.63,46.22,-69.72,-1.28,359.77,114.51,-36.83,-71.78,8.83,167.34,-19.22,-73.73,25.97,169.60,-64.90,52.72,-44.01,114.12,11.07,226.87,-7.04,95.59
BalanceCurrentTradePayablesv_sq,,,,,-14.78,,,,,,,,,,,19.09,-16.34,16.71,-1.06,0.86,-3.69,-0.02,-2.20,0.12,3.38,6.73,-8.43,-13.68,-7.76,10.87,-3.36,11.69,5.44,3.35,-0.36,-1.09,0.96,12.55
BalanceCurrentBorrowings,,,,,,,,,,,,,,,1309000,1336000,1732000,1435000,843000,1861000,1113000,1245000,1245000,617000,186000,186000,220000,9382000,6639000,3621000,87000,87000,87000,11410000,5686000,7333000,5984000,10346000
BalanceCurrentBorrowings_yy,,,,,,,,,,,,,,,,,,,-35.63,39.27,-35.71,-13.26,47.75,-66.82,-83.25,-85.03,-82.29,1419.84,3460.87,1842.11,-60.58,-99.07,-98.69,215.13,6442.74,8337.21,6785.07,-9.33
BalanceCurrentBorrowings_sy,,,,,,,,,,,,,,,,,,,-7.88,1.70,-11.60,-11.81,-20.38,-20.88,0.96,1.04,-11.16,-30.69,-54.64,-32.94,-33.41,-16.00,-28.91,-6.35,4.11,30.83,16.05,-7.80
BalanceCurrentBorrowings_qq,,,,,,,,,,,,,,,,2.06,29.61,-17.11,-41.29,120.81,-40.17,11.84,,-50.42,-69.80,,18.26,4154.89,-29.23,-45.46,-97.60,,,13028.74,-50.16,28.96,-18.40,72.89
BalanceCurrentBorrowings_sq,,,,,,,,,,,,,,,,1.81,-4.68,2.87,-4.06,-0.15,-0.58,2.49,,-10.54,3.96,,-0.09,-24.42,-1.88,1.36,-12.66,,,5.80,1.72,5.06,-3.13,2.46
BalanceCurrentObligations,,,,,,,,,,,,,,,,,,,,,,,,,,,,,,,,,,,,,,
BalanceCurrentObligations_yy,,,,,,,,,,,,,,,,,,,,,,,,,,,,,,,,,,,,,,
BalanceCurrentObligations_sy,,,,,,,,,,,,,,,,,,,,,,,,,,,,,,,,,,,,,,
BalanceCurrentObligations_qq,,,,,,,,,,,,,,,,,,,,,,,,,,,,,,,,,,,,,,
BalanceCurrentObligations_sq,,,,,,,,,,,,,,,,,,,,,,,,,,,,,,,,,,,,,,
BalanceCurrentLeasing,,,,,,,,,,,,,,,,,,,,,,,,,,,,,,,,,,,,,,
BalanceCurrentLeasing_yy,,,,,,,,,,,,,,,,,,,,,,,,,,,,,,,,,,,,,,
BalanceCurrentLeasing_sy,,,,,,,,,,,,,,,,,,,,,,,,,,,,,,,,,,,,,,
BalanceCurrentLeasing_qq,,,,,,,,,,,,,,,,,,,,,,,,,,,,,,,,,,,,,,
BalanceCurrentLeasing_sq,,,,,,,,,,,,,,,,,,,,,,,,,,,,,,,,,,,,,,
BalanceCurrentOtherLiabilities,,,,,,,,,,,,,,,1015000,1852000,634000,757000,908000,1685000,58000,65000,1484000,1588000,1293000,1300000,,4458000,3438000,4062000,4569000,7535000,2876000,2914000,3598000,2336000,3760000,7247000
BalanceCurrentOtherLiabilities_yy,,,,,,,,,,,,,,,,,,,-10.57,-9.03,-90.80,-91.48,63.44,-5.77,2117.98,1914.98,-100.00,180.81,165.82,212.40,,69.03,-16.33,-28.25,-21.26,-69.00,30.70,148.69
BalanceCurrentOtherLiabilities_sy,,,,,,,,,,,,,,,,,,,7.40,-0.36,5.48,,-3.52,,5.96,21.42,0.76,13.62,2.81,8.82,,-4.53,-11.48,-9.45,-3.86,-4.74,11.18,11.08
BalanceCurrentOtherLiabilities_qq,,,,,,,,,,,,,,,,82.46,-65.77,19.46,19.84,85.61,-96.54,10.67,2199.06,7.01,-18.54,0.54,-100.00,,-22.88,18.15,12.48,64.92,-61.83,1.31,23.45,-35.07,60.96,92.76
BalanceCurrentOtherLiabilities_sq,,,,,,,,,,,,,,,,4.28,-10.58,17.94,-1.10,-0.18,-0.37,-0.32,0.22,0.10,-0.65,9.23,-1.32,,0.12,1.80,-0.98,-6.49,-2.72,-0.38,2.73,7.43,-2.84,-3.99
BalanceReckoning,,,,,,,,,,,,,,,,,,,,,,,,,,,3948000,,,,,,,,,,,
BalanceReckoning_yy,,,,,,,,,,,,,,,,,,,,,,,,,,,,,,,-100.00,,,,,,,
BalanceReckoning_sy,,,,,,,,,,,,,,,,,,,,,,,,,,,,,,,35.85,,,,,,,
BalanceReckoning_qq,,,,,,,,,,,,,,,,,,,,,,,,,,,,-100.00,,,,,,,,,,
BalanceReckoning_sq,,,,,,,,,,,,,,,,,,,,,,,,,,,,-16.69,,,,,,,,,,
BalanceTotalEquityAndLiabilities,19985000,19166000,19050000,19101000,19002000,19169000,28278000,38834000,43066000,19188000,33891000,26403000,31819000,26230000,30626000,29348000,30057000,29486000,28343000,33667000,41990000,56013000,40177000,37533000,44482000,50493000,57133000,60118000,60240000,76490000,76408000,89367000,79623000,83811000,80080000,76961000,78355000,90397000
BalanceTotalEquityAndLiabilities_yy,,,,,-4.92,0.02,48.44,103.31,126.64,0.10,19.85,-32.01,-26.12,36.70,-9.63,11.15,-5.54,12.41,-7.46,14.72,39.70,89.97,41.75,11.48,5.93,-9.86,42.20,60.18,35.43,51.49,33.74,48.65,32.18,9.57,4.81,-13.88,-1.59,7.86
BalanceTotalEquityAndLiabilities_sy,,,,,-8.16,-2.20,5.22,0.29,5.56,5.01,19.85,4.51,2.50,-0.09,15.98,-4.77,-3.06,-3.40,-3.17,-1.75,0.22,0.01,0.77,1.17,-0.49,6.59,6.88,0.65,2.38,0.75,1.64,4.90,5.80,5.49,5.22,5.78,8.82,8.67
BalanceTotalEquityAndLiabilities_qq,,-4.10,-0.61,0.27,-0.52,0.88,47.52,37.33,10.90,-55.45,76.63,-22.09,20.51,-17.56,16.76,-4.17,2.42,-1.90,-3.88,18.79,24.72,33.40,-28.27,-6.58,18.52,13.51,13.15,5.23,0.20,26.97,-0.11,16.96,-10.90,5.26,-4.45,-3.90,1.81,15.37
BalanceTotalEquityAndLiabilities_sq,,-1.58,-100.00,0.27,-3.61,4.53,-100.00,37.33,0.80,2.00,-100.00,2.00,-0.58,1.45,-4.28,-2.91,-0.26,1.13,1.10,-0.52,0.37,-0.55,1.24,1.01,0.20,0.96,0.28,-0.28,0.67,2.04,0.53,0.17,0.34,2.05,2.10,1.34,2.38,3.62
CashflowOperatingCashflow,,144000,,452000,,,,,,,,,,,-3189000,-1000,1025000,1437000,635000,-4745000,-222000,261000,-680000,6917000,-2942000,-3675000,-1179000,-3506000,-471000,-15270000,-714000,-1006000,3653000,316000,1730000,3089000,822000,-4205000
CashflowOperatingCashflow_yy,,,,,,-100.00,,-100.00,,,,,,,,,,,119.93,-474410.40,-121.70,-81.81,-206.97,245.77,-1222.81,-1506.00,-73.44,-150.69,84.00,-315.50,39.39,71.32,875.94,102.07,342.07,407.24,-77.49,-1428.62
CashflowOperatingCashflow_sy,,,,,,82.42,,85.00,,,,,,,,,,,46.72,35.94,34.95,-56.87,6.62,4.22,-15.22,48.79,-17.38,20.34,-5.85,-29.66,10.13,-33.73,12.50,-19.86,46.54,73.28,10.88,14.68
CashflowOperatingCashflow_qq,,,-100.00,,-100.00,,,,,,,,,,,99.97,102585.50,40.22,-55.78,-846.77,95.31,217.52,-360.03,1117.67,-142.54,-24.91,67.92,-197.43,86.57,-3143.47,95.32,-40.73,463.29,-91.34,446.49,78.62,-73.39,-611.42
CashflowOperatingCashflow_sq,,,114.39,,5.08,,,,,,,,,,,70.33,-40.36,72.88,6.13,1.46,-5.54,14.92,33.88,-23.72,-38.14,35.88,53.35,33.23,-61.87,5.06,-5.77,-7.15,-1.50,-17.14,34.73,4.93,-16.48,-1.85
CashflowAmortization,,,,141000,,,,,,,,,,,101000,14000,11000,17000,6000,17000,,58000,128000,-33000,52000,38000,44000,67000,50000,59000,53000,33000,53000,28000,50000,36000,32000,33000
CashflowAmortization_yy,,,,,,,,-100.00,,,,,,,,,,,-93.59,19.86,-100.00,247.14,1880.06,-296.11,,-34.67,-65.88,305.07,-2.59,55.38,21.56,-51.00,6.20,-53.29,-5.93,7.99,-39.94,21.08
CashflowAmortization_sy,,,,,,,,53.63,,,,,,,,,,,-20.00,3.72,-9.46,-9.66,6.94,-6.88,,2.80,8.67,2.86,7.52,0.95,3.57,-2.34,0.96,1.16,,3.80,14.18,8.89
CashflowAmortization_qq,,,,,-100.00,,,,,,,,,,,-86.14,-23.89,57.55,-61.43,159.17,-100.00,,120.01,-125.67,256.99,-26.32,14.90,54.29,-25.43,17.53,-10.11,-37.80,61.62,-48.31,81.05,-28.60,-10.11,4.20
CashflowAmortization_sq,,,,,-6.67,,,,,,,,,,,-2.05,-12.76,4.90,-6.09,-5.64,-3.56,,3.58,3.45,-0.65,2.32,1.47,-1.76,-1.11,0.54,0.82,-1.34,,2.00,,,4.08,2.69
CashflowInvestingCashflow,,-1113000,,-1136000,,,,,,,,,,,6374000,0,-3000,-1693000,-603000,176000,-37000,24000,16000,556000,-26000,837000,0,-272000,58000,41000,-9000,272000,,94000,97000,68000,144000,94000
CashflowInvestingCashflow_yy,,,,,,100.00,,100.00,,,,,,,,,,,-109.46,,-1194.44,101.42,102.61,215.85,29.43,3391.91,-100.01,-148.94,320.35,-95.09,-869900.00,200.05,-100.00,128.78,1210.01,-74.89,,-0.42
CashflowInvestingCashflow_sy,,,,,,22.66,,53.33,,,,,,,,,,,-10.41,,-60.77,-52.88,-90.86,-15.46,29.43,19.98,-6.28,30.63,18.30,-21.99,42.84,37.74,24.48,-11.76,-12.84,-75.57,,-42.74
CashflowInvestingCashflow_qq,,,100.00,,100.00,,,,,,,,,,,-100.00,,-58681.94,64.40,129.18,-121.19,164.33,-34.44,3433.82,-104.74,3282.80,-100.00,-27186700.00,121.32,-29.07,-121.16,3226.52,-100.00,,2.65,-29.29,110.68,-34.88
CashflowInvestingCashflow_sq,,,-18.23,,23.86,,,,,,,,,,,-45.15,,10.28,13.11,-22.49,-43.71,51.31,-20.68,10.66,8.47,27.74,-58.18,37.54,-6.64,38.72,0.60,-40.34,6.77,,21.04,-22.88,-22.70,-46.74
CashflowCapex,,,,1289000,,,,,,,,,,,32000,0,4000,,603000,-193000,,199000,24000,10000,26000,,,26000,,7000,9000,7000,,12000,2000,0,,8000
CashflowCapex_yy,,,,,,,,-100.00,,,,,,,,,,,1783.42,,-100.00,,-96.07,105.12,,-100.00,-100.00,165.76,-100.00,,,-72.63,,58.07,-71.87,-100.00,,-28.90
CashflowCapex_sy,,,,,,,,22.34,,,,,,,,,,,100.00,,14.10,,35.43,-1.06,,-18.13,-14.95,-22.84,-46.20,,,-35.67,,91.61,65.46,-18.98,,-33.54
CashflowCapex_qq,,,,,-100.00,,,,,,,,,,,-100.00,,-100.00,,-132.07,100.00,,-88.11,-58.17,165.76,-100.00,,,-100.00,,17.54,-17.24,-100.00,,-79.09,-100.00,,
CashflowCapex_sq,,,,,28.36,,,,,,,,,,,62.27,,47.01,,-11.86,0.50,,-4.08,14.40,-45.46,-26.20,,,-52.88,,-49.17,-7.69,-53.40,,-17.44,-24.73,,
CashflowFinancingCashflow,,937000,,665000,,,,,,,,,,,-748000,-1968000,-56000,-270000,201000,5945000,3584000,7587000,-11994000,-5653000,4976000,3763000,1141000,2961000,803000,13249000,-679000,6559000,-7010000,1264000,-6118000,-3917000,-75000,5373000
CashflowFinancingCashflow_yy,,,,,,-100.00,,-100.00,,,,,,,,,,,126.90,402.06,6475.64,2911.85,-6060.43,-195.09,38.82,-50.40,109.52,152.39,-83.85,252.07,-159.48,121.48,-972.51,-90.46,-801.27,-159.72,98.93,325.19
CashflowFinancingCashflow_sy,,,,,,-108.92,,-100.00,,,,,,,,,,,4.67,45.20,17.16,57.83,52.92,60.33,15.54,-37.04,-64.98,-75.63,-24.61,-32.62,15.07,29.30,11.04,-85.92,-87.87,29.55,-37.04,59.11
CashflowFinancingCashflow_qq,,,-100.00,,-100.00,,,,,,,,,,,-163.10,97.14,-379.97,174.57,2854.25,-39.71,111.68,-258.08,52.87,188.03,-24.37,-69.67,159.49,-72.87,1549.19,-105.12,1066.19,-206.87,118.03,-584.18,35.98,98.08,7240.12
CashflowFinancingCashflow_sq,,,-13.97,,-44.05,,,,,,,,,,,-56.36,83.76,-6.66,33.32,-6.88,6.32,-24.48,-38.25,53.97,-33.39,-24.37,-46.55,-4.14,-10.16,60.34,-12.19,20.92,-8.04,-79.97,-4.86,53.62,5.68,22.06
CashflowShareCapitalCash,,,,889000,,,,,,,,,,,,,,,,,,,,,,,,,,,,,,,,,,
CashflowShareCapitalCash_yy,,,,,,,,-100.00,,,,,,,,,,,,,,,,,,,,,,,,,,,,,,
CashflowShareCapitalCash_sy,,,,,,,,-62.39,,,,,,,,,,,,,,,,,,,,,,,,,,,,,,
CashflowShareCapitalCash_qq,,,,,-100.00,,,,,,,,,,,,,,,,,,,,,,,,,,,,,,,,,
CashflowShareCapitalCash_sq,,,,,-100.00,,,,,,,,,,,,,,,,,,,,,,,,,,,,,,,,,
CashflowDividend,,,,,,,,,,,,,,,,1753000,,,,540000,,,,649000,,,2922000,-5000,,,2053000,0,,,,1675000,,
CashflowDividend_yy,,,,,,,,,,,,,,,,,,,,-69.21,,,,20.30,,,,-100.82,,,-29.76,100.00,,,-100.00,,,
CashflowDividend_sy,,,,,,,,,,,,,,,,,,,,-84.60,,,,20.30,,,,-100.00,,,-74.36,-37.90,,,-62.37,,,
CashflowDividend_qq,,,,,,,,,,,,,,,,,-100.00,,,,-100.00,,,,-100.00,,,-100.18,100.00,,,-100.00,,,,,-100.00,
CashflowDividend_sq,,,,,,,,,,,,,,,,,-100.00,,,,-100.00,,,,-100.00,,,-100.00,100.00,,,-100.00,,,,,-27.55,
CashflowNetCashflow,,-31000,,-19000,,,,,,,,,,,2437000,-1969000,966000,-526000,234000,1375000,3324000,7872000,-12658000,1820000,2007000,926000,-38000,-817000,391000,-1979000,-1402000,5825000,-3357000,1674000,-4292000,-759000,898000,1254000
CashflowNetCashflow_yy,,,,,,100.00,,100.00,,,,,,,,,,,-90.40,169.85,244.24,1597.59,-5510.64,32.31,-39.62,-88.24,99.70,-144.87,-80.54,-313.83,-3633.34,813.40,-959.41,184.59,-206.12,-113.03,126.76,-25.09
CashflowNetCashflow_sy,,,,,,81.02,,96.27,,,,,,,,,,,83.02,67.08,-8.10,86.10,89.60,76.19,-76.09,-2.80,32.93,85.18,-99.42,-43.24,51.55,-18.19,79.72,-31.68,-51.41,37.38,-11.62,50.17
CashflowNetCashflow_qq,,,100.00,,100.00,,,,,,,,,,,-180.80,149.05,-154.43,144.50,487.92,141.71,136.80,-260.78,114.38,10.30,-53.89,-104.06,-2074.33,147.83,-606.75,29.16,515.49,-157.62,149.88,-356.36,82.31,218.33,39.63
CashflowNetCashflow_sq,,,100.00,,100.00,,,,,,,,,,,53.37,94.43,-86.28,75.59,18.69,-27.81,22.27,14.43,95.41,-77.89,65.58,-53.40,132.93,-95.48,63.85,29.16,66.67,-2.18,-39.60,-31.58,97.18,-15.99,18.08
