,2010/Q4,2011/Q1,2011/Q2,2011/Q3,2011/Q4,2012/Q1,2012/Q2,2012/Q3,2012/Q4,2013/Q1,2013/Q2,2013/Q3,2013/Q4,2014/Q1,2014/Q2,2014/Q3,2014/Q4,2015/Q1,2015/Q2,2015/Q3,2015/Q4,2016/Q1,2016/Q2,2016/Q3,2016/Q4,2017/Q1,2017/Q2,2017/Q3,2017/Q4,2018/Q1,2018/Q2
IncomeRevenues,47440000,59739000,65906000,62559000,67162000,73838000,74122000,59250000,57920000,64606000,61859000,52904000,67009000,75671000,77761000,70781000,69564000,81125000,80372000,73546000,75091000,82673000,77946000,70638000,67588000,87800000,86405000,91242000,95245000,109070000,109760000
IncomeRevenues_yy,,,,,41.57,23.60,12.47,-5.29,-13.76,-12.50,-16.54,-10.71,15.69,17.13,25.71,33.79,3.81,7.21,3.36,3.91,7.95,1.91,-3.02,-3.95,-9.99,6.20,10.85,29.17,40.92,24.23,27.03
IncomeRevenues_sy,,,,,22.76,6.70,4.36,-5.84,-3.56,-3.67,-2.42,2.62,7.53,5.61,7.17,6.43,5.54,7.78,6.02,6.94,3.25,-5.02,-2.64,-2.84,7.26,13.96,12.29,20.89,16.83,13.98,12.35
IncomeRevenues_qq,,25.93,10.32,-5.08,7.36,9.94,0.38,-20.06,-2.24,11.54,-4.25,-14.48,26.66,12.93,2.76,-8.98,-1.72,16.62,-0.93,-8.49,2.10,10.10,-5.72,-9.38,-4.32,29.90,-1.59,5.60,4.39,14.52,0.63
IncomeRevenues_sq,,12.24,3.94,2.70,0.76,5.54,0.23,-4.73,-3.61,4.13,2.10,4.86,-7.34,4.42,4.51,4.56,-5.52,8.09,4.04,1.75,-9.83,4.70,6.78,-2.70,-4.48,16.06,0.62,1.69,0.37,11.72,0.52
IncomeCostOfSales,39658000,50563000,49803000,47870000,50913000,58009000,57165000,48192000,45924000,49946000,47141000,40238000,53651000,59635000,62207000,58725000,55204000,62792000,63930000,59135000,57753000,62073000,60777000,57276000,54044000,73855000,71097000,70745000,76299000,81868000,84240000
IncomeCostOfSales_yy,,,,,28.38,14.73,14.78,0.67,-9.80,-13.90,-17.54,-16.50,16.83,19.40,31.96,45.94,2.89,5.29,2.77,0.70,4.62,-1.15,-4.93,-3.14,-6.42,18.98,16.98,23.52,41.18,10.85,18.49
IncomeCostOfSales_sy,,,,,14.72,14.73,9.38,0.67,-1.58,-10.53,-1.52,0.30,2.70,-0.67,5.65,4.78,1.83,8.85,6.92,5.14,2.06,-11.08,-7.58,-5.72,5.02,19.74,16.66,21.85,17.04,13.00,9.94
IncomeCostOfSales_qq,,27.50,-1.50,-3.88,6.36,13.94,-1.45,-15.70,-4.71,8.76,-5.62,-14.64,33.33,11.15,4.31,-5.60,-6.00,13.75,1.81,-7.50,-2.34,7.48,-2.09,-5.76,-5.64,36.66,-3.73,-0.50,7.85,7.30,2.90
IncomeCostOfSales_sq,,10.69,2.71,3.12,6.31,9.92,-0.93,1.40,-2.52,2.43,-4.37,3.10,-2.99,6.01,3.49,1.19,-6.38,11.82,4.88,-2.34,-7.60,-0.16,2.49,-3.13,-2.58,15.87,0.56,-0.55,2.60,8.89,0.26
IncomeDistributionExpenses,514000,476000,662000,544000,675000,732000,731000,560000,677000,674000,715000,692000,1013000,1053000,1139000,1005000,1104000,977000,1166000,1417000,1721000,1347000,1966000,987000,908000,2295000,2734000,2593000,2890000,2742000,2746000
IncomeDistributionExpenses_yy,,,,,31.32,53.78,10.42,2.94,0.30,-7.92,-2.19,23.57,49.63,56.23,59.30,45.23,8.98,-7.22,2.37,41.00,55.89,37.87,68.61,-30.35,-47.24,70.38,39.06,162.72,218.28,19.48,0.44
IncomeDistributionExpenses_sy,,,,,10.23,31.44,18.42,2.79,5.56,-7.92,-3.95,5.98,5.46,7.13,8.62,5.08,8.22,-1.01,4.11,2.64,5.01,6.76,-2.70,-1.09,10.09,2.58,8.16,11.96,8.94,3.42,0.44
IncomeDistributionExpenses_qq,,-7.39,39.08,-17.82,24.08,8.44,-0.14,-23.39,20.89,-0.44,6.08,-3.22,46.39,3.95,8.17,-11.76,9.85,-11.50,19.34,21.53,21.45,-21.73,45.95,-49.80,-8.00,152.75,19.13,-5.16,11.45,-5.12,0.15
IncomeDistributionExpenses_sq,,-7.39,3.87,12.57,6.26,1.31,3.25,-8.35,7.39,-12.64,6.08,-2.07,11.60,-8.28,11.40,-4.17,10.91,-12.24,11.78,-1.84,8.60,-11.66,9.22,-6.68,9.50,-6.94,9.29,0.53,7.78,-15.38,11.94
IncomeAdministrativExpenses,4775000,4661000,5371000,5132000,5790000,5477000,5513000,6071000,6107000,5925000,5771000,5261000,7618000,7727000,8531000,6988000,8366000,8703000,8255000,7297000,7086000,7638000,7918000,7339000,6769000,10026000,10123000,9003000,9864000,9590000,10862000
IncomeAdministrativExpenses_yy,,,,,21.26,17.51,2.64,18.30,5.47,8.18,4.68,-13.34,24.74,30.41,47.83,32.83,9.82,12.63,-3.24,4.42,-15.30,-12.24,-4.08,0.58,-4.47,31.26,27.85,22.67,45.72,-4.35,7.30
IncomeAdministrativExpenses_sy,,,,,15.09,3.37,5.53,3.46,-1.35,-1.59,7.91,2.07,-5.34,-0.11,-4.12,0.39,11.22,2.10,2.64,0.94,4.07,0.15,-2.48,4.88,-2.48,4.69,2.25,-1.40,2.53,9.42,9.05
IncomeAdministrativExpenses_qq,,-2.39,15.23,-4.45,12.82,-5.41,0.66,10.12,0.59,-2.98,-2.60,-8.84,44.80,1.43,10.41,-18.09,19.72,4.03,-5.15,-11.61,-2.89,7.79,3.67,-7.31,-7.77,48.12,0.97,-11.06,9.56,-2.78,13.26
IncomeAdministrativExpenses_sq,,-2.39,8.34,-0.99,16.10,-10.84,0.66,-0.10,6.77,-6.21,3.28,-9.26,2.22,-1.68,2.94,-4.46,22.64,-12.21,0.90,-4.64,19.62,-4.66,3.76,-7.14,12.09,-7.46,3.84,-5.42,12.70,-5.21,4.65
IncomeGrossProfit,2493000,4039000,10070000,9013000,9784000,9620000,10713000,4427000,5212000,8061000,8232000,6713000,4727000,7256000,5884000,4063000,4890000,8653000,7021000,5697000,8531000,11615000,7285000,5036000,5867000,1624000,2451000,8901000,6192000,14870000,11912000
IncomeGrossProfit_yy,,,,,292.46,138.18,6.39,-50.88,-46.73,-16.21,-23.16,51.64,-9.31,-9.99,-28.52,-39.48,3.45,19.25,19.32,40.22,74.46,34.23,3.76,-11.60,-31.23,-86.02,-66.36,76.75,5.54,815.64,386.01
IncomeGrossProfit_sy,,,,,107.74,12.27,2.82,-41.63,-75.82,-48.70,-54.90,5.82,44.10,110.37,66.20,49.77,15.06,-13.42,16.11,16.46,66.83,29.74,63.55,0.42,13.70,-0.53,-22.16,10.60,14.25,22.62,35.00
IncomeGrossProfit_qq,,62.01,149.32,-10.50,8.55,-1.68,11.36,-58.68,17.73,54.66,2.12,-18.45,-29.58,53.50,-18.91,-30.95,20.35,76.95,-18.86,-18.86,49.75,36.15,-37.28,-30.87,16.50,-72.32,50.92,263.16,-30.43,140.15,-19.89
IncomeGrossProfit_sq,,73.34,22.12,2.00,-19.54,4.61,-5.36,-46.08,-51.68,73.18,19.48,61.56,-44.38,56.80,4.30,53.62,-45.66,58.23,5.88,35.48,-16.02,41.17,18.70,-15.26,-27.56,61.82,-8.26,12.15,-28.21,70.37,11.85
IncomeOtherOperatingIncome,-12775000,1592000,498000,277000,709000,667000,599000,742000,366000,1672000,45000,261000,2358000,1453000,915000,595000,543000,447000,646000,938000,5489000,279000,523000,716000,416000,1699000,1039000,1601000,-4000,1954000,1079000
IncomeOtherOperatingIncome_yy,,,,,105.55,-58.10,20.28,167.87,-48.38,150.67,-92.49,-64.82,544.26,-13.10,1933.33,127.97,-76.97,-69.24,-29.40,57.65,910.87,-37.58,-19.04,-23.67,-92.42,508.96,98.66,123.60,-100.96,15.01,3.85
IncomeOtherOperatingIncome_sy,,,,,8.52,24.82,22.98,9.88,-50.80,37.84,-10.28,-13.06,71.29,-22.58,38.98,-3.16,15.02,-14.20,-27.50,27.35,71.74,-4.68,-11.94,-15.04,-48.08,2.20,39.56,-5.74,43.88,-5.46,-8.94
IncomeOtherOperatingIncome_qq,,112.46,-68.72,-44.38,155.96,-5.92,-10.19,23.87,-50.67,356.83,-97.31,480.00,803.45,-38.38,-37.03,-34.97,-8.74,-17.68,44.52,45.20,485.18,-94.92,87.46,36.90,-41.90,308.41,-38.85,54.09,-100.25,48950.00,-44.78
IncomeOtherOperatingIncome_sq,,-54.97,34.40,-26.22,115.98,-32.80,10.54,-19.39,8.16,28.54,-25.26,-1.00,200.88,-55.58,57.80,-24.47,34.12,-46.37,36.42,3.10,143.70,-59.17,-5.49,-12.40,10.88,1.62,44.76,-8.38,16.42,-23.36,50.02
IncomeOtherOperatingCosts,-11747000,1387000,1494000,2055000,1014000,1002000,1230000,-202000,2965000,1226000,125000,442000,2110000,1525000,479000,774000,116000,599000,988000,830000,958000,3189000,1302000,312000,1575000,1886000,1376000,2762000,7548000,1883000,2276000
IncomeOtherOperatingCosts_yy,,,,,108.63,-27.76,-17.67,-109.83,192.41,22.36,-89.84,318.81,-28.84,24.39,283.20,75.11,-94.50,-60.72,106.26,7.24,725.86,432.39,31.78,-62.41,64.41,-40.86,5.68,785.26,379.24,-0.16,65.41
IncomeOtherOperatingCosts_sy,,,,,18.97,-8.90,-14.68,-25.49,-11.73,-2.14,51.11,6.69,36.14,12.90,95.54,45.30,-22.84,7.63,6.59,31.35,94.07,-1.42,32.77,-42.88,-34.24,-0.32,32.82,18.56,73.36,-10.77,49.92
IncomeOtherOperatingCosts_qq,,111.81,7.71,37.55,-50.66,-1.18,22.75,-116.42,1567.82,-58.65,-89.80,253.60,377.38,-27.73,-68.59,61.59,-85.01,416.38,64.94,-15.99,15.42,232.88,-59.17,-76.04,404.81,19.75,-27.04,100.73,173.28,-75.05,20.87
IncomeOtherOperatingCosts_sq,,-56.45,1.92,46.50,63.94,-59.24,31.16,-4.72,8.98,-58.65,33.62,-12.01,367.02,-71.64,130.36,-46.33,176.76,-52.76,31.30,-10.65,298.04,-76.35,18.98,-53.47,309.68,-51.02,62.10,-25.36,397.52,-71.29,58.79
IncomeEBIT,1465000,4244000,9074000,7235000,9479000,9285000,10082000,5371000,2613000,8507000,8152000,6532000,4975000,7184000,6320000,3884000,5317000,8501000,6679000,5805000,13062000,8705000,6506000,5440000,4708000,1437000,2114000,7740000,-1360000,14941000,10715000
IncomeEBIT_yy,,,,,547.03,118.78,11.11,-25.76,-72.43,-8.38,-19.14,21.62,90.39,-15.55,-22.47,-40.54,6.87,18.33,5.68,49.46,145.66,2.40,-2.59,-6.29,-63.96,-83.49,-67.51,42.28,-128.89,939.74,406.86
IncomeEBIT_sy,,,,,150.79,26.06,5.42,-20.58,-70.80,-32.37,-59.33,24.11,76.60,69.96,16.73,18.00,19.06,-14.00,23.68,22.42,57.18,30.40,32.39,0.83,-22.92,12.63,-10.12,9.90,20.30,24.28,18.94
IncomeEBIT_qq,,189.69,113.81,-20.27,31.02,-2.05,8.58,-46.73,-51.35,225.56,-4.17,-19.87,-23.84,44.40,-12.03,-38.54,36.89,59.88,-21.43,-13.09,125.01,-33.36,-25.26,-16.38,-13.46,-69.48,47.11,266.13,-117.57,1198.60,-28.28
IncomeEBIT_sq,,124.18,43.22,-15.68,-31.59,-2.08,2.71,-46.73,-63.43,136.90,8.30,45.05,-52.46,62.35,-11.83,35.90,-48.19,67.08,11.60,26.05,-31.47,38.32,17.97,-13.65,-55.44,85.85,2.93,21.02,-45.50,80.59,-8.69
IncomeFinanceIncome,575000,655000,533000,1115000,532000,3378000,678000,892000,660000,518000,857000,-42000,370000,2041000,528000,312000,-445000,1774000,142000,-477000,-484000,252000,346000,-344000,841000,2140000,1891000,1402000,994000,937000,-271000
IncomeFinanceIncome_yy,,,,,-7.48,415.73,27.20,-20.00,24.06,-84.67,26.40,-104.71,-43.94,294.02,-38.39,842.86,-220.27,-13.08,-73.11,-252.88,-8.76,-85.79,143.66,27.88,273.76,749.21,446.53,507.56,18.19,-56.21,-114.33
IncomeFinanceIncome_sy,,,,,-4.02,9.93,-13.38,-26.28,-1.28,-26.79,98.34,-88.22,46.62,-24.51,-59.64,139.34,-11.58,-26.09,-15.20,-58.90,-1.88,-12.50,81.39,74.24,77.04,2.98,-53.36,9.45,-78.15,-56.21,151.48
IncomeFinanceIncome_qq,,13.91,-18.63,109.19,-52.29,534.96,-79.93,31.56,-26.01,-21.52,65.44,-104.90,980.95,451.62,-74.13,-40.91,-242.63,498.65,-92.00,-435.92,-1.47,152.07,37.30,-199.42,344.48,154.46,-11.64,-25.86,-29.10,-5.73,-128.92
IncomeFinanceIncome_sq,,41.69,-30.29,101.68,-41.57,105.92,-29.17,23.21,-26.01,-18.72,34.01,-80.27,93.22,-22.13,13.66,10.27,144.73,47.73,-2.76,-58.84,64.23,-8.10,84.78,-75.10,255.34,-34.94,-11.64,-41.36,55.13,26.56,80.70
IncomeFinanceCosts,436000,1206000,955000,5181000,727000,4087000,547000,769000,679000,616000,573000,780000,527000,488000,632000,599000,1059000,441000,740000,823000,136000,1278000,1248000,-369000,614000,1780000,735000,4979000,613000,1583000,1561000
IncomeFinanceCosts_yy,,,,,66.74,238.89,-42.72,-85.16,-6.60,-84.93,4.75,1.43,-22.39,-20.78,10.30,-23.21,100.95,-9.63,17.09,37.40,-87.16,189.80,68.65,-144.84,351.47,39.28,-41.11,1449.32,-0.16,-11.07,112.38
IncomeFinanceCosts_sy,,,,,-0.11,76.15,-17.91,10.41,-17.13,-45.99,22.94,-51.56,-5.21,-12.40,-20.41,75.47,-12.59,61.35,-52.92,-41.29,17.08,-37.78,29.76,-2.24,-19.34,43.19,24.07,0.48,145.62,-53.06,31.58
IncomeFinanceCosts_qq,,176.61,-20.81,442.51,-85.97,462.17,-86.62,40.59,-11.70,-9.28,-6.98,36.13,-32.44,-7.40,29.51,-5.22,76.79,-58.36,67.80,11.22,-83.48,839.71,-2.35,-129.57,266.40,189.90,-58.71,577.41,-87.69,158.24,-1.39
IncomeFinanceCosts_sq,,-5.58,-2.40,-4.81,-6.04,48.50,-60.58,69.84,-11.70,-9.28,-5.16,-28.55,60.35,-15.76,-3.62,78.24,-18.08,97.40,-57.30,46.16,39.61,-4.64,-8.90,21.56,25.00,114.25,-55.63,-28.22,244.59,-61.93,9.71
IncomeOtherIncome,,,,,,,,,,,,,,,,,,,,,,,,,,,,,,,
IncomeOtherIncome_yy,,,,,,,,,,,,,,,,,,,,,,,,,,,,,,,
IncomeOtherIncome_sy,,,,,,,,,,,,,,,,,,,,,,,,,,,,,,,
IncomeOtherIncome_qq,,,,,,,,,,,,,,,,,,,,,,,,,,,,,,,
IncomeOtherIncome_sq,,,,,,,,,,,,,,,,,,,,,,,,,,,,,,,
IncomeNetGrossProfit,1604000,3693000,8652000,3169000,9284000,8576000,10213000,5494000,2594000,8409000,8436000,5710000,4818000,8737000,6216000,3597000,3813000,9834000,6081000,4505000,12442000,7679000,5604000,5465000,4935000,1797000,3270000,4163000,-979000,14295000,8883000
IncomeNetGrossProfit_yy,,,,,478.80,132.22,18.04,73.37,-72.06,-1.95,-17.40,3.93,85.74,3.90,-26.32,-37.01,-20.86,12.56,-2.17,25.24,226.30,-21.91,-7.84,21.31,-60.34,-76.60,-41.65,-23.82,-119.84,695.49,171.65
IncomeNetGrossProfit_sy,,,,,110.74,8.65,-1.64,-30.39,-70.04,-55.40,-17.40,18.89,59.31,66.10,-10.42,11.55,42.12,-11.26,23.10,23.18,45.70,66.04,44.84,5.82,-6.50,11.72,-21.54,0.12,-11.06,40.28,24.34
IncomeNetGrossProfit_qq,,130.24,134.28,-63.37,192.96,-7.63,19.09,-46.21,-52.78,224.17,0.32,-32.31,-15.62,81.34,-28.85,-42.13,6.01,157.91,-38.16,-25.92,176.18,-38.28,-27.02,-2.48,-9.70,-63.59,81.97,27.31,-123.52,1560.16,-37.86
IncomeNetGrossProfit_sq,,133.90,39.65,8.41,-28.92,11.98,14.78,-46.21,-65.04,120.07,24.04,32.53,-57.14,67.12,-16.96,31.24,-51.52,50.04,27.02,18.65,-32.61,42.78,25.87,-14.76,-42.74,51.49,10.87,19.94,-82.94,123.91,6.12
IncomeExtraordinarProfit,,,,,,,,,,,,,,,,,,,,,,,,,,,,,,,
IncomeExtraordinarProfit_yy,,,,,,,,,,,,,,,,,,,,,,,,,,,,,,,
IncomeExtraordinarProfit_sy,,,,,,,,,,,,,,,,,,,,,,,,,,,,,,,
IncomeExtraordinarProfit_qq,,,,,,,,,,,,,,,,,,,,,,,,,,,,,,,
IncomeExtraordinarProfit_sq,,,,,,,,,,,,,,,,,,,,,,,,,,,,,,,
IncomeBeforeTaxProfit,1604000,3693000,8652000,3169000,9284000,8576000,10213000,5494000,2594000,8409000,8436000,5710000,4818000,8737000,6216000,3597000,3813000,9834000,6081000,4505000,12442000,7679000,5604000,5465000,4935000,1797000,3270000,4163000,-979000,14295000,8883000
IncomeBeforeTaxProfit_yy,,,,,478.80,132.22,18.04,73.37,-72.06,-1.95,-17.40,3.93,85.74,3.90,-26.32,-37.01,-20.86,12.56,-2.17,25.24,226.30,-21.91,-7.84,21.31,-60.34,-76.60,-41.65,-23.82,-119.84,695.49,171.65
IncomeBeforeTaxProfit_sy,,,,,110.74,8.65,-1.64,-30.39,-70.04,-55.40,-17.40,18.89,59.31,66.10,-10.42,11.55,42.12,-11.26,23.10,23.18,45.70,66.04,44.84,5.82,-6.50,11.72,-21.54,0.12,-11.06,40.28,24.34
IncomeBeforeTaxProfit_qq,,130.24,134.28,-63.37,192.96,-7.63,19.09,-46.21,-52.78,224.17,0.32,-32.31,-15.62,81.34,-28.85,-42.13,6.01,157.91,-38.16,-25.92,176.18,-38.28,-27.02,-2.48,-9.70,-63.59,81.97,27.31,-123.52,1560.16,-37.86
IncomeBeforeTaxProfit_sq,,133.90,39.65,8.41,-28.92,11.98,14.78,-46.21,-65.04,120.07,24.04,32.53,-57.14,67.12,-16.96,31.24,-51.52,50.04,27.02,18.65,-32.61,42.78,25.87,-14.76,-42.74,51.49,10.87,19.94,-82.94,123.91,6.12
IncomeDiscontinuedProfit,-297000,140000,0,0,378000,,,,,,,,,,,,,,,,,,,,,,,-1613000,2268000,-315000,72000
IncomeDiscontinuedProfit_yy,,,,,227.27,-100.00,,,-100.00,,,,,,,,,,,,,,,,,,,,,,
IncomeDiscontinuedProfit_sy,,,,,-100.00,7.79,,,-276.89,,,,,,,,,,,,,,,,,,,,,,
IncomeDiscontinuedProfit_qq,,147.14,-100.00,,,-100.00,,,,,,,,,,,,,,,,,,,,,,,240.61,-113.89,122.86
IncomeDiscontinuedProfit_sq,,-156.15,-96.87,,,-128.62,,,,,,,,,,,,,,,,,,,,,,,33.21,-94.95,46.59
IncomeNetProfit,1222000,2914000,7039000,2439000,7675000,6895000,8245000,4399000,6990000,6861000,6764000,4551000,3526000,6943000,4905000,2857000,3005000,7951000,8252000,11289000,10662000,6395000,4571000,4745000,4889000,1572000,2771000,1226000,1301000,10930000,7125000
IncomeNetProfit_yy,,,,,528.07,136.62,17.13,80.36,-8.93,-0.49,-17.96,3.46,-49.56,1.20,-27.48,-37.22,-14.78,14.52,68.24,295.13,254.81,-19.57,-44.61,-57.97,-54.15,-75.42,-39.38,-74.16,-73.39,595.29,157.13
IncomeNetProfit_sy,,,,,170.78,7.01,7.10,-31.56,-71.98,-57.92,-37.30,24.34,79.20,68.93,-16.53,11.49,27.62,-4.46,25.66,36.00,58.69,52.86,55.16,-0.02,-11.32,15.00,-20.58,3.94,-8.64,38.55,24.66
IncomeNetProfit_qq,,138.46,141.56,-65.35,214.68,-10.16,19.58,-46.65,58.90,-1.85,-1.41,-32.72,-22.52,96.91,-29.35,-41.75,5.18,164.59,3.79,36.80,-5.55,-40.02,-28.52,3.81,3.03,-67.85,76.27,-55.76,6.12,740.12,-34.81
IncomeNetProfit_sq,,151.17,45.09,6.42,4.44,-12.82,4.33,-46.65,-58.26,95.15,30.70,9.95,-19.78,34.06,-16.34,28.48,-17.19,12.18,47.02,14.59,-22.69,33.20,27.42,-25.18,-40.14,71.60,10.55,7.99,-67.68,122.39,3.80
IncomeShareholderNetProfit,1218000,2914000,7039000,2439000,7675000,6895000,8245000,4399000,6990000,6861000,6764000,4551000,3526000,6943000,4905000,2857000,3005000,7951000,8252000,11289000,10662000,6395000,4571000,4745000,4889000,1572000,2771000,1226000,1301000,10930000,7125000
IncomeShareholderNetProfit_yy,,,,,530.13,136.62,17.13,80.36,-8.93,-0.49,-17.96,3.46,-49.56,1.20,-27.48,-37.22,-14.78,14.52,68.24,295.13,254.81,-19.57,-44.61,-57.97,-54.15,-75.42,-39.38,-74.16,-73.39,595.29,157.13
IncomeShareholderNetProfit_sy,,,,,169.38,13.23,4.87,-28.08,-68.52,-65.88,-41.99,24.34,44.34,68.93,-8.82,11.49,27.62,-7.36,25.66,36.70,62.99,55.13,50.95,0.23,-5.70,7.27,-21.16,2.00,-7.15,39.28,24.65
IncomeShareholderNetProfit_qq,,139.24,141.56,-65.35,214.68,-10.16,19.58,-46.65,58.90,-1.85,-1.41,-32.72,-22.52,96.91,-29.35,-41.75,5.18,164.59,3.79,36.80,-5.55,-40.02,-28.52,3.81,3.03,-67.85,76.27,-55.76,6.12,740.12,-34.81
IncomeShareholderNetProfit_sq,,136.38,44.70,6.49,-6.52,-4.11,4.48,-46.65,-58.26,95.15,31.01,9.95,-29.50,34.06,-16.32,28.48,-16.59,12.18,49.60,16.69,-21.98,29.06,26.72,-26.25,-42.42,71.59,9.82,4.07,-67.68,114.93,-1.92
BalanceNoncurrentAssets,148668000,147854000,,,151546000,151092000,151120000,,155614000,155294000,155768000,157537000,208828000,221621000,233014000,239320000,256810000,257548000,261051000,267281000,268451000,262962000,261112000,257773000,254518000,269490000,264664000,253309000,255214000,254193000,246200000
BalanceNoncurrentAssets_yy,,,,,1.94,2.19,,,2.68,2.78,3.08,,34.20,42.71,49.59,51.91,22.98,16.21,12.03,11.68,4.53,2.10,0.02,-3.56,-5.19,2.48,1.36,-1.73,0.27,-5.68,-6.98
BalanceNoncurrentAssets_sy,,,,,5.32,5.58,,,1.54,1.56,1.63,,7.53,7.50,13.53,8.51,4.11,4.42,5.66,3.76,4.04,3.22,2.82,1.54,2.95,1.44,1.28,0.86,0.66,3.53,4.14
BalanceNoncurrentAssets_qq,,-0.55,-100.00,,,-0.30,0.02,-100.00,,-0.21,0.31,1.14,32.56,6.13,5.14,2.71,7.31,0.29,1.36,2.39,0.44,-2.04,-0.70,-1.28,-1.26,5.88,-1.79,-4.29,0.75,-0.40,-3.14
BalanceNoncurrentAssets_sq,,-0.79,-1.02,,,-0.50,0.14,-0.43,,0.96,0.95,0.63,1.92,-0.70,0.92,0.37,1.18,-0.16,0.20,0.64,2.28,-1.22,0.87,-0.24,2.20,-1.08,-0.42,-0.61,0.78,0.28,1.06
BalanceIntangibleAssets,2290000,2194000,,,1712000,1571000,1479000,,1191000,1059000,954000,801000,10002000,9835000,9677000,9570000,16201000,18072000,17902000,17788000,17609000,17383000,17157000,17019000,16790000,16711000,16468000,16223000,17497000,19928000,22032000
BalanceIntangibleAssets_yy,,,,,-25.24,-28.40,,,-30.43,-32.59,-35.50,,739.80,828.71,914.36,1094.76,61.98,83.75,85.00,85.87,8.69,-3.81,-4.16,-4.32,-4.65,-3.87,-4.02,-4.68,4.21,19.25,33.79
BalanceIntangibleAssets_sy,,,,,-2.48,-4.97,,,-0.88,-1.62,-0.09,,-2.33,-1.67,-0.60,-0.90,-1.34,-1.84,0.40,0.66,-2.73,-3.86,-1.45,2.51,-0.94,-3.72,-3.64,-5.36,-5.62,-6.20,-7.91
BalanceIntangibleAssets_qq,,-4.19,-100.00,,,-8.24,-5.86,-100.00,,-11.08,-9.92,-16.04,1148.69,-1.67,-1.61,-1.11,69.29,11.55,-0.94,-0.64,-1.01,-1.28,-1.30,-0.80,-1.35,-0.47,-1.45,-1.49,7.85,13.89,10.56
BalanceIntangibleAssets_sq,,0.63,-1.87,,,-0.47,-1.04,-2.08,,-0.62,-1.32,-1.46,-0.19,-0.64,-1.01,-0.86,-0.50,-1.04,-0.66,-1.00,-0.70,-0.54,-0.78,-0.62,-3.30,-1.62,-1.54,-1.38,-1.75,-1.06,-2.22
BalanceProperty,142489000,141692000,,,145792000,145617000,145694000,,151144000,150471000,150861000,152922000,195218000,208054000,219551000,225747000,237414000,235601000,235839000,235983000,238864000,234311000,232559000,229769000,226178000,237884000,234381000,223545000,224227000,221209000,224168000
BalanceProperty_yy,,,,,2.32,2.77,,,3.67,3.33,3.55,,29.16,38.27,45.53,47.62,21.61,13.24,7.42,4.53,0.61,-0.55,-1.39,-2.63,-5.31,1.52,0.78,-2.71,-0.86,-7.01,-4.36
BalanceProperty_sy,,,,,5.79,5.65,,,-0.72,1.19,0.73,,3.92,4.08,7.40,5.75,0.64,0.76,-1.55,-1.51,4.78,3.84,2.36,2.34,1.57,-0.70,0.92,1.04,0.73,3.18,5.26
BalanceProperty_qq,,-0.56,-100.00,,,-0.12,0.05,-100.00,,-0.45,0.26,1.37,27.66,6.58,5.53,2.82,5.17,-0.76,0.10,0.06,1.22,-1.91,-0.75,-1.20,-1.56,5.18,-1.47,-4.62,0.31,-1.35,1.34
BalanceProperty_sq,,-0.91,-0.66,,,-0.60,-0.04,-0.42,,1.11,0.46,-0.11,1.41,-0.88,-0.12,-0.08,-0.20,-0.81,-0.04,0.06,4.48,-0.58,1.16,-0.96,1.68,-0.92,0.14,0.04,0.60,0.01,1.48
BalanceNoncurrentReceivables,500000,500000,,,,0,,,,,,,,,,,,,,,,,,,,,,,,,
BalanceNoncurrentReceivables_yy,,,,,-100.00,-100.00,,,,,,,,,,,,,,,,,,,,,,,,,
BalanceNoncurrentReceivables_sy,,,,,-16.04,4.34,,,,,,,,,,,,,,,,,,,,,,,,,
BalanceNoncurrentReceivables_qq,,,-100.00,,,,,,,,,,,,,,,,,,,,,,,,,,,,
BalanceNoncurrentReceivables_sq,,,-3.52,,,,,,,,,,,,,,,,,,,,,,,,,,,,
BalanceNoncurrInvestments,,,,,,,,,,,,,,,,,,,,,,,,,,,100000,,,,
BalanceNoncurrInvestments_yy,,,,,,,,,,,,,,,,,,,,,,,,,,,,,,,-100.00
BalanceNoncurrInvestments_sy,,,,,,,,,,,,,,,,,,,,,,,,,,,,,,,-2.78
BalanceNoncurrInvestments_qq,,,,,,,,,,,,,,,,,,,,,,,,,,,,-100.00,,,
BalanceNoncurrInvestments_sq,,,,,,,,,,,,,,,,,,,,,,,,,,,,-0.86,,,
BalanceOtherNoncurrentAssets,3389000,3468000,,,4042000,3904000,3947000,,3279000,3764000,3953000,3814000,3608000,3732000,3786000,4003000,3195000,3875000,7310000,13510000,11978000,11268000,11396000,10985000,11550000,14895000,13715000,13541000,13490000,13056000,
BalanceOtherNoncurrentAssets_yy,,,,,19.27,12.57,,,-18.88,-3.59,0.15,,10.03,-0.85,-4.22,4.96,-11.45,3.83,93.08,237.50,274.90,190.79,55.90,-18.69,-3.57,32.19,20.35,23.27,16.80,-12.35,-100.00
BalanceOtherNoncurrentAssets_sy,,,,,17.82,12.78,,,-5.62,2.55,10.78,,10.88,8.96,13.30,6.62,16.88,18.72,16.00,14.24,0.10,12.86,23.44,0.55,35.83,32.59,23.20,19.86,3.54,-6.94,-0.17
BalanceOtherNoncurrentAssets_qq,,2.33,-100.00,,,-3.41,1.10,-100.00,,14.79,5.02,-3.52,-5.40,3.44,1.45,5.73,-20.18,21.28,88.65,84.82,-11.34,-5.93,1.14,-3.61,5.14,28.96,-7.92,-1.27,-0.38,-3.22,-100.00
BalanceOtherNoncurrentAssets_sq,,-0.84,-2.46,,,-2.04,1.10,-0.49,,0.13,-1.35,-2.34,-0.43,-0.81,2.10,,9.08,3.64,-2.37,0.66,1.13,,1.14,0.73,12.59,-1.25,-0.71,-1.27,1.19,,3.69
BalanceCurrentAssets,78161000,86831000,,,84945000,97233000,86399000,,88140000,120067000,127897000,123779000,95148000,111209000,111468000,98567000,109597000,104321000,108668000,113517000,110098000,128125000,122718000,120133000,123723000,148650000,155553000,155895000,160276000,172966000,164329000
BalanceCurrentAssets_yy,,,,,8.68,11.98,,,3.76,23.48,48.03,,7.95,-7.38,-12.85,-20.37,15.19,-6.19,-2.51,15.17,0.46,22.82,12.93,5.83,12.38,16.02,26.76,29.77,29.54,16.36,5.64
BalanceCurrentAssets_sy,,,,,17.20,9.55,,,1.18,4.72,1.29,,3.45,-3.81,1.76,6.83,11.13,14.68,13.69,7.67,1.96,-3.85,-9.56,4.83,12.40,15.46,17.24,13.91,14.14,9.86,13.70
BalanceCurrentAssets_qq,,11.09,-100.00,,,14.47,-11.14,-100.00,,36.22,6.52,-3.22,-23.13,16.88,0.23,-11.57,11.19,-4.81,4.17,4.46,-3.01,16.37,-4.22,-2.11,2.99,20.15,4.64,0.22,2.81,7.92,-4.99
BalanceCurrentAssets_sq,,10.04,1.62,,,5.44,2.15,-0.62,,7.22,1.11,0.80,-6.72,3.47,3.24,3.70,-3.81,6.16,3.26,-1.08,-6.78,6.31,,3.56,-1.24,10.80,1.88,0.62,-2.65,7.88,-1.14
BalanceInventory,24349000,22674000,,,33581000,32242000,33915000,,36483000,30023000,30085000,31654000,37538000,42132000,45003000,44218000,42966000,45323000,42440000,45707000,46687000,53503000,54255000,51480000,53260000,54952000,57423000,66305000,65644000,66042000,59402000
BalanceInventory_yy,,,,,37.92,42.20,,,8.64,-6.88,-11.29,,2.89,40.33,49.59,39.69,14.46,7.57,-5.70,3.37,8.66,18.05,27.84,12.63,14.08,2.71,5.84,28.80,23.25,20.18,3.45
BalanceInventory_sy,,,,,16.98,14.99,,,2.80,0.68,-4.33,,2.89,4.13,9.50,14.11,9.32,6.83,5.28,-2.90,,-6.00,-1.46,7.32,17.23,9.22,11.38,10.30,9.97,5.60,16.33
BalanceInventory_qq,,-6.88,-100.00,,,-3.99,5.19,-100.00,,-17.71,0.21,5.22,18.59,12.24,6.81,-1.74,-2.83,5.49,-6.36,7.70,2.14,14.60,1.41,-5.11,3.46,3.18,4.50,15.47,-1.00,0.61,-10.05
BalanceInventory_sq,,9.01,1.68,,,1.42,3.04,-1.58,,1.78,-0.77,-1.14,2.48,0.88,1.30,0.34,1.80,0.29,-1.46,-6.14,-1.32,1.29,2.25,-1.73,6.13,-0.88,2.84,-1.61,5.03,2.16,-1.84
BalanceCurrentReceivables,29579000,38391000,,,40541000,43393000,44159000,,39931000,45022000,39201000,34692000,42529000,56395000,54350000,50664000,64552000,52291000,64240000,66321000,62172000,66344000,64328000,62458000,57339000,75247000,75905000,85580000,89339000,100802000,96869000
BalanceCurrentReceivables_yy,,,,,37.06,13.03,,,-1.50,3.75,-11.23,,6.51,25.26,38.64,46.04,51.78,-7.28,18.20,30.90,-3.69,26.87,0.14,-5.82,-7.77,13.42,18.00,37.02,55.81,33.96,27.62
BalanceCurrentReceivables_sy,,,,,18.55,11.42,,,0.02,1.16,-1.32,,0.15,-5.62,-3.84,3.36,4.32,9.79,12.40,10.04,1.78,-10.94,-12.94,-5.70,0.10,6.32,15.46,20.70,20.32,13.83,8.20
BalanceCurrentReceivables_qq,,29.79,-100.00,,,7.03,1.77,-100.00,,12.75,-12.93,-11.50,22.59,32.60,-3.63,-6.78,27.41,-18.99,22.85,3.24,-6.26,6.71,-3.04,-2.91,-8.20,31.23,0.87,12.75,4.39,12.83,-3.90
BalanceCurrentReceivables_sq,,20.94,2.56,,,10.32,4.92,-2.74,,21.28,4.24,0.39,-14.45,12.25,2.60,2.83,-13.20,19.23,6.54,0.18,-19.33,8.70,2.57,-1.30,-16.40,22.70,3.14,1.34,-13.50,20.48,2.48
BalanceCurrentInvestments,19304000,16138000,,,0,0,,,618000,736000,579000,509000,1413000,277000,162000,97000,2000,211000,2000,2000,446000,2056000,1000,2173000,253000,4794000,3279000,781000,950000,1000,54000
BalanceCurrentInvestments_yy,,,,,-100.00,-100.00,,,,,,,128.64,-62.36,-72.02,-80.94,-99.86,-23.83,-98.77,-97.94,22200.00,874.41,-50.00,108550.00,-43.27,133.17,327800.00,-64.06,275.49,-99.98,-98.35
BalanceCurrentInvestments_sy,,,,,11.14,71.79,,,,,,,-11.01,-32.13,-31.77,22.90,53.26,86.16,-3.51,-2.89,-3.60,5.10,8.78,12.41,34.22,-20.83,18.15,-36.27,-14.00,-27.58,-45.10
BalanceCurrentInvestments_qq,,-16.40,-100.00,,,,,,,19.09,-21.33,-12.09,177.60,-80.40,-41.52,-40.12,-97.94,10450.00,-99.05,,22200.00,360.99,-99.95,217200.00,-88.36,1794.86,-31.60,-76.18,21.64,-99.89,5300.00
BalanceCurrentInvestments_sq,,-23.81,-37.65,,,,,,,71.69,-21.33,-7.25,14.75,-0.54,-2.50,17.20,1.15,23.72,-3.10,,10.35,23.94,-22.05,2.50,-9.12,20.89,-13.42,-17.90,6.15,0.56,-29.69
BalanceCash,4476000,5663000,,,10471000,18752000,5528000,,10675000,39857000,54736000,55150000,12573000,7621000,7928000,1076000,1719000,2018000,493000,399000,512000,3425000,1819000,2785000,12557000,10098000,15951000,1548000,3890000,1991000,4810000
BalanceCash_yy,,,,,133.94,231.13,,,1.95,112.55,890.16,,17.78,-80.88,-85.52,-98.05,-86.33,-73.52,-93.78,-62.92,-70.22,69.72,268.97,597.99,2352.54,194.83,776.91,-44.42,-69.02,-80.28,-69.85
BalanceCash_sy,,,,,13.86,38.93,,,3.00,-3.57,-6.69,,17.78,21.16,5.66,-12.03,-14.82,16.29,0.76,25.90,34.14,11.48,-6.96,9.52,7.69,41.98,31.10,5.20,18.35,19.55,51.58
BalanceCash_qq,,26.52,-100.00,,,79.09,-70.52,-100.00,,273.37,37.33,0.76,-77.20,-39.39,4.03,-86.43,59.76,17.39,-75.57,-19.07,28.32,568.95,-46.89,53.11,350.88,-19.58,57.96,-90.30,151.29,-48.82,141.59
BalanceCash_sq,,0.24,11.94,,,-5.76,6.43,12.88,,-23.58,1.14,4.94,21.49,-8.54,-17.94,-0.68,27.08,-4.84,16.79,8.40,15.04,-19.71,-3.13,19.92,34.69,-11.18,-9.31,16.48,21.46,-18.90,18.57
BalanceOtherCurrentAssets,453000,3965000,,,352000,2846000,2797000,,433000,4429000,3296000,1774000,1095000,4784000,4025000,2512000,358000,4478000,1493000,1088000,281000,2797000,2315000,1237000,314000,3559000,2995000,1681000,453000,4130000,3194000
BalanceOtherCurrentAssets_yy,,,,,-22.30,-28.22,,,23.01,55.62,17.84,,152.89,8.02,22.12,41.60,-67.31,-6.40,-62.91,-56.69,-21.51,-37.54,55.06,13.69,11.74,27.24,29.37,35.89,44.27,16.04,6.64
BalanceOtherCurrentAssets_sy,,,,,-0.76,17.20,,,-5.82,8.67,7.36,,9.98,-5.06,4.32,11.17,22.54,10.24,2.97,-4.84,3.85,-5.65,15.13,13.69,4.55,6.67,3.62,5.48,17.81,11.10,5.30
BalanceOtherCurrentAssets_qq,,775.28,-100.00,,,708.52,-1.72,-100.00,,922.86,-25.58,-46.18,-38.28,336.89,-15.87,-37.59,-85.75,1150.84,-66.66,-27.13,-74.17,895.37,-17.23,-46.57,-74.62,1033.44,-15.85,-43.87,-73.05,811.70,-22.66
BalanceOtherCurrentAssets_sq,,72.99,-3.90,,,98.62,-15.42,-22.22,,143.67,-9.26,-21.11,-38.69,108.64,-4.48,-21.62,-52.06,148.61,-4.55,-22.64,-35.80,30.71,6.28,-4.08,-23.20,54.10,3.52,-17.06,-28.11,89.68,-20.94
BalanceAssetsForSale,,,,,,,,,,,,,,,,,6308000,6308000,6308000,,,,,,,,,5878000,3239000,,849000
BalanceAssetsForSale_yy,,,,,,,,,,,,,,,,,,,,,-100.00,-100.00,-100.00,,,,,,,,
BalanceAssetsForSale_sy,,,,,,,,,,,,,,,,,,,,,-58.87,-79.51,-49.35,,,,,,,,
BalanceAssetsForSale_qq,,,,,,,,,,,,,,,,,,,,-100.00,,,,,,,,,-44.90,-100.00,
BalanceAssetsForSale_sq,,,,,,,,,,,,,,,,,,,,-13.71,,,,,,,,,1.12,6.10,
BalanceTotalAssets,226829000,234685000,,,236491000,248325000,237519000,,243754000,275361000,283665000,281316000,303976000,332830000,344482000,337887000,372715000,368177000,376027000,380798000,378549000,391087000,383830000,377906000,378241000,418140000,420217000,415082000,418729000,427159000,411378000
BalanceTotalAssets_yy,,,,,4.26,5.81,,,3.07,10.89,19.43,,24.71,20.87,21.44,20.11,22.61,10.62,9.16,12.70,1.57,6.22,2.08,-0.76,-0.08,6.92,9.48,9.84,10.70,2.16,-2.10
BalanceTotalAssets_sy,,,,,13.34,10.70,,,1.30,2.82,2.60,,5.53,4.61,5.93,9.45,6.86,11.17,11.22,5.07,2.32,2.53,1.64,2.66,7.27,6.26,8.96,9.28,6.13,4.45,5.64
BalanceTotalAssets_qq,,3.46,-100.00,,,5.00,-4.35,-100.00,,12.97,3.02,-0.83,8.05,9.49,3.50,-1.91,10.31,-1.22,2.13,1.27,-0.59,3.31,-1.86,-1.54,0.09,10.55,0.50,-1.22,0.88,2.01,-3.69
BalanceTotalAssets_sq,,6.24,-0.40,,,2.36,0.94,0.01,,3.72,1.40,0.95,-0.31,1.42,3.49,2.08,-1.06,3.22,2.07,-0.54,-2.84,2.14,2.09,1.78,0.04,3.38,0.55,1.46,-1.51,3.42,1.26
BalanceCapital,120922000,57144000,,,144525000,151400000,159632000,,171364000,177837000,184030000,189529000,193093000,199779000,204616000,207438000,210334000,218341000,226292000,237753000,249317000,256972000,259290000,266263000,269532000,277275000,243210000,242605000,244060000,253903000,260595000
BalanceCapital_yy,,,,,19.52,164.94,,,18.57,17.46,15.28,,12.68,12.34,11.19,9.45,8.93,9.29,10.59,14.61,18.53,17.69,14.58,11.99,8.11,7.90,-6.20,-8.89,-9.45,-8.43,7.15
BalanceCapital_sy,,,,,19.89,13.97,,,4.75,6.44,-1.37,,4.01,4.43,2.24,8.20,7.90,7.70,9.86,6.64,5.10,5.40,4.61,-0.01,3.94,5.92,0.81,3.29,3.67,4.47,5.98
BalanceCapital_qq,,-52.74,-100.00,,,4.76,5.44,-100.00,,3.78,3.48,2.99,1.88,3.46,2.42,1.38,1.40,3.81,3.64,5.06,4.86,3.07,0.90,2.69,1.23,2.87,-12.29,-0.25,0.60,4.03,2.64
BalanceCapital_sq,,2.74,0.77,,,2.68,1.69,,,1.48,0.07,1.41,1.18,1.68,1.16,2.74,1.85,1.88,0.12,2.84,1.19,0.53,0.66,2.92,0.54,2.94,-1.12,0.81,0.22,2.96,0.86
BalanceShareCapital,41760000,41760000,,,96300000,96300000,96300000,,96300000,96300000,96300000,96300000,96300000,96300000,96300000,96300000,96300000,96300000,96300000,96300000,96300000,96300000,96300000,96300000,96300000,96300000,96300000,96300000,96300000,96300000,96300000
BalanceShareCapital_yy,,,,,130.60,130.60,,,,,,,,,,,,,,,,,,,,,,,,,
BalanceShareCapital_sy,,,,,,,,,,,,,,,,,,,,,,,,,,,,,,,
BalanceShareCapital_qq,,,-100.00,,,,,-100.00,,,,,,,,,,,,,,,,,,,,,,,
BalanceShareCapital_sq,,,,,,,,,,,,,,,,,,,,,,,,,,,,,,,
BalanceOwnShares,,,,,,,,,,,,,,,,,,,,,,,,,,,,,,,
BalanceOwnShares_yy,,,,,,,,,,,,,,,,,,,,,,,,,,,,,,,
BalanceOwnShares_sy,,,,,,,,,,,,,,,,,,,,,,,,,,,,,,,
BalanceOwnShares_qq,,,,,,,,,,,,,,,,,,,,,,,,,,,,,,,
BalanceOwnShares_sq,,,,,,,,,,,,,,,,,,,,,,,,,,,,,,,
BalanceReserve,29323000,13920000,,,25636000,25636000,30894000,,31254000,30852000,30311000,31268000,31286000,30991000,30957000,30939000,30879000,30885000,36751000,36930000,37314000,38526000,37266000,39523000,37741000,43948000,45743000,43911000,44212000,44005000,53120000
BalanceReserve_yy,,,,,-12.57,84.17,,,21.91,20.35,-1.89,,0.10,0.45,2.13,-1.05,-1.30,-0.34,18.72,19.36,20.84,24.74,1.40,7.02,1.14,14.07,22.75,11.10,17.15,0.13,16.13
BalanceReserve_sy,,,,,4.91,13.46,,,10.74,8.26,0.05,,3.85,3.81,4.74,3.66,4.94,5.15,8.46,5.06,6.96,5.42,2.19,1.77,0.57,0.84,11.28,6.14,4.98,0.13,8.09
BalanceReserve_qq,,-52.53,-100.00,,,,20.51,-100.00,,-1.29,-1.75,3.16,0.06,-0.94,-0.11,-0.06,-0.19,0.02,18.99,0.49,1.04,3.25,-3.27,6.06,-4.51,16.45,4.08,-4.00,0.69,-0.47,20.71
BalanceReserve_sq,,-0.06,3.38,,,,7.61,,,,1.81,,0.01,,2.08,,,,5.70,,,,1.41,,,,0.22,,,,8.22
BalanceNonshareCapital,,,,,,,,,,,,,,,,,,,,,,,,,,,,,,,
BalanceNonshareCapital_yy,,,,,,,,,,,,,,,,,,,,,,,,,,,,,,,
BalanceNonshareCapital_sy,,,,,,,,,,,,,,,,,,,,,,,,,,,,,,,
BalanceNonshareCapital_qq,,,,,,,,,,,,,,,,,,,,,,,,,,,,,,,
BalanceNonshareCapital_sq,,,,,,,,,,,,,,,,,,,,,,,,,,,,,,,
BalanceNoncurrentLiabilities,56727000,52187000,,,30007000,29966000,29768000,,30317000,56687000,57109000,55355000,55832000,53815000,53549000,34326000,33836000,33835000,33113000,33687000,30135000,29478000,28302000,70583000,69513000,70943000,69954000,69701000,69923000,69410000,55765000
BalanceNoncurrentLiabilities_yy,,,,,-47.10,-42.58,,,1.03,89.17,91.85,,84.16,-5.07,-6.23,-37.99,-39.40,-37.13,-38.16,-1.86,-10.94,-12.88,-14.53,109.53,130.67,140.66,147.17,-1.25,0.59,-2.16,-20.28
BalanceNoncurrentLiabilities_sy,,,,,15.43,12.57,,,-5.21,4.23,-10.07,,8.19,-5.07,33.60,10.90,-8.44,-0.05,-2.92,-7.28,-11.82,-1.05,-0.08,6.06,4.13,-2.18,5.64,6.05,0.52,-1.07,4.78
BalanceNoncurrentLiabilities_qq,,-8.00,-100.00,,,-0.14,-0.66,-100.00,,86.98,0.74,-3.07,0.86,-3.61,-0.49,-35.90,-1.43,,-2.13,1.73,-10.54,-2.18,-3.99,149.39,-1.52,2.06,-1.39,-0.36,0.32,-0.73,-19.66
BalanceNoncurrentLiabilities_sq,,-4.56,-4.00,,,-0.48,-0.66,-4.68,,4.83,-1.65,-0.66,-0.19,-3.32,-1.40,0.33,-1.46,,-4.20,-1.24,-1.63,-2.20,-2.65,-1.24,-1.06,0.36,-3.07,0.81,-0.26,-1.07,-3.43
BalanceNoncurrentTradeLiabilities,,,,,,,,,,,,,,,,,,,,,,,,,,,,,,,
BalanceNoncurrentTradeLiabilities_yy,,,,,,,,,,,,,,,,,,,,,,,,,,,,,,,
BalanceNoncurrentTradeLiabilities_sy,,,,,,,,,,,,,,,,,,,,,,,,,,,,,,,
BalanceNoncurrentTradeLiabilities_qq,,,,,,,,,,,,,,,,,,,,,,,,,,,,,,,
BalanceNoncurrentTradeLiabilities_sq,,,,,,,,,,,,,,,,,,,,,,,,,,,,,,,
BalanceNoncurrentBorrowings,26984000,22773000,,,19000,143000,220000,,226000,26630000,27229000,25609000,23835000,22067000,22200000,3304000,2847000,2734000,2291000,1925000,1575000,1942000,669000,1094000,42291000,42415000,42409000,42426000,42376000,42351000,42448000
BalanceNoncurrentBorrowings_yy,,,,,-99.93,-99.37,,,1089.47,18522.38,12276.82,,10446.46,-17.13,-18.47,-87.10,-88.06,-87.61,-89.68,-41.74,-44.68,-28.97,-70.80,-43.17,2585.14,2084.09,6239.16,3778.06,0.20,-0.15,0.09
BalanceNoncurrentBorrowings_sy,,,,,59.34,31.91,,,-18.23,23.36,-2.43,,-2.23,-14.47,-15.81,-3.89,-8.42,-11.39,-2.65,-23.85,-27.33,-23.39,-21.24,-2.89,-17.42,-32.28,-13.74,2.66,0.20,-2.59,1.36
BalanceNoncurrentBorrowings_qq,,-15.61,-100.00,,,652.63,53.85,-100.00,,11683.19,2.25,-5.95,-6.93,-7.42,0.60,-85.12,-13.83,-3.97,-16.20,-15.98,-18.18,23.30,-65.55,63.53,3765.72,0.29,-0.01,0.04,-0.12,-0.06,0.23
BalanceNoncurrentBorrowings_sq,,-10.40,-8.07,,,-10.58,-7.18,-8.14,,-2.16,-5.64,-3.83,-4.62,-7.36,-4.51,0.12,-9.16,-3.99,-10.05,-7.28,-5.54,-0.59,-8.22,-5.00,-2.65,-5.90,-2.58,0.14,-3.12,-6.31,-6.06
BalanceNoncurrentObligations,,,,,,,,,,,,,,,,,,,,,,,,42200000,,,,,,,
BalanceNoncurrentObligations_yy,,,,,,,,,,,,,,,,,,,,,,,,,,,,-100.00,,,
BalanceNoncurrentObligations_sy,,,,,,,,,,,,,,,,,,,,,,,,,,,,-100.00,,,
BalanceNoncurrentObligations_qq,,,,,,,,,,,,,,,,,,,,,,,,,-100.00,,,,,,
BalanceNoncurrentObligations_sq,,,,,,,,,,,,,,,,,,,,,,,,,-100.00,,,,,,
BalanceNoncurrentLeasing,,,,,,,,,,,,,,,,,,,,,,,,,,,,,,,
BalanceNoncurrentLeasing_yy,,,,,,,,,,,,,,,,,,,,,,,,,,,,,,,
BalanceNoncurrentLeasing_sy,,,,,,,,,,,,,,,,,,,,,,,,,,,,,,,
BalanceNoncurrentLeasing_qq,,,,,,,,,,,,,,,,,,,,,,,,,,,,,,,
BalanceNoncurrentLeasing_sq,,,,,,,,,,,,,,,,,,,,,,,,,,,,,,,
BalanceNoncurrentOtherLiabilities,29743000,29414000,,,29988000,29823000,29548000,,30091000,30057000,29880000,29746000,31997000,31748000,31349000,31022000,30989000,31101000,30822000,31762000,28560000,27536000,27633000,27289000,27222000,28528000,27545000,27275000,27547000,27059000,13317000
BalanceNoncurrentOtherLiabilities_yy,,,,,0.82,1.39,,,0.34,0.78,1.12,,6.33,5.63,4.92,4.29,-3.15,-2.04,-1.68,2.39,-7.84,-11.46,-10.35,-14.08,-4.68,3.60,-0.32,-0.05,1.19,-5.15,-51.65
BalanceNoncurrentOtherLiabilities_sy,,,,,10.06,13.56,,,2.83,0.72,0.93,,6.33,2.01,4.98,2.20,1.18,3.74,5.59,1.07,-3.80,-6.84,-9.76,-6.38,4.98,1.43,-1.32,-2.06,1.52,-3.14,4.28
BalanceNoncurrentOtherLiabilities_qq,,-1.11,-100.00,,,-0.55,-0.92,-100.00,,-0.11,-0.59,-0.45,7.57,-0.78,-1.26,-1.04,-0.11,0.36,-0.90,3.05,-10.08,-3.59,0.35,-1.24,-0.25,4.80,-3.45,-0.98,1.00,-1.77,-50.79
BalanceNoncurrentOtherLiabilities_sq,,-2.02,-0.51,,,1.86,-0.86,-0.68,,0.71,-0.59,2.76,-0.88,-0.67,1.53,2.22,-0.28,,-0.66,-0.04,-4.04,-0.06,0.16,-1.30,0.12,0.26,-0.69,-1.30,0.56,0.22,-3.13
BalanceCurrentLiabilities,49180000,125354000,,,61959000,66959000,48119000,,42073000,40837000,42526000,36432000,55051000,79236000,86317000,96123000,128545000,116001000,116622000,109358000,99097000,104637000,96238000,41060000,39196000,69922000,107053000,102776000,104746000,103846000,95018000
BalanceCurrentLiabilities_yy,,,,,25.98,-46.58,,,-32.10,-39.01,-11.62,,30.85,94.03,102.97,163.84,133.50,46.40,35.11,13.77,-22.91,-9.80,-17.48,-62.45,-60.45,-33.18,11.24,150.31,167.24,48.52,-11.24
BalanceCurrentLiabilities_sy,,,,,14.14,0.91,,,4.31,4.77,8.93,,4.47,2.18,8.22,13.80,11.36,12.61,17.62,10.36,-2.00,-5.96,-5.96,6.08,12.70,24.60,24.98,13.69,10.58,10.60,8.79
BalanceCurrentLiabilities_qq,,154.89,-100.00,,,8.07,-28.14,-100.00,,-2.94,4.14,-14.33,51.11,43.93,8.94,11.36,33.73,-9.76,0.54,-6.23,-9.38,5.59,-8.03,-57.33,-4.54,78.39,53.10,-4.00,1.92,-0.86,-8.50
BalanceCurrentLiabilities_sq,,13.44,0.14,,,3.52,0.80,1.87,,5.73,4.14,-0.55,-0.38,2.16,7.82,2.06,-3.66,7.04,7.27,-7.44,-7.18,3.72,7.28,2.23,-0.68,4.48,4.31,-3.50,1.64,3.05,1.02
BalanceCurrentTradePayablesv,23155000,24390000,,,20684000,22621000,22980000,,18266000,22017000,22335000,18319000,21233000,39878000,29740000,26531000,38205000,32569000,30951000,29449000,26670000,33643000,29535000,22911000,24915000,36624000,33828000,42152000,44869000,43214000,42192000
BalanceCurrentTradePayablesv_yy,,,,,-10.67,-7.25,,,-11.69,-2.67,-2.81,,16.24,81.12,33.15,44.83,79.93,-18.33,4.07,11.00,-30.19,3.30,-4.57,-22.20,-6.58,8.86,14.54,83.98,80.09,17.99,24.73
BalanceCurrentTradePayablesv_sy,,,,,12.25,1.67,,,-12.60,-4.35,-1.66,,14.51,7.41,14.95,5.78,13.87,7.32,12.06,3.46,-5.29,-5.08,-4.57,7.80,13.77,18.28,9.70,25.28,10.74,12.56,14.86
BalanceCurrentTradePayablesv_qq,,5.33,-100.00,,,9.36,1.59,-100.00,,20.54,1.44,-17.98,15.91,87.81,-25.42,-10.79,44.00,-14.75,-4.97,-4.85,-9.44,26.15,-12.21,-22.43,8.75,47.00,-7.63,24.61,6.45,-3.69,-2.36
BalanceCurrentTradePayablesv_sq,,12.72,-0.08,,,4.60,0.36,-6.39,,15.62,-0.47,2.85,-10.81,13.69,7.97,-0.73,-7.70,12.34,1.30,-11.80,-8.44,10.42,6.16,-7.50,1.91,13.72,1.24,3.25,-9.15,9.13,1.92
BalanceCurrentBorrowings,16711000,22195000,,,32058000,30506000,11581000,,15298000,6392000,7963000,7107000,24744000,25106000,42156000,54829000,72954000,68398000,71670000,61364000,61278000,58824000,55190000,6995000,5907000,18434000,59590000,40644000,44912000,43221000,33473000
BalanceCurrentBorrowings_yy,,,,,91.84,37.45,,,-52.28,-79.05,-31.24,,61.75,292.77,429.40,671.48,194.84,172.44,70.01,11.92,-16.00,-14.00,-22.99,-88.60,-90.36,-68.66,7.97,481.04,660.32,134.46,-43.83
BalanceCurrentBorrowings_sy,,,,,-0.22,13.20,,,17.19,13.56,13.46,,-1.42,-0.76,-10.60,7.12,-6.00,14.07,14.97,-2.24,-7.39,-10.18,-11.91,-0.31,7.71,41.39,16.71,-2.03,20.59,16.00,-1.45
BalanceCurrentBorrowings_qq,,32.82,-100.00,,,-4.84,-62.04,-100.00,,-58.22,24.58,-10.75,248.16,1.46,67.91,30.06,33.06,-6.25,4.78,-14.38,-0.14,-4.00,-6.18,-87.33,-15.55,212.07,223.26,-31.79,10.50,-3.77,-22.55
BalanceCurrentBorrowings_sq,,9.90,-2.87,,,7.17,8.40,-0.96,,-6.26,0.44,-6.52,-0.24,-10.37,-1.25,16.08,-6.21,0.26,4.78,-7.12,-9.75,-7.13,11.74,13.72,-4.12,1.41,4.06,-13.62,10.50,0.16,0.28
BalanceCurrentObligations,,,,,,,,,,,,,,,,,,,,,,,,,,,,,,,
BalanceCurrentObligations_yy,,,,,,,,,,,,,,,,,,,,,,,,,,,,,,,
BalanceCurrentObligations_sy,,,,,,,,,,,,,,,,,,,,,,,,,,,,,,,
BalanceCurrentObligations_qq,,,,,,,,,,,,,,,,,,,,,,,,,,,,,,,
BalanceCurrentObligations_sq,,,,,,,,,,,,,,,,,,,,,,,,,,,,,,,
BalanceCurrentLeasing,,,,,,,,,,,,,,,,,,,,,,,,,,,,,,,
BalanceCurrentLeasing_yy,,,,,,,,,,,,,,,,,,,,,,,,,,,,,,,
BalanceCurrentLeasing_sy,,,,,,,,,,,,,,,,,,,,,,,,,,,,,,,
BalanceCurrentLeasing_qq,,,,,,,,,,,,,,,,,,,,,,,,,,,,,,,
BalanceCurrentLeasing_sq,,,,,,,,,,,,,,,,,,,,,,,,,,,,,,,
BalanceCurrentOtherLiabilities,9314000,78769000,,,9217000,13832000,13558000,,8509000,12428000,12173000,11006000,8993000,14189000,14358000,14729000,17333000,14982000,13954000,14287000,11149000,12170000,11513000,11154000,8374000,14864000,13635000,19980000,13123000,16280000,16622000
BalanceCurrentOtherLiabilities_yy,,,,,-1.04,-82.44,,,-7.68,-10.15,-10.22,,5.69,14.17,17.95,33.83,92.74,5.59,-2.81,-3.00,-35.68,-18.77,-17.49,-21.93,-24.89,22.14,18.43,79.13,56.71,9.53,21.91
BalanceCurrentOtherLiabilities_sy,,,,,11.86,23.92,,,-1.56,2.59,0.90,,3.39,3.36,-0.27,3.33,17.40,3.81,9.22,18.92,7.10,-2.30,33.45,-2.02,-1.37,-7.60,-9.56,22.16,6.38,29.51,30.88
BalanceCurrentOtherLiabilities_qq,,745.71,-100.00,,,50.07,-1.98,-100.00,,46.06,-2.05,-9.59,-18.29,57.78,1.19,2.58,17.68,-13.56,-6.86,2.39,-21.96,9.16,-5.40,-3.12,-24.92,77.50,-8.27,46.53,-34.32,24.06,2.10
BalanceCurrentOtherLiabilities_sq,,18.13,12.70,,,10.34,1.92,-6.06,,7.85,5.16,-9.29,-6.62,9.25,-1.81,-5.12,12.92,1.16,-0.95,10.34,6.18,0.90,11.47,-2.98,2.85,0.96,2.34,12.84,9.93,20.64,6.86
BalanceReckoning,,,,,,,,,0,,55000,,81000,63000,63000,34000,53000,52000,47000,4258000,,,,,,,,,1842000,1131000,2731000
BalanceReckoning_yy,,,,,,,,,,,,,,,14.55,,-34.57,-17.46,-25.40,12423.53,-100.00,-100.00,-100.00,-100.00,,,,,,,
BalanceReckoning_sy,,,,,,,,,,,,,,,10.46,,11.76,4.98,-0.10,9.20,0.08,1.16,,-6.72,,,,,,,
BalanceReckoning_qq,,,,,,,,,,,,-100.00,,-22.22,,-46.03,55.88,-1.89,-9.62,8959.57,-100.00,,,,,,,,,-38.60,141.47
BalanceReckoning_sq,,,,,,,,,,,,1.06,,14.03,,-4.57,13.66,-0.94,-2.14,0.10,,,,,,,,,,2.44,1.01
BalanceTotalEquityAndLiabilities,226829000,234685000,0,0,236491000,248325000,237519000,0,243754000,275361000,283665000,281316000,303976000,332830000,344482000,337887000,372715000,368177000,376027000,380798000,378549000,391087000,383830000,377906000,378241000,418140000,420217000,415082000,418729000,427159000,411378000
BalanceTotalEquityAndLiabilities_yy,,,,,4.26,5.81,,,3.07,10.89,19.43,,24.71,20.87,21.44,20.11,22.61,10.62,9.16,12.70,1.57,6.22,2.08,-0.76,-0.08,6.92,9.48,9.84,10.70,2.16,-2.10
BalanceTotalEquityAndLiabilities_sy,,,,,13.34,10.70,,,1.00,2.77,2.60,,5.53,4.61,6.16,9.45,6.86,11.17,11.22,5.96,2.44,2.53,1.64,2.66,7.27,6.26,8.96,8.70,6.18,4.45,5.71
BalanceTotalEquityAndLiabilities_qq,,3.46,-100.00,,,5.00,-4.35,-100.00,,12.97,3.02,-0.83,8.05,9.49,3.50,-1.91,10.31,-1.22,2.13,1.27,-0.59,3.31,-1.86,-1.54,0.09,10.55,0.50,-1.22,0.88,2.01,-3.69
BalanceTotalEquityAndLiabilities_sq,,6.24,-0.40,,,2.42,0.94,0.01,,3.72,1.40,0.95,-0.31,1.38,3.50,2.08,-0.83,3.27,2.07,-0.54,-2.84,2.14,2.10,1.78,0.04,3.38,0.55,1.48,-1.50,3.45,1.26
CashflowOperatingCashflow,-1339000,-1326000,10404000,6565000,8064000,10574000,8782000,6802000,2785000,14570000,18136000,6594000,4066000,3604000,8560000,9742000,2065000,16414000,1744000,6157000,8833000,7758000,5512000,11608000,11536000,4541000,-263000,5638000,3026000,2707000,22177000
CashflowOperatingCashflow_yy,,,,,702.24,897.44,-15.59,3.61,-65.46,37.79,106.51,-3.06,46.00,-75.26,-52.80,47.74,-49.21,355.44,-79.63,-36.80,327.75,-52.74,216.06,88.53,30.60,-41.47,-104.77,-51.43,-73.77,-40.39,8532.32
CashflowOperatingCashflow_sy,,,,,169.81,83.35,-2.28,-0.76,-26.16,-35.58,127.17,36.04,-4.66,25.54,12.81,-91.83,19.55,-29.99,-31.39,215.68,8.68,122.35,79.96,-64.19,19.46,-38.22,-28.29,91.78,-8.21,-2.16,153.93
CashflowOperatingCashflow_qq,,0.97,884.62,-36.90,22.83,31.13,-16.95,-22.55,-59.06,423.16,24.47,-63.64,-38.34,-11.36,137.51,13.81,-78.80,694.87,-89.37,253.04,43.46,-12.17,-28.95,110.60,-0.62,-60.64,-105.79,2243.73,-46.33,-10.54,719.25
CashflowOperatingCashflow_sq,,-84.42,141.36,62.23,63.32,-92.34,83.97,110.47,24.11,-76.80,152.73,5.80,-34.04,-62.23,119.08,-85.26,91.64,-97.12,105.29,170.66,8.17,-35.15,193.28,-4.19,202.00,-73.42,48.63,166.12,14.38,-69.96,168.12
CashflowAmortization,1672000,2172000,2201000,2225000,2249000,2248000,2340000,2370000,2391000,2460000,2603000,2649000,3370000,3331000,3698000,3731000,3761000,3920000,3982000,3963000,3734000,4022000,4011000,4421000,4470000,5305000,5253000,5134000,4739000,4565000,4526000
CashflowAmortization_yy,,,,,34.51,3.50,6.32,6.52,6.31,9.43,11.24,11.77,40.95,35.41,42.07,40.85,11.60,17.68,7.68,6.22,-0.72,2.60,0.73,11.56,19.71,31.90,30.96,16.13,6.02,-13.95,-13.84
CashflowAmortization_sy,,,,,4.15,10.62,9.14,5.53,5.50,2.16,3.35,-1.63,2.24,2.54,1.98,3.50,5.25,5.53,7.14,5.30,3.17,6.04,2.26,8.48,7.32,5.23,6.11,7.14,1.93,2.72,7.02
CashflowAmortization_qq,,29.90,1.34,1.09,1.08,-0.04,4.09,1.28,0.89,2.89,5.81,1.77,27.22,-1.16,11.02,0.89,0.80,4.23,1.58,-0.48,-5.78,7.71,-0.27,10.22,1.11,18.68,-0.98,-2.27,-7.69,-3.67,-0.85
CashflowAmortization_sq,,2.72,1.18,1.20,0.77,1.76,0.14,0.94,0.08,2.29,1.22,1.61,2.23,0.49,0.81,0.66,2.44,0.71,1.32,1.00,0.14,1.38,1.23,1.82,0.80,-0.68,-0.40,0.66,1.64,-0.26,2.17
CashflowInvestingCashflow,-5626000,2264000,-2738000,-2901000,5196000,-3444000,-3261000,-2847000,-6052000,-2579000,-4001000,-4236000,-57619000,-6705000,-25082000,-9798000,-18699000,-12474000,-4186000,4595000,-8496000,-2142000,-2091000,-2298000,-1030000,-7305000,1734000,627000,-1615000,737000,-9710000
CashflowInvestingCashflow_yy,,,,,192.36,-252.12,-19.10,1.86,-216.47,25.12,-22.69,-48.79,-852.07,-159.98,-526.89,-131.30,67.55,-86.04,83.31,146.90,54.56,82.83,50.05,-150.01,87.88,-241.04,182.93,127.28,-56.80,110.09,-659.98
CashflowInvestingCashflow_sy,,,,,-51.75,1.15,-229.12,35.22,50.85,-90.64,6.77,-15.57,-42.92,7.42,-3.67,-55.90,10.48,-30.20,31.18,35.80,-1.00,10.90,-28.67,-5.70,3.86,-4.06,-4.90,0.32,-46.83,-46.44,-16.56
CashflowInvestingCashflow_qq,,140.24,-220.94,-5.95,279.11,-166.28,5.31,12.70,-112.57,57.39,-55.14,-5.87,-1260.22,88.36,-274.08,60.94,-90.85,33.29,66.44,209.77,-284.90,74.79,2.38,-9.90,55.18,-609.22,123.74,-63.84,-357.58,145.63,-1417.50
CashflowInvestingCashflow_sq,,20.22,-24.38,-98.91,3.18,26.46,-117.78,5.57,-28.07,-8.62,10.62,-34.14,-36.98,31.74,12.10,-44.65,19.98,3.02,29.27,-57.01,-25.82,-0.99,-15.88,17.76,-9.54,-2.66,-20.12,13.04,-43.79,-47.28,5.77
CashflowCapex,511000,1399000,1117000,1938000,2525000,1978000,2376000,2902000,5766000,1874000,3367000,4889000,61298000,7732000,25711000,9929000,18548000,12498000,5557000,1808000,8112000,1796000,2200000,3148000,1259000,3459000,30000,2129000,4224000,3247000,9432000
CashflowCapex_yy,,,,,394.13,41.39,112.71,49.74,128.36,-5.26,41.71,68.47,963.09,312.59,663.62,103.09,-69.74,61.64,-78.39,-81.79,-56.26,-85.63,-60.41,74.12,-84.48,92.59,-98.64,-32.37,235.50,-6.13,31340.00
CashflowCapex_sy,,,,,8.26,11.66,103.70,-10.80,-39.51,20.10,20.44,54.99,5.92,-12.46,-26.55,-19.67,-0.97,50.05,-7.04,-24.10,36.22,-16.71,78.84,-12.29,-22.04,8.28,-12.14,-25.48,62.47,-5.17,62.20
CashflowCapex_qq,,173.78,-20.16,73.50,30.29,-21.66,20.12,22.14,98.69,-67.50,79.67,45.20,1153.79,-87.39,232.53,-61.38,86.81,-32.62,-55.54,-67.46,348.67,-77.86,22.49,43.09,-60.01,174.74,-99.13,6996.67,98.40,-23.13,190.48
CashflowCapex_sq,,-37.24,4.08,78.08,10.52,-29.98,23.42,4.28,45.61,15.34,-17.31,34.86,-4.48,-10.44,-11.60,32.75,35.72,-10.64,-18.12,6.89,36.48,-24.75,29.00,-28.26,-10.82,-9.06,-4.04,-1.90,98.40,-23.13,11.77
CashflowFinancingCashflow,5551000,249000,-10258000,18379000,-27903000,1151000,-18745000,-3050000,7509000,17191000,744000,-1944000,10976000,-1851000,16829000,-6796000,17277000,-3641000,917000,-10858000,-212000,-2703000,-5027000,-8344000,-734000,305000,4382000,-20668000,931000,-5343000,-9648000
CashflowFinancingCashflow_yy,,,,,-602.67,362.25,-82.74,-116.60,126.91,1393.57,103.97,36.26,46.17,-110.77,2161.96,-249.59,57.41,-96.70,-94.55,-59.77,-101.23,25.76,-648.20,23.15,-246.23,111.28,187.17,-147.70,226.84,-1851.80,-320.17
CashflowFinancingCashflow_sy,,,,,4.95,60.42,-16.79,7.72,-13.74,-2.68,-24.98,22.71,32.07,-94.79,29.55,117.42,48.37,56.80,52.14,-123.04,-66.21,19.06,-62.77,103.52,-26.76,61.42,61.13,-22.32,-12.96,-57.76,22.32
CashflowFinancingCashflow_qq,,-95.51,-4219.68,279.17,-251.82,104.13,-1728.58,83.73,346.20,128.94,-95.67,-361.29,664.61,-116.86,1009.18,-140.38,354.22,-121.07,125.19,-1284.08,98.05,-1175.00,-85.98,-65.98,91.20,141.55,1336.72,-571.66,104.50,-673.90,-80.57
CashflowFinancingCashflow_sq,,71.93,-39.89,-53.87,6.97,64.38,-95.00,-101.43,5.78,81.01,-68.54,-63.21,52.20,6.18,54.02,26.47,-31.42,32.06,-34.86,-230.14,54.46,49.72,-104.80,77.19,-59.08,104.24,-61.97,-76.00,-70.81,24.71,-83.12
CashflowShareCapitalCash,0,66539000,0,0,-283000,,,,,,,,,,,,,,,,,,,,,,,,,,
CashflowShareCapitalCash_yy,,,,,,-100.00,,,100.00,,,,,,,,,,,,,,,,,,,,,,
CashflowShareCapitalCash_sy,,,,,,-100.00,,,100.00,,,,,,,,,,,,,,,,,,,,,,
CashflowShareCapitalCash_qq,,,-100.00,,,100.00,,,,,,,,,,,,,,,,,,,,,,,,,
CashflowShareCapitalCash_sq,,,-100.00,,,100.00,,,,,,,,,,,,,,,,,,,,,,,,,
CashflowDividend,0,66692000,0,0,0,,,,,,,,,,,,,,,-32000000,,,,,,,,35631000,0,,
CashflowDividend_yy,,,,,,-100.00,,,,,,,,,,,,,,,,,,100.00,,,,,,,
CashflowDividend_sy,,,,,,-40.82,,,,,,,,,,,,,,,,,,-19.59,,,,,,,
CashflowDividend_qq,,,-100.00,,,,,,,,,,,,,,,,,,100.00,,,,,,,,-100.00,,
CashflowDividend_sq,,,-97.65,,,,,,,,,,,,,,,,,,-100.00,,,,,,,,-99.64,,
CashflowNetCashflow,-1414000,1187000,-2592000,5883000,1517000,8281000,-13224000,905000,4242000,29182000,14879000,414000,-42577000,-4952000,307000,-6852000,643000,299000,-1525000,-106000,125000,2913000,-1606000,966000,9772000,-2459000,5853000,-14403000,2342000,-1899000,2819000
CashflowNetCashflow_yy,,,,,207.28,597.64,-410.19,-84.62,179.63,252.40,212.52,-54.25,-1103.70,-116.97,-97.94,-1755.07,101.51,106.04,-596.74,98.45,-80.56,874.25,-5.31,1011.32,7717.60,-184.41,464.45,-1590.99,-76.03,22.77,-51.84
CashflowNetCashflow_sy,,,,,103.34,66.89,-42.90,70.04,-63.29,-58.15,65.42,99.88,35.76,-8.58,-69.92,-102.04,-20.41,12.08,70.60,73.13,8.45,-43.68,-4.71,113.06,-27.57,-53.50,19.52,19.90,53.97,-59.17,87.89
CashflowNetCashflow_qq,,183.95,-318.37,326.97,-74.21,445.88,-259.69,106.84,368.73,587.93,-49.01,-97.22,-10384.30,88.37,106.20,-2331.92,109.38,-53.50,-610.03,93.05,217.92,2230.40,-155.13,160.15,911.59,-125.16,338.02,-346.08,116.26,-181.08,248.45
CashflowNetCashflow_sq,,39.12,21.44,-130.34,255.80,-110.24,40.97,53.55,74.00,-127.76,89.12,81.74,109.54,-91.25,97.53,-80.40,101.16,-66.80,117.84,13.81,94.24,-106.69,87.18,64.83,-0.94,-103.66,-47.41,38.12,78.50,-165.86,151.65
