Date,Open,Max,Min,Close,Volume,TradeSize
27.09.2018,1.65,1.65,1.54,1.54,2,3
26.09.2018,1.65,1.65,1.53,1.63,5492,8686
25.09.2018,1.65,1.67,1.64,1.67,2501,4130
24.09.2018,1.62,1.67,1.62,1.65,53333,88628
21.09.2018,1.62,1.62,1.62,1.62,1,2
20.09.2018,1.62,1.62,1.62,1.62,1,2
19.09.2018,1.62,1.62,1.62,1.62,1,2
18.09.2018,1.62,1.62,1.54,1.62,54,87
17.09.2018,1.62,1.62,1.62,1.62,1,2
14.09.2018,1.62,1.62,1.62,1.62,1,2
13.09.2018,1.63,1.63,1.54,1.62,52,84
12.09.2018,1.63,1.63,1.60,1.63,52,85
11.09.2018,1.63,1.63,1.60,1.60,6,10
10.09.2018,1.63,1.63,1.61,1.61,20890,33633
07.09.2018,1.63,1.63,1.60,1.63,26547,42977
06.09.2018,1.63,1.63,1.63,1.63,673,1097
05.09.2018,1.55,1.64,1.50,1.63,84970,134837
04.09.2018,1.62,1.62,1.50,1.58,10101,15215
03.09.2018,1.54,1.58,1.52,1.58,3849,5890
31.08.2018,1.59,1.59,1.59,1.59,1,2
30.08.2018,1.69,1.69,1.57,1.60,5142,8105
29.08.2018,1.63,1.67,1.54,1.67,4516,7303
28.08.2018,1.61,1.61,1.61,1.61,1,2
27.08.2018,1.63,1.63,1.63,1.63,130,212
24.08.2018,1.53,1.67,1.52,1.61,39207,60408
23.08.2018,1.53,1.53,1.46,1.53,1106,1682
22.08.2018,1.58,1.58,1.46,1.53,6774,10175
21.08.2018,1.67,1.67,1.51,1.51,30729,47020
20.08.2018,1.57,1.67,1.56,1.67,26626,42082
17.08.2018,1.57,1.57,1.50,1.57,652,978
16.08.2018,1.58,1.58,1.51,1.57,1500,2291
14.08.2018,1.53,1.56,1.45,1.56,20105,30908
13.08.2018,1.50,1.52,1.49,1.52,13610,20347
10.08.2018,1.50,1.55,1.47,1.55,66282,101306
09.08.2018,1.50,1.50,1.50,1.50,1,2
08.08.2018,1.52,1.53,1.52,1.53,51,78
07.08.2018,1.53,1.53,1.53,1.53,1,2
06.08.2018,1.58,1.58,1.48,1.53,9826,15069
03.08.2018,1.50,1.58,1.43,1.58,20942,30283
02.08.2018,1.52,1.52,1.52,1.52,2,3
01.08.2018,1.54,1.54,1.53,1.54,1102,1693
31.07.2018,1.55,1.55,1.45,1.55,9,13
30.07.2018,1.54,1.54,1.45,1.54,512,783
27.07.2018,1.56,1.56,1.47,1.52,9649,14496
26.07.2018,1.64,1.64,1.50,1.58,22514,34322
25.07.2018,1.65,1.65,1.63,1.64,6526,10638
24.07.2018,1.68,1.68,1.68,1.68,1,2
23.07.2018,1.58,1.66,1.58,1.66,5701,9113
20.07.2018,1.55,1.59,1.54,1.59,10169,15715
19.07.2018,1.53,1.53,1.49,1.49,4158,6238
18.07.2018,1.49,1.55,1.49,1.55,1001,1492
17.07.2018,1.58,1.58,1.55,1.55,698,1082
16.07.2018,1.55,1.60,1.55,1.60,1346,2086
13.07.2018,1.55,1.57,1.55,1.57,9286,14400
12.07.2018,1.52,1.55,1.51,1.55,31867,48547
11.07.2018,1.49,1.50,1.45,1.50,103456,154125
10.07.2018,1.49,1.54,1.49,1.52,519,779
09.07.2018,1.52,1.54,1.48,1.54,6625,10042
06.07.2018,1.55,1.56,1.51,1.56,9019,13788
05.07.2018,1.57,1.57,1.52,1.56,2932,4457
04.07.2018,1.58,1.58,1.56,1.58,978,1526
03.07.2018,1.59,1.59,1.54,1.58,8052,12417
02.07.2018,1.62,1.62,1.51,1.58,22560,35157
29.06.2018,1.62,1.62,1.55,1.62,2153,3360
28.06.2018,1.55,1.67,1.55,1.65,3922,6215
27.06.2018,1.60,1.68,1.53,1.68,4095,6266
26.06.2018,1.60,1.60,1.60,1.60,2,3
25.06.2018,1.60,1.60,1.55,1.60,15073,23364
22.06.2018,1.60,1.61,1.54,1.57,17152,27035
21.06.2018,1.60,1.60,1.50,1.60,67594,106393
20.06.2018,1.55,1.60,1.53,1.60,15475,24128
19.06.2018,1.53,1.60,1.50,1.60,10245,15524
18.06.2018,1.61,1.61,1.46,1.46,11922,18208
15.06.2018,1.62,1.62,1.61,1.62,12109,19497
14.06.2018,1.69,1.69,1.60,1.62,4066,6535
13.06.2018,1.68,1.69,1.62,1.69,539,873
12.06.2018,1.67,1.67,1.58,1.62,1431,2313
11.06.2018,1.68,1.68,1.54,1.63,20819,33276
08.06.2018,1.68,1.68,1.62,1.62,555,905
07.06.2018,1.69,1.69,1.60,1.62,23220,37341
06.06.2018,1.73,1.73,1.64,1.70,9535,15662
05.06.2018,1.73,1.73,1.73,1.73,1,2
04.06.2018,1.75,1.75,1.73,1.74,22054,38154
01.06.2018,1.69,1.74,1.68,1.74,13416,22553
30.05.2018,1.70,1.70,1.69,1.69,30977,52352
29.05.2018,1.70,1.70,1.65,1.70,30032,50715
28.05.2018,1.71,1.71,1.71,1.71,1,2
25.05.2018,1.71,1.71,1.71,1.71,1,2
24.05.2018,1.71,1.71,1.70,1.71,18056,30696
23.05.2018,1.73,1.73,1.73,1.73,1,2
22.05.2018,1.76,1.76,1.70,1.73,45478,77313
21.05.2018,1.66,1.74,1.64,1.74,33853,56128
18.05.2018,1.69,1.75,1.68,1.75,11721,19910
17.05.2018,1.78,1.78,1.68,1.76,9809,16680
16.05.2018,1.78,1.78,1.71,1.74,20406,35291
15.05.2018,1.80,1.80,1.70,1.74,14300,24491
14.05.2018,1.80,1.80,1.79,1.80,14207,25433
11.05.2018,1.80,1.83,1.74,1.83,16945,30288
10.05.2018,1.80,1.80,1.80,1.80,1,2
09.05.2018,1.83,1.83,1.80,1.80,6,11
08.05.2018,1.77,1.83,1.77,1.83,10701,19100
07.05.2018,1.79,1.79,1.76,1.77,12116,21325
04.05.2018,1.77,1.79,1.77,1.79,4947,8760
02.05.2018,1.77,1.77,1.71,1.77,4277,7314
30.04.2018,1.75,1.77,1.75,1.77,12588,22152
27.04.2018,1.77,1.77,1.77,1.77,1,2
26.04.2018,1.76,1.77,1.72,1.77,9315,16105
25.04.2018,1.73,1.73,1.66,1.70,3930,6574
24.04.2018,1.70,1.73,1.67,1.73,19849,33367
23.04.2018,1.70,1.70,1.68,1.70,9438,15991
20.04.2018,1.75,1.75,1.70,1.75,5719,9928
19.04.2018,1.69,1.72,1.64,1.72,32570,54539
18.04.2018,1.70,1.70,1.67,1.70,13764,23259
17.04.2018,1.75,1.75,1.68,1.70,9472,16019
16.04.2018,1.77,1.78,1.75,1.75,15504,27431
13.04.2018,1.86,1.86,1.70,1.75,60200,104998
12.04.2018,1.87,1.87,1.81,1.83,10872,19784
11.04.2018,1.88,1.89,1.88,1.89,6270,11789
10.04.2018,1.89,1.89,1.85,1.88,206,381
09.04.2018,1.89,1.89,1.88,1.88,18260,34336
06.04.2018,1.83,1.91,1.83,1.91,6309,11700
05.04.2018,1.84,1.91,1.84,1.91,14249,26260
04.04.2018,1.95,1.96,1.95,1.96,1201,2344
03.04.2018,1.96,1.96,1.95,1.96,11235,21911
29.03.2018,1.96,1.97,1.96,1.97,601,1179
28.03.2018,1.96,1.97,1.96,1.97,1001,1963
27.03.2018,1.96,1.96,1.96,1.96,1,2
26.03.2018,1.97,1.97,1.89,1.97,11183,21625
23.03.2018,1.89,1.94,1.89,1.94,3937,7441
22.03.2018,1.93,1.93,1.89,1.89,13881,26630
21.03.2018,1.97,1.97,1.93,1.96,11151,21843
20.03.2018,2.00,2.00,1.95,2.00,10152,20053
19.03.2018,2.01,2.01,1.97,1.99,27662,55451
16.03.2018,2.00,2.02,1.93,1.99,39759,78736
15.03.2018,2.00,2.00,2.00,2.00,252,504
14.03.2018,2.00,2.00,1.99,1.99,11135,22260
13.03.2018,1.99,2.00,1.99,2.00,10120,20140
12.03.2018,2.03,2.03,2.00,2.00,1001,2002
09.03.2018,2.03,2.03,2.03,2.03,219,445
08.03.2018,2.02,2.03,2.02,2.03,5664,11441
07.03.2018,2.03,2.03,2.03,2.03,1,2
06.03.2018,2.03,2.03,2.02,2.03,10244,20695
05.03.2018,2.01,2.02,2.01,2.02,17663,35513
02.03.2018,2.00,2.01,2.00,2.00,24527,49060
01.03.2018,2.02,2.03,1.96,1.96,25201,50794
28.02.2018,2.02,2.02,1.97,2.01,3272,6459
27.02.2018,2.04,2.04,1.97,2.03,9015,18295
26.02.2018,2.03,2.05,2.00,2.04,37963,76914
23.02.2018,2.04,2.04,1.98,2.03,17617,35296
22.02.2018,1.94,2.05,1.94,2.02,132207,265007
21.02.2018,1.92,1.95,1.92,1.95,26434,50778
20.02.2018,1.92,1.92,1.92,1.92,1073,2060
19.02.2018,1.92,1.92,1.91,1.92,7220,13792
16.02.2018,1.90,1.92,1.89,1.90,32266,61242
15.02.2018,1.90,1.90,1.90,1.90,1,2
14.02.2018,1.90,1.92,1.89,1.92,31569,59884
13.02.2018,1.90,1.90,1.89,1.90,8730,16517
12.02.2018,1.90,1.90,1.89,1.89,12549,23720
09.02.2018,1.89,1.90,1.87,1.90,3269,6150
08.02.2018,1.87,1.90,1.87,1.90,32016,59985
07.02.2018,1.87,1.87,1.87,1.87,4265,7976
06.02.2018,1.97,1.97,1.87,1.90,14513,27515
05.02.2018,2.00,2.00,1.99,1.99,663,1319
02.02.2018,1.99,1.99,1.99,1.99,226,450
01.02.2018,2.01,2.01,1.98,1.98,201,398
31.01.2018,1.99,2.04,1.95,1.99,28018,55854
30.01.2018,2.01,2.01,1.97,2.01,15594,31044
29.01.2018,2.01,2.01,2.00,2.01,12046,24097
26.01.2018,2.01,2.01,1.97,2.00,16890,33707
25.01.2018,2.02,2.02,1.96,2.01,1103,2173
24.01.2018,2.02,2.02,1.98,1.98,4690,9310
23.01.2018,1.95,2.07,1.95,2.02,96465,192990
22.01.2018,1.99,1.99,1.96,1.98,4187,8268
19.01.2018,1.98,1.99,1.96,1.99,7243,14304
18.01.2018,1.99,1.99,1.99,1.99,2,4
17.01.2018,2.00,2.00,1.99,2.00,28318,56391
16.01.2018,2.00,2.00,1.96,2.00,11615,23074
15.01.2018,2.03,2.04,1.99,1.99,2319,4644
12.01.2018,2.04,2.04,1.99,2.04,31870,64683
11.01.2018,2.04,2.04,1.98,2.04,5333,10748
10.01.2018,2.07,2.07,1.99,2.05,57140,115743
09.01.2018,2.07,2.07,2.05,2.07,9578,19728
08.01.2018,2.09,2.09,2.05,2.07,13012,27042
05.01.2018,2.10,2.10,2.09,2.09,505,1057
04.01.2018,2.11,2.11,2.04,2.10,13112,27341
03.01.2018,2.02,2.10,2.02,2.09,13200,27236
29.12.2017,2.03,2.03,2.00,2.03,13359,26959
28.12.2017,1.97,2.03,1.93,2.03,48109,95712
27.12.2017,1.99,1.99,1.97,1.97,46148,91049
22.12.2017,1.98,1.99,1.98,1.98,6551,13000
21.12.2017,1.97,1.99,1.97,1.98,51426,101939
20.12.2017,1.92,1.96,1.90,1.96,205505,392029
19.12.2017,1.91,1.92,1.90,1.92,35134,66872
18.12.2017,1.92,1.93,1.90,1.90,29255,55831
15.12.2017,1.88,1.92,1.82,1.92,108834,199668
14.12.2017,1.88,1.88,1.88,1.88,939,1765
13.12.2017,1.88,1.88,1.88,1.88,2,4
12.12.2017,1.91,1.91,1.84,1.88,7071,13054
11.12.2017,1.93,1.93,1.87,1.91,18380,34488
08.12.2017,1.94,1.94,1.92,1.93,7451,14309
07.12.2017,1.94,1.94,1.92,1.93,7220,13866
06.12.2017,1.94,1.94,1.90,1.94,11870,22754
05.12.2017,1.94,1.94,1.90,1.90,12223,23413
04.12.2017,1.94,1.94,1.93,1.94,8073,15596
01.12.2017,1.91,1.93,1.90,1.93,10074,19217
30.11.2017,1.88,1.91,1.87,1.91,137422,258564
29.11.2017,1.86,1.93,1.85,1.88,196497,369504
28.11.2017,1.85,1.85,1.85,1.85,1,2
27.11.2017,1.86,1.86,1.86,1.86,130,242
24.11.2017,1.85,1.85,1.83,1.84,14603,26760
23.11.2017,1.85,1.85,1.85,1.85,1,2
22.11.2017,1.85,1.85,1.85,1.85,207,383
21.11.2017,1.87,1.87,1.83,1.85,10900,20031
20.11.2017,1.88,1.88,1.87,1.87,11221,20984
17.11.2017,1.86,1.86,1.83,1.85,16812,31085
16.11.2017,1.87,1.89,1.85,1.86,10288,19292
15.11.2017,1.91,1.91,1.84,1.85,19119,35367
14.11.2017,1.92,1.92,1.92,1.92,1501,2882
13.11.2017,1.95,1.95,1.86,1.91,1640,3105
10.11.2017,1.95,1.95,1.95,1.95,130,254
09.11.2017,1.87,1.95,1.85,1.95,46522,88996
08.11.2017,1.85,1.95,1.80,1.87,39960,74915
07.11.2017,1.84,1.85,1.83,1.85,10420,19077
06.11.2017,1.84,1.85,1.83,1.83,18555,34136
03.11.2017,1.84,1.84,1.80,1.80,16006,28824
02.11.2017,1.85,1.85,1.80,1.83,3367,6068
31.10.2017,1.80,1.80,1.79,1.80,10345,18521
30.10.2017,1.78,1.80,1.74,1.80,8745,15564
27.10.2017,1.80,1.80,1.76,1.80,4448,7985
26.10.2017,1.80,1.80,1.79,1.80,5500,9892
25.10.2017,1.80,1.80,1.77,1.80,2956,5296
24.10.2017,1.82,1.82,1.80,1.82,11107,20102
23.10.2017,1.83,1.83,1.77,1.83,11750,20855
20.10.2017,1.84,1.84,1.77,1.81,2746,4880
19.10.2017,1.85,1.85,1.78,1.85,18605,33652
18.10.2017,1.85,1.85,1.81,1.85,561,1024
17.10.2017,1.85,1.85,1.85,1.85,130,241
16.10.2017,1.85,1.85,1.81,1.85,14058,25594
13.10.2017,1.86,1.86,1.82,1.86,8028,14620
12.10.2017,1.85,1.85,1.82,1.85,3783,6901
11.10.2017,1.83,1.86,1.82,1.85,17565,32012
10.10.2017,1.85,1.85,1.85,1.85,2,4
09.10.2017,1.87,1.87,1.78,1.83,11088,19852
06.10.2017,1.86,1.88,1.86,1.88,3501,6542
05.10.2017,1.87,1.87,1.87,1.87,1,2
04.10.2017,1.88,1.88,1.88,1.88,1,2
03.10.2017,1.88,1.88,1.88,1.88,217,408
02.10.2017,1.87,1.88,1.84,1.88,35535,66307
29.09.2017,1.88,1.88,1.82,1.84,12883,23618
28.09.2017,1.88,1.88,1.84,1.88,21042,39288
27.09.2017,1.85,1.87,1.85,1.87,15631,28983
26.09.2017,1.85,1.85,1.79,1.85,2510,4506
25.09.2017,1.86,1.86,1.80,1.85,12657,23357
22.09.2017,1.80,1.86,1.80,1.84,11540,21120
21.09.2017,1.78,1.86,1.78,1.78,14165,25488
20.09.2017,1.68,1.78,1.68,1.78,9759,17018
19.09.2017,1.85,1.87,1.71,1.74,62211,111117
18.09.2017,1.89,1.89,1.81,1.81,11430,21477
15.09.2017,1.89,1.89,1.89,1.89,141,266
14.09.2017,1.89,1.89,1.82,1.89,9949,18195
13.09.2017,1.88,1.89,1.81,1.89,8451,15616
12.09.2017,1.91,1.91,1.85,1.90,10492,19431
11.09.2017,1.92,1.92,1.81,1.88,32085,60217
08.09.2017,1.92,1.93,1.89,1.93,19950,37995
07.09.2017,1.94,1.94,1.88,1.92,12954,24578
06.09.2017,1.94,1.94,1.90,1.94,11897,22956
05.09.2017,1.96,1.96,1.90,1.94,9551,18301
04.09.2017,1.95,1.96,1.94,1.96,13100,25436
01.09.2017,1.93,1.95,1.89,1.95,12389,23877
31.08.2017,1.94,1.94,1.89,1.94,15961,30663
30.08.2017,1.93,1.94,1.91,1.94,10582,20254
29.08.2017,1.99,1.99,1.90,1.93,58505,112318
28.08.2017,1.99,1.99,1.95,1.99,13874,27401
25.08.2017,2.03,2.03,1.94,1.95,42739,83900
24.08.2017,2.03,2.03,2.02,2.03,34939,70578
23.08.2017,2.03,2.03,1.97,2.03,15223,30767
22.08.2017,2.04,2.04,2.00,2.03,5648,11421
21.08.2017,2.04,2.04,2.03,2.04,16750,34046
18.08.2017,2.03,2.04,2.03,2.04,6669,13579
17.08.2017,2.00,2.03,1.94,2.03,20505,41128
16.08.2017,2.00,2.00,1.99,1.99,5225,10409
14.08.2017,1.98,2.00,1.98,2.00,11795,23379
11.08.2017,1.98,1.98,1.94,1.98,1546,3021
10.08.2017,1.96,1.98,1.95,1.98,9192,18055
09.08.2017,1.98,1.98,1.89,1.96,26046,51301
08.08.2017,2.01,2.01,1.93,1.96,9574,18617
07.08.2017,2.02,2.02,1.99,2.02,1652,3318
04.08.2017,2.04,2.04,2.03,2.03,4090,8304
03.08.2017,2.02,2.03,1.99,2.03,41970,84824
02.08.2017,1.98,2.05,1.98,2.02,151291,303051
01.08.2017,1.96,1.98,1.95,1.98,48461,95235
31.07.2017,1.92,1.95,1.92,1.95,91793,177360
28.07.2017,1.91,1.92,1.90,1.92,19882,37957
27.07.2017,1.90,1.90,1.87,1.90,53236,100649
26.07.2017,1.89,1.90,1.89,1.90,2373,4500
25.07.2017,1.88,1.89,1.87,1.89,32731,61502
24.07.2017,1.86,1.89,1.84,1.89,23862,44637
21.07.2017,1.86,1.86,1.83,1.85,12010,22206
20.07.2017,1.87,1.87,1.86,1.86,8487,15840
19.07.2017,1.87,1.87,1.83,1.87,48955,91059
18.07.2017,1.87,1.87,1.86,1.87,16275,30309
17.07.2017,1.86,1.88,1.81,1.87,36150,66770
14.07.2017,1.86,1.86,1.86,1.86,53823,100111
13.07.2017,1.87,1.87,1.86,1.87,5674,10565
12.07.2017,1.88,1.88,1.81,1.87,48715,89462
11.07.2017,1.88,1.88,1.86,1.88,43357,81391
10.07.2017,1.88,1.88,1.87,1.88,32697,61159
07.07.2017,1.84,1.88,1.80,1.88,11260,20601
06.07.2017,1.88,1.88,1.81,1.85,13302,24095
05.07.2017,1.89,1.89,1.79,1.88,48204,89025
04.07.2017,1.75,1.84,1.74,1.84,210894,375627
03.07.2017,1.74,1.74,1.73,1.74,19180,33301
30.06.2017,1.70,1.74,1.66,1.74,57843,99130
29.06.2017,1.62,1.71,1.62,1.71,28839,47709
28.06.2017,1.71,1.72,1.69,1.70,38018,64955
27.06.2017,1.66,1.71,1.65,1.71,140649,236507
26.06.2017,1.66,1.66,1.63,1.66,14586,24073
23.06.2017,1.65,1.67,1.65,1.67,13400,22263
22.06.2017,1.64,1.65,1.60,1.64,76301,125023
21.06.2017,1.65,1.65,1.60,1.64,23117,38030
20.06.2017,1.65,1.65,1.63,1.65,17841,29249
19.06.2017,1.64,1.65,1.61,1.64,12987,21306
16.06.2017,1.62,1.64,1.59,1.64,29425,47786
14.06.2017,1.60,1.62,1.59,1.61,34482,55176
13.06.2017,1.56,1.59,1.56,1.58,16496,25977
12.06.2017,1.54,1.57,1.54,1.57,18040,27909
09.06.2017,1.55,1.55,1.53,1.55,82788,126681
08.06.2017,1.55,1.55,1.51,1.54,12519,19277
07.06.2017,1.55,1.55,1.55,1.55,21311,33032
06.06.2017,1.55,1.55,1.50,1.55,10235,15700
05.06.2017,1.52,1.54,1.49,1.54,95337,144745
02.06.2017,1.50,1.53,1.49,1.53,23100,34799
01.06.2017,1.49,1.49,1.46,1.49,3966,5837
31.05.2017,1.49,1.49,1.46,1.49,15452,22709
30.05.2017,1.50,1.50,1.46,1.49,39046,57999
29.05.2017,1.47,1.52,1.46,1.50,45370,68010
26.05.2017,1.46,1.47,1.44,1.47,16027,23375
25.05.2017,1.46,1.46,1.46,1.46,467,682
24.05.2017,1.58,1.58,1.41,1.47,45816,68404
23.05.2017,1.47,1.47,1.41,1.44,4783,6861
22.05.2017,1.50,1.50,1.42,1.44,31271,44867
19.05.2017,1.53,1.54,1.44,1.44,87711,128472
18.05.2017,1.58,1.58,1.49,1.52,82340,124732
17.05.2017,1.60,1.60,1.53,1.57,41744,65480
16.05.2017,1.63,1.63,1.51,1.58,40375,62864
15.05.2017,1.60,1.63,1.60,1.63,193614,311520
12.05.2017,1.60,1.60,1.51,1.59,56051,85944
11.05.2017,1.51,1.63,1.51,1.63,71649,111965
10.05.2017,1.50,1.50,1.47,1.50,52490,78575
09.05.2017,1.51,1.51,1.47,1.50,47570,71030
08.05.2017,1.52,1.55,1.51,1.51,77586,118241
05.05.2017,1.51,1.51,1.51,1.51,5277,7968
04.05.2017,1.55,1.55,1.47,1.51,46554,70220
02.05.2017,1.56,1.56,1.51,1.54,57186,87405
28.04.2017,1.51,1.55,1.50,1.55,87018,132400
27.04.2017,1.52,1.52,1.51,1.52,5090,7727
26.04.2017,1.53,1.53,1.43,1.52,27141,41000
25.04.2017,1.45,1.53,1.45,1.53,124852,185258
24.04.2017,1.41,1.46,1.40,1.45,23630,33565
21.04.2017,1.59,1.64,1.40,1.46,111355,166485
20.04.2017,1.64,1.64,1.55,1.60,34063,54451
19.04.2017,1.68,1.69,1.61,1.65,21893,36214
18.04.2017,1.71,1.71,1.62,1.69,43767,73269
13.04.2017,1.68,1.70,1.67,1.70,39551,66504
12.04.2017,1.66,1.68,1.65,1.68,3060,5067
11.04.2017,1.69,1.75,1.64,1.65,68163,115904
10.04.2017,1.61,1.69,1.61,1.69,166323,272694
07.04.2017,1.56,1.64,1.55,1.61,40556,64622
06.04.2017,1.57,1.57,1.49,1.54,20350,31575
05.04.2017,1.52,1.58,1.51,1.58,21613,33213
04.04.2017,1.49,1.52,1.49,1.51,6193,9300
03.04.2017,1.47,1.47,1.46,1.47,5716,8350
31.03.2017,1.48,1.48,1.42,1.47,741,1088
30.03.2017,1.47,1.47,1.40,1.44,14866,21424
29.03.2017,1.49,1.49,1.42,1.47,63038,93324
28.03.2017,1.47,1.49,1.46,1.49,47640,70028
27.03.2017,1.47,1.47,1.43,1.47,15488,22573
24.03.2017,1.40,1.47,1.35,1.47,82440,118003
23.03.2017,1.38,1.38,1.37,1.38,15297,21038
22.03.2017,1.38,1.38,1.35,1.38,4190,5739
21.03.2017,1.50,1.51,1.35,1.39,150943,208650
20.03.2017,1.54,1.54,1.45,1.50,63676,94845
17.03.2017,1.54,1.55,1.53,1.54,34309,52864
16.03.2017,1.57,1.57,1.50,1.54,24027,36725
15.03.2017,1.51,1.52,1.46,1.52,51192,76622
14.03.2017,1.57,1.57,1.48,1.49,116862,177261
13.03.2017,1.65,1.65,1.52,1.57,117710,187759
10.03.2017,1.65,1.71,1.58,1.62,233781,386170
09.03.2017,1.65,1.65,1.60,1.63,35419,57726
08.03.2017,1.65,1.68,1.60,1.65,42475,69321
07.03.2017,1.64,1.68,1.55,1.65,183454,295541
06.03.2017,1.65,1.65,1.55,1.65,91209,147800
03.03.2017,1.60,1.65,1.52,1.65,131922,210497
02.03.2017,1.61,1.65,1.57,1.61,55710,89701
01.03.2017,1.49,1.60,1.49,1.60,96504,150815
28.02.2017,1.51,1.51,1.44,1.50,29712,44129
27.02.2017,1.52,1.52,1.48,1.52,18676,27889
24.02.2017,1.55,1.56,1.50,1.53,68575,105120
23.02.2017,1.54,1.55,1.52,1.55,26181,40302
22.02.2017,1.54,1.54,1.48,1.51,65094,99092
21.02.2017,1.52,1.55,1.52,1.54,114732,175484
20.02.2017,1.40,1.51,1.40,1.51,188074,276214
17.02.2017,1.47,1.47,1.38,1.40,38295,54818
16.02.2017,1.47,1.47,1.43,1.47,121526,177091
15.02.2017,1.37,1.47,1.37,1.41,209694,298170
14.02.2017,1.30,1.38,1.28,1.37,255775,340800
13.02.2017,1.27,1.32,1.23,1.26,256863,324570
10.02.2017,1.27,1.27,1.26,1.27,767,970
09.02.2017,1.28,1.28,1.23,1.27,96513,121054
08.02.2017,1.28,1.28,1.28,1.28,137,175
07.02.2017,1.29,1.29,1.26,1.26,3001,3781
06.02.2017,1.31,1.31,1.20,1.28,27576,34472
03.02.2017,1.32,1.32,1.29,1.31,7925,10275
02.02.2017,1.34,1.34,1.30,1.33,13802,18273
01.02.2017,1.33,1.33,1.32,1.33,12236,16164
31.01.2017,1.33,1.34,1.30,1.34,50621,67635
30.01.2017,1.35,1.35,1.26,1.34,9670,12726
27.01.2017,1.36,1.36,1.34,1.36,37346,50389
26.01.2017,1.37,1.38,1.33,1.36,42572,57960
25.01.2017,1.35,1.37,1.32,1.37,72608,98126
24.01.2017,1.34,1.35,1.33,1.35,69732,93123
23.01.2017,1.34,1.34,1.30,1.33,24487,32240
20.01.2017,1.35,1.35,1.30,1.34,41896,55091
19.01.2017,1.34,1.35,1.31,1.35,55744,74979
18.01.2017,1.33,1.35,1.30,1.34,35851,47570
17.01.2017,1.33,1.35,1.31,1.35,131688,174631
16.01.2017,1.29,1.33,1.29,1.33,7176,9505
13.01.2017,1.27,1.31,1.27,1.31,23730,30857
12.01.2017,1.27,1.32,1.27,1.32,21782,28201
11.01.2017,1.31,1.32,1.27,1.27,9500,12391
10.01.2017,1.28,1.31,1.28,1.30,80296,103665
09.01.2017,1.28,1.28,1.27,1.28,13684,17416
05.01.2017,1.27,1.29,1.25,1.28,29952,38176
04.01.2017,1.24,1.28,1.24,1.28,32357,40582
03.01.2017,1.24,1.24,1.21,1.24,15251,18759
02.01.2017,1.20,1.23,1.20,1.22,5487,6714
30.12.2016,1.19,1.22,1.17,1.22,23733,28352
29.12.2016,1.19,1.19,1.14,1.17,3790,4344
28.12.2016,1.17,1.19,1.17,1.19,439,514
27.12.2016,1.14,1.17,1.10,1.17,59310,66803
23.12.2016,1.14,1.14,1.12,1.14,24325,27400
22.12.2016,1.17,1.18,1.13,1.14,21366,24626
21.12.2016,1.20,1.20,1.18,1.19,39977,47544
20.12.2016,1.20,1.20,1.19,1.19,1424,1696
19.12.2016,1.21,1.21,1.19,1.21,3765,4501
16.12.2016,1.21,1.21,1.19,1.20,13170,15795
15.12.2016,1.22,1.22,1.20,1.20,210,253
14.12.2016,1.20,1.22,1.20,1.22,647,779
13.12.2016,1.20,1.22,1.19,1.19,22741,27218
12.12.2016,1.21,1.21,1.21,1.21,1221,1477
09.12.2016,1.22,1.22,1.21,1.22,12094,14635
08.12.2016,1.22,1.22,1.21,1.22,11752,14221
07.12.2016,1.24,1.24,1.20,1.22,18648,22757
06.12.2016,1.24,1.24,1.19,1.23,12241,14816
05.12.2016,1.22,1.22,1.19,1.22,51410,62687
02.12.2016,1.22,1.22,1.21,1.22,15125,18303
01.12.2016,1.20,1.22,1.18,1.22,28352,34039
30.11.2016,1.19,1.22,1.18,1.22,13031,15646
29.11.2016,1.24,1.24,1.20,1.23,20199,24638
28.11.2016,1.24,1.24,1.20,1.23,12883,15849
25.11.2016,1.23,1.24,1.20,1.24,24567,30130
24.11.2016,1.23,1.24,1.19,1.23,32463,39707
23.11.2016,1.24,1.24,1.19,1.24,3887,4698
22.11.2016,1.24,1.24,1.20,1.24,20263,24946
21.11.2016,1.24,1.24,1.18,1.23,53569,65343
18.11.2016,1.27,1.27,1.20,1.24,45334,55919
17.11.2016,1.26,1.26,1.20,1.26,24496,30548
16.11.2016,1.30,1.30,1.23,1.26,7797,9901
15.11.2016,1.26,1.32,1.26,1.26,66774,85055
14.11.2016,1.23,1.26,1.22,1.26,47029,58360
10.11.2016,1.22,1.24,1.21,1.23,51962,63416
09.11.2016,1.24,1.24,1.19,1.22,13112,15625
08.11.2016,1.21,1.22,1.20,1.22,20539,24653
07.11.2016,1.20,1.20,1.15,1.20,42923,51506
04.11.2016,1.20,1.21,1.17,1.21,33645,40387
03.11.2016,1.20,1.20,1.15,1.20,3331,3903
02.11.2016,1.23,1.23,1.19,1.22,8121,9672
31.10.2016,1.20,1.23,1.20,1.23,16334,19723
28.10.2016,1.25,1.25,1.20,1.24,8697,10562
27.10.2016,1.24,1.24,1.24,1.24,927,1149
26.10.2016,1.24,1.25,1.20,1.25,4557,5518
25.10.2016,1.25,1.25,1.24,1.25,41008,50870
24.10.2016,1.24,1.26,1.20,1.25,1379,1675
21.10.2016,1.27,1.27,1.20,1.26,4101,5072
20.10.2016,1.28,1.28,1.23,1.27,5123,6333
19.10.2016,1.26,1.28,1.26,1.28,2684,3421
18.10.2016,1.28,1.28,1.25,1.28,1913,2432
17.10.2016,1.28,1.29,1.23,1.28,40829,51951
14.10.2016,1.18,1.26,1.15,1.25,21336,26116
13.10.2016,1.20,1.20,1.13,1.18,37865,43995
12.10.2016,1.20,1.20,1.20,1.20,5,6
11.10.2016,1.20,1.20,1.19,1.20,10751,12801
10.10.2016,1.20,1.20,1.20,1.20,607,728
07.10.2016,1.20,1.20,1.20,1.20,456,547
06.10.2016,1.20,1.20,1.20,1.20,36880,44256
05.10.2016,1.18,1.20,1.15,1.20,12855,15093
04.10.2016,1.19,1.19,1.19,1.19,2,2
03.10.2016,1.20,1.20,1.13,1.19,5472,6434
30.09.2016,1.21,1.21,1.21,1.21,2,2
29.09.2016,1.27,1.27,1.19,1.19,10729,12808
28.09.2016,1.21,1.29,1.20,1.23,341665,424736
27.09.2016,1.11,1.19,1.11,1.17,119691,137851
26.09.2016,1.07,1.09,1.06,1.09,43655,46478
23.09.2016,1.06,1.07,1.04,1.07,22522,23844
22.09.2016,1.08,1.08,1.04,1.07,22336,23705
21.09.2016,1.08,1.08,1.05,1.07,1116,1185
20.09.2016,1.08,1.08,1.03,1.08,35962,38026
19.09.2016,1.08,1.08,1.06,1.08,985,1054
16.09.2016,1.06,1.08,1.06,1.08,3232,3468
15.09.2016,1.08,1.08,1.04,1.04,2969,3108
14.09.2016,1.08,1.08,1.04,1.06,7400,7749
13.09.2016,1.08,1.08,1.03,1.07,22038,23149
12.09.2016,1.06,1.08,1.03,1.05,33813,36353
09.09.2016,1.09,1.09,1.05,1.07,38609,41266
08.09.2016,1.10,1.10,1.06,1.09,14286,15507
07.09.2016,1.10,1.10,1.06,1.08,27260,29447
06.09.2016,1.12,1.12,1.06,1.09,16688,17942
05.09.2016,1.13,1.13,1.07,1.11,50497,56671
02.09.2016,1.13,1.15,1.08,1.13,49187,55787
01.09.2016,1.12,1.12,1.09,1.12,43007,47774
31.08.2016,1.12,1.12,1.12,1.12,1826,2045
30.08.2016,1.12,1.12,1.09,1.12,4156,4621
29.08.2016,1.15,1.15,1.12,1.13,34472,39249
26.08.2016,1.15,1.15,1.15,1.15,365,420
25.08.2016,1.13,1.14,1.12,1.14,85165,95872
24.08.2016,1.14,1.14,1.12,1.13,89372,100986
23.08.2016,1.16,1.16,1.13,1.14,8200,9423
22.08.2016,1.16,1.17,1.12,1.14,66905,77005
19.08.2016,1.15,1.17,1.15,1.16,61688,71107
18.08.2016,1.15,1.15,1.14,1.14,42449,48418
17.08.2016,1.15,1.15,1.11,1.14,49401,56243
16.08.2016,1.12,1.18,1.10,1.18,15870,18058
12.08.2016,1.09,1.13,1.08,1.13,24663,27207
11.08.2016,1.09,1.09,1.08,1.08,65276,70549
10.08.2016,1.08,1.09,1.07,1.09,34871,37408
09.08.2016,1.09,1.09,1.04,1.07,57917,61930
08.08.2016,1.09,1.09,1.09,1.09,226,246
05.08.2016,1.09,1.09,1.09,1.09,172,187
04.08.2016,1.09,1.09,1.05,1.09,20268,21605
03.08.2016,1.09,1.09,1.05,1.09,22177,23345
02.08.2016,1.11,1.11,1.04,1.09,39233,41777
01.08.2016,1.12,1.12,1.07,1.09,2540,2776
29.07.2016,1.11,1.11,1.10,1.10,48700,53585
28.07.2016,1.09,1.11,1.07,1.11,7542,8183
27.07.2016,1.12,1.12,1.04,1.09,103286,112526
26.07.2016,1.10,1.13,1.10,1.13,43807,48919
25.07.2016,1.13,1.15,1.09,1.14,70497,79526
22.07.2016,1.15,1.15,1.10,1.13,25307,28132
21.07.2016,1.16,1.16,1.11,1.15,5554,6237
20.07.2016,1.18,1.19,1.13,1.14,49491,57780
19.07.2016,1.18,1.18,1.13,1.17,29932,35007
18.07.2016,1.18,1.18,1.10,1.17,10943,12530
15.07.2016,1.21,1.21,1.14,1.18,24840,28815
14.07.2016,1.21,1.21,1.17,1.20,602,709
13.07.2016,1.23,1.23,1.15,1.22,34189,41426
12.07.2016,1.21,1.22,1.17,1.22,64992,78927
11.07.2016,1.17,1.20,1.15,1.20,121805,143552
08.07.2016,1.19,1.19,1.13,1.16,11800,13541
07.07.2016,1.23,1.23,1.15,1.21,45460,53781
06.07.2016,1.23,1.24,1.15,1.20,65844,79652
05.07.2016,1.31,1.31,1.20,1.24,63081,77039
04.07.2016,1.32,1.32,1.31,1.32,32789,42958
01.07.2016,1.31,1.32,1.29,1.29,80548,105622
30.06.2016,1.28,1.33,1.28,1.31,72495,93547
29.06.2016,1.25,1.29,1.25,1.27,29217,36815
28.06.2016,1.21,1.25,1.21,1.24,118594,146972
27.06.2016,1.22,1.25,1.22,1.23,17019,20963
24.06.2016,1.11,1.21,1.09,1.21,9105,10589
23.06.2016,1.23,1.23,1.23,1.23,928,1141
22.06.2016,1.23,1.23,1.15,1.23,769,945
21.06.2016,1.23,1.23,1.15,1.23,3278,3996
20.06.2016,1.19,1.21,1.10,1.21,52945,63372
17.06.2016,1.14,1.15,1.13,1.15,8143,9314
16.06.2016,1.21,1.21,1.10,1.16,16182,18628
15.06.2016,1.24,1.25,1.18,1.20,14540,17578
14.06.2016,1.25,1.25,1.24,1.25,2383,2967
13.06.2016,1.26,1.27,1.23,1.25,18759,23181
10.06.2016,1.26,1.28,1.25,1.26,9171,11579
09.06.2016,1.29,1.29,1.26,1.28,18074,23109
08.06.2016,1.28,1.29,1.24,1.29,17636,22218
07.06.2016,1.27,1.29,1.24,1.29,11460,14320
06.06.2016,1.30,1.30,1.27,1.30,6762,8661
03.06.2016,1.32,1.32,1.27,1.30,3986,5107
02.06.2016,1.25,1.32,1.25,1.30,30495,39652
01.06.2016,1.35,1.35,1.26,1.30,21239,27464
31.05.2016,1.38,1.38,1.29,1.29,20107,26187
30.05.2016,1.33,1.39,1.28,1.36,105411,141502
27.05.2016,1.38,1.39,1.26,1.30,36367,47696
25.05.2016,1.29,1.35,1.27,1.35,49765,66287
24.05.2016,1.29,1.30,1.24,1.28,1892,2386
23.05.2016,1.27,1.29,1.25,1.29,10106,12802
20.05.2016,1.27,1.27,1.21,1.26,19811,24891
19.05.2016,1.29,1.33,1.24,1.24,52724,66918
18.05.2016,1.43,1.43,1.29,1.33,53999,72311
17.05.2016,1.42,1.44,1.38,1.42,5653,7879
16.05.2016,1.42,1.45,1.40,1.42,54307,77470
13.05.2016,1.42,1.44,1.38,1.42,8978,12759
12.05.2016,1.44,1.44,1.40,1.40,9154,12873
11.05.2016,1.35,1.44,1.35,1.43,74574,105463
10.05.2016,1.33,1.34,1.33,1.34,40215,53602
09.05.2016,1.35,1.35,1.31,1.33,22820,30450
06.05.2016,1.31,1.35,1.31,1.35,2080,2744
05.05.2016,1.39,1.39,1.31,1.35,10445,13846
04.05.2016,1.40,1.40,1.35,1.40,20561,28180
02.05.2016,1.40,1.40,1.40,1.40,1085,1519
29.04.2016,1.40,1.40,1.35,1.39,3515,4846
28.04.2016,1.37,1.39,1.37,1.39,6374,8809
27.04.2016,1.37,1.37,1.37,1.37,28338,38823
26.04.2016,1.41,1.41,1.36,1.36,17590,24091
25.04.2016,1.45,1.45,1.38,1.42,14258,20023
22.04.2016,1.38,1.45,1.35,1.45,34956,48381
21.04.2016,1.38,1.38,1.37,1.38,3946,5435
20.04.2016,1.39,1.40,1.38,1.38,25257,34874
19.04.2016,1.36,1.40,1.35,1.39,48509,66778
18.04.2016,1.30,1.35,1.26,1.35,35345,46671
15.04.2016,1.28,1.33,1.26,1.30,109862,142844
14.04.2016,1.37,1.37,1.25,1.30,110461,145685
13.04.2016,1.35,1.39,1.35,1.35,65120,89394
12.04.2016,1.46,1.46,1.33,1.34,36070,49015
11.04.2016,1.50,1.52,1.35,1.45,44901,63737
08.04.2016,1.49,1.53,1.41,1.47,139032,205897
07.04.2016,1.49,1.50,1.43,1.45,52153,76132
06.04.2016,1.50,1.54,1.44,1.45,209241,309523
05.04.2016,1.56,1.56,1.41,1.44,76965,114049
04.04.2016,1.44,1.58,1.43,1.54,193629,293584
01.04.2016,1.29,1.40,1.29,1.40,179966,243631
31.03.2016,1.22,1.29,1.19,1.28,320775,398571
30.03.2016,1.17,1.24,1.17,1.18,155859,187094
29.03.2016,1.04,1.18,1.04,1.16,198058,219632
24.03.2016,1.06,1.07,1.04,1.04,29538,31121
23.03.2016,1.07,1.07,1.03,1.06,2127,2218
22.03.2016,1.08,1.08,1.03,1.07,8324,8669
21.03.2016,1.03,1.08,1.02,1.07,91258,97516
18.03.2016,1.00,1.03,0.99,1.03,31147,30883
17.03.2016,1.00,1.00,0.99,1.00,9992,9980
16.03.2016,1.00,1.00,1.00,1.00,32807,32807
15.03.2016,1.03,1.03,0.99,0.99,34858,34656
14.03.2016,1.01,1.04,1.00,1.03,26930,27264
11.03.2016,1.03,1.07,1.00,1.00,145153,149226
10.03.2016,0.96,1.03,0.96,1.00,250941,250348
09.03.2016,0.96,0.96,0.95,0.96,13553,12881
08.03.2016,1.00,1.00,0.94,0.96,17003,16190
07.03.2016,0.97,1.00,0.97,0.97,4280,4199
04.03.2016,0.99,0.99,0.95,0.98,35375,34736
03.03.2016,1.00,1.00,0.97,0.99,80542,79555
02.03.2016,0.97,1.00,0.96,0.99,51887,51054
01.03.2016,0.93,0.97,0.93,0.97,35300,33560
29.02.2016,0.99,0.99,0.90,0.93,124186,114987
26.02.2016,1.05,1.05,0.97,0.97,13424,13353
25.02.2016,1.02,1.02,0.99,1.00,130162,131165
24.02.2016,0.96,1.03,0.96,1.03,234684,232528
23.02.2016,0.94,0.95,0.94,0.95,32628,30694
22.02.2016,0.94,0.95,0.90,0.91,1438,1361
19.02.2016,0.97,0.98,0.90,0.94,78557,73614
18.02.2016,1.00,1.00,0.94,0.97,53008,50799
17.02.2016,0.96,1.00,0.94,0.99,32669,31696
16.02.2016,0.93,0.96,0.90,0.96,38626,35935
15.02.2016,0.88,0.93,0.88,0.93,83160,75913
12.02.2016,0.91,0.91,0.86,0.86,35946,31370
11.02.2016,0.94,0.94,0.89,0.91,35297,32012
10.02.2016,0.93,0.94,0.91,0.94,35075,32351
09.02.2016,0.89,0.94,0.89,0.92,45677,41785
08.02.2016,0.97,0.97,0.89,0.90,105579,96811
05.02.2016,1.00,1.01,0.95,0.97,156077,153830
04.02.2016,0.99,1.00,0.98,1.00,57695,57458
03.02.2016,1.00,1.00,0.98,0.99,23274,22837
02.02.2016,1.07,1.07,1.00,1.00,72814,73135
01.02.2016,1.05,1.05,1.02,1.03,41515,42933
29.01.2016,1.06,1.06,1.04,1.05,31056,32631
28.01.2016,1.10,1.10,1.02,1.05,28625,29880
27.01.2016,1.09,1.10,1.04,1.08,10000,10818
26.01.2016,1.09,1.09,1.08,1.09,7125,7716
25.01.2016,1.07,1.07,1.04,1.07,123047,131467
22.01.2016,1.09,1.09,1.08,1.08,3473,3762
21.01.2016,1.11,1.11,1.03,1.09,9781,10371
20.01.2016,1.08,1.11,1.06,1.11,5715,6212
19.01.2016,1.18,1.18,1.09,1.11,19419,21686
18.01.2016,1.16,1.17,1.12,1.15,84091,95405
15.01.2016,1.18,1.20,1.15,1.19,22793,26886
14.01.2016,1.11,1.18,1.06,1.17,76883,84471
13.01.2016,1.07,1.20,1.07,1.15,104220,117344
12.01.2016,1.03,1.07,0.97,1.06,226519,231333
11.01.2016,0.99,1.07,0.99,1.00,159801,161345
08.01.2016,0.92,1.11,0.92,1.02,462022,477888
07.01.2016,0.96,0.98,0.94,0.94,21272,20145
05.01.2016,0.96,0.98,0.95,0.97,6430,6225
04.01.2016,0.95,0.98,0.95,0.98,5743,5583
30.12.2015,0.98,0.98,0.96,0.97,22770,22091
29.12.2015,0.96,0.99,0.95,0.98,17317,16819
28.12.2015,0.97,0.98,0.97,0.97,8531,8290
23.12.2015,1.00,1.00,1.00,1.00,3217,3217
22.12.2015,1.00,1.00,0.97,0.99,14400,14123
21.12.2015,0.97,1.00,0.97,1.00,40520,40293
18.12.2015,0.99,1.04,0.96,0.98,12122,11729
17.12.2015,1.00,1.00,0.99,1.00,57497,57490
16.12.2015,1.02,1.06,0.99,1.06,51355,51349
15.12.2015,1.07,1.07,1.02,1.02,121,128
14.12.2015,1.09,1.09,1.07,1.07,160,173
11.12.2015,1.12,1.12,1.04,1.09,9463,9989
10.12.2015,1.13,1.13,1.13,1.13,163,184
09.12.2015,1.09,1.13,1.04,1.12,8635,9476
08.12.2015,1.12,1.12,1.05,1.09,9242,9809
07.12.2015,1.15,1.15,1.15,1.15,164,189
04.12.2015,1.15,1.15,1.10,1.14,3561,3940
03.12.2015,1.14,1.14,1.13,1.13,28816,32564
02.12.2015,1.17,1.17,1.11,1.14,17931,20320
01.12.2015,1.24,1.24,1.13,1.20,20965,25179
30.11.2015,1.30,1.30,1.23,1.23,17191,21651
27.11.2015,1.29,1.30,1.29,1.30,304,393
26.11.2015,1.30,1.30,1.24,1.30,5022,6229
25.11.2015,1.27,1.30,1.23,1.29,16836,21441
24.11.2015,1.29,1.29,1.24,1.27,11227,14060
23.11.2015,1.29,1.29,1.22,1.29,2873,3629
20.11.2015,1.31,1.36,1.22,1.29,57751,74458
19.11.2015,1.30,1.30,1.30,1.30,188,244
18.11.2015,1.32,1.32,1.29,1.30,2057,2654
17.11.2015,1.27,1.36,1.27,1.32,26747,35008
16.11.2015,1.49,1.49,1.22,1.24,69345,90378
13.11.2015,1.52,1.52,1.47,1.49,26877,39945
12.11.2015,1.53,1.53,1.53,1.53,201,308
10.11.2015,1.53,1.53,1.48,1.52,1061,1592
09.11.2015,1.52,1.53,1.52,1.53,10127,15394
06.11.2015,1.60,1.60,1.44,1.54,19638,29765
05.11.2015,1.61,1.61,1.61,1.61,5,8
04.11.2015,1.66,1.66,1.56,1.62,4303,6870
03.11.2015,1.66,1.66,1.66,1.66,175,291
02.11.2015,1.65,1.66,1.65,1.66,945,1561
30.10.2015,1.65,1.65,1.65,1.65,732,1208
29.10.2015,1.67,1.68,1.62,1.65,8732,14437
28.10.2015,1.64,1.69,1.62,1.69,45796,77041
27.10.2015,1.66,1.70,1.62,1.69,4855,7921
26.10.2015,1.64,1.66,1.62,1.66,13914,22804
23.10.2015,1.66,1.67,1.62,1.65,71255,118258
22.10.2015,1.49,1.65,1.47,1.65,85214,130613
21.10.2015,1.48,1.49,1.44,1.45,6066,8963
20.10.2015,1.41,1.49,1.41,1.49,5577,8152
19.10.2015,1.44,1.44,1.40,1.44,7086,10171
16.10.2015,1.40,1.45,1.38,1.45,6196,8768
15.10.2015,1.43,1.43,1.37,1.40,5061,7007
14.10.2015,1.44,1.44,1.36,1.41,22586,31243
13.10.2015,1.45,1.45,1.40,1.43,1128,1583
12.10.2015,1.48,1.49,1.41,1.45,19871,28534
09.10.2015,1.47,1.49,1.47,1.47,2050,3016
08.10.2015,1.48,1.49,1.48,1.49,6345,9392
07.10.2015,1.50,1.50,1.44,1.48,23589,34145
06.10.2015,1.52,1.52,1.48,1.49,4896,7306
05.10.2015,1.55,1.55,1.51,1.52,2687,4101
02.10.2015,1.54,1.56,1.53,1.53,4494,6916
01.10.2015,1.53,1.56,1.53,1.56,37737,58295
30.09.2015,1.49,1.53,1.49,1.53,10504,15864
29.09.2015,1.56,1.56,1.50,1.52,5679,8532
28.09.2015,1.56,1.56,1.50,1.56,4610,6954
25.09.2015,1.53,1.57,1.51,1.53,7916,12194
24.09.2015,1.54,1.57,1.53,1.57,2768,4243
23.09.2015,1.63,1.63,1.53,1.57,12827,20071
22.09.2015,1.63,1.63,1.59,1.63,455,726
21.09.2015,1.69,1.69,1.62,1.64,4132,6703
18.09.2015,1.69,1.70,1.68,1.69,16211,27396
17.09.2015,1.62,1.67,1.62,1.62,31045,51356
16.09.2015,1.62,1.62,1.61,1.62,10700,17234
15.09.2015,1.61,1.63,1.55,1.63,37779,60245
14.09.2015,1.70,1.70,1.53,1.61,24113,37919
11.09.2015,1.69,1.70,1.69,1.70,485,823
10.09.2015,1.70,1.70,1.63,1.69,620,1052
09.09.2015,1.65,1.69,1.65,1.69,140,236
08.09.2015,1.69,1.69,1.68,1.69,12220,20532
07.09.2015,1.69,1.70,1.64,1.64,10740,18053
04.09.2015,1.64,1.68,1.64,1.68,834,1401
03.09.2015,1.69,1.69,1.63,1.63,10930,18035
02.09.2015,1.69,1.69,1.53,1.69,28947,45886
01.09.2015,1.74,1.74,1.67,1.70,11159,18680
31.08.2015,1.68,1.74,1.68,1.74,470,810
28.08.2015,1.70,1.77,1.67,1.74,60602,103797
27.08.2015,1.67,1.70,1.67,1.70,11082,18528
26.08.2015,1.67,1.67,1.67,1.67,68,114
25.08.2015,1.63,1.68,1.57,1.67,30940,50003
24.08.2015,1.80,1.80,1.62,1.72,13452,23210
21.08.2015,1.82,1.87,1.82,1.86,4363,8033
20.08.2015,1.88,1.88,1.76,1.80,22022,39358
19.08.2015,1.86,1.89,1.85,1.87,42960,79829
18.08.2015,1.82,1.88,1.81,1.88,9710,17869
17.08.2015,1.81,1.83,1.80,1.82,22767,41001
14.08.2015,1.80,1.81,1.80,1.81,31920,57458
13.08.2015,1.79,1.79,1.75,1.79,27344,48675
12.08.2015,1.88,1.88,1.70,1.79,17553,31540
11.08.2015,1.84,1.88,1.80,1.88,109410,202343
10.08.2015,1.84,1.85,1.78,1.84,20846,38082
07.08.2015,1.80,1.84,1.80,1.84,16415,29547
06.08.2015,1.84,1.87,1.80,1.80,42850,78732
05.08.2015,1.81,1.85,1.80,1.85,25564,46499
04.08.2015,1.76,1.81,1.70,1.81,33585,59234
03.08.2015,1.66,1.76,1.66,1.76,38748,66477
31.07.2015,1.70,1.70,1.69,1.70,10318,17441
30.07.2015,1.70,1.70,1.70,1.70,745,1267
29.07.2015,1.68,1.71,1.68,1.70,8539,14566
28.07.2015,1.71,1.72,1.71,1.72,6050,10356
27.07.2015,1.75,1.75,1.61,1.73,5806,9773
24.07.2015,1.77,1.77,1.75,1.75,118,207
23.07.2015,1.77,1.77,1.77,1.77,1,2
22.07.2015,1.77,1.78,1.77,1.78,28184,49888
21.07.2015,1.83,1.83,1.71,1.78,10242,18073
20.07.2015,1.84,1.84,1.83,1.83,153,281
17.07.2015,1.76,1.86,1.76,1.84,10223,18081
16.07.2015,1.65,1.73,1.65,1.73,52793,89471
15.07.2015,1.64,1.66,1.61,1.65,1843,2995
14.07.2015,1.67,1.67,1.67,1.67,81,135
13.07.2015,1.67,1.67,1.62,1.67,1447,2359
10.07.2015,1.66,1.67,1.64,1.67,3760,6200
09.07.2015,1.69,1.70,1.62,1.64,42455,70544
08.07.2015,1.72,1.73,1.59,1.69,28473,46648
07.07.2015,1.73,1.74,1.73,1.74,1023,1770
06.07.2015,1.73,1.75,1.73,1.75,1080,1870
03.07.2015,1.75,1.75,1.70,1.75,1789,3081
02.07.2015,1.75,1.75,1.75,1.75,56,98
01.07.2015,1.76,1.76,1.70,1.75,4675,8037
30.06.2015,1.76,1.76,1.71,1.75,844,1458
29.06.2015,1.79,1.79,1.69,1.76,15833,27203
26.06.2015,1.82,1.83,1.77,1.83,12569,22806
25.06.2015,1.76,1.85,1.76,1.83,52519,93731
24.06.2015,1.77,1.77,1.71,1.77,10722,18805
23.06.2015,1.78,1.78,1.77,1.78,11732,20773
22.06.2015,1.75,1.78,1.72,1.78,23815,42120
19.06.2015,1.76,1.76,1.71,1.75,9406,16421
18.06.2015,1.74,1.75,1.74,1.75,22990,40003
17.06.2015,1.76,1.76,1.70,1.74,22113,38317
16.06.2015,1.76,1.76,1.75,1.76,23647,41389
15.06.2015,1.71,1.78,1.71,1.76,14351,25194
12.06.2015,1.77,1.80,1.71,1.71,74086,131568
11.06.2015,1.73,1.77,1.68,1.77,4535,7798
10.06.2015,1.73,1.79,1.73,1.79,76489,132395
09.06.2015,1.73,1.74,1.69,1.74,8167,14037
08.06.2015,1.82,1.82,1.64,1.73,21315,37155
05.06.2015,1.84,1.85,1.84,1.85,51,94
03.06.2015,1.84,1.85,1.80,1.85,1533,2816
02.06.2015,1.85,1.85,1.84,1.85,973,1797
01.06.2015,1.90,1.90,1.80,1.89,22542,41546
29.05.2015,1.89,1.90,1.89,1.90,8143,15472
28.05.2015,1.93,1.93,1.85,1.90,5521,10264
27.05.2015,1.88,1.93,1.87,1.93,6411,12132
26.05.2015,1.88,1.89,1.82,1.88,27150,49645
25.05.2015,1.83,1.93,1.83,1.89,3332,6124
22.05.2015,1.81,1.91,1.81,1.83,37662,69334
21.05.2015,1.85,1.85,1.80,1.81,1401,2577
20.05.2015,1.84,1.85,1.83,1.85,1295,2380
19.05.2015,1.90,1.93,1.84,1.84,6138,11396
18.05.2015,1.92,1.92,1.86,1.89,967,1807
15.05.2015,1.92,1.92,1.85,1.89,1830,3397
14.05.2015,1.93,1.93,1.87,1.89,1302,2452
13.05.2015,1.86,1.92,1.85,1.92,4484,8310
12.05.2015,1.93,1.99,1.89,1.95,14786,28452
11.05.2015,1.82,1.89,1.81,1.89,2823,5219
08.05.2015,1.85,1.89,1.80,1.89,11652,21425
07.05.2015,1.94,1.94,1.86,1.86,6901,13011
06.05.2015,1.90,1.90,1.85,1.89,6960,13199
05.05.2015,2.00,2.00,1.87,1.90,41928,79910
04.05.2015,2.00,2.00,2.00,2.00,316,632
30.04.2015,1.97,2.00,1.97,2.00,2906,5779
29.04.2015,1.92,2.00,1.87,1.97,12879,24780
28.04.2015,1.98,1.99,1.90,1.92,5244,10025
27.04.2015,1.99,1.99,1.99,1.99,1001,1992
24.04.2015,2.00,2.00,1.99,2.00,647,1294
23.04.2015,2.00,2.00,2.00,2.00,1235,2470
22.04.2015,1.99,2.00,1.99,2.00,5996,11977
21.04.2015,2.10,2.10,2.00,2.00,10152,20759
20.04.2015,2.10,2.10,2.04,2.08,8220,16850
17.04.2015,2.06,2.11,2.05,2.10,3320,6842
16.04.2015,2.11,2.15,2.10,2.12,8312,17559
15.04.2015,2.06,2.11,2.05,2.11,9368,19355
14.04.2015,2.07,2.07,2.02,2.05,11467,23211
13.04.2015,2.09,2.09,2.02,2.07,1562,3186
10.04.2015,2.09,2.10,2.04,2.09,8124,16699
09.04.2015,2.09,2.09,2.06,2.07,2693,5552
08.04.2015,2.10,2.10,2.05,2.09,5073,10413
07.04.2015,2.10,2.11,2.04,2.11,4516,9478
02.04.2015,2.08,2.08,2.08,2.08,98,204
01.04.2015,2.15,2.15,2.01,2.09,8337,17264
31.03.2015,2.15,2.15,2.09,2.09,1600,3410
30.03.2015,2.16,2.16,2.11,2.16,1530,3279
27.03.2015,2.16,2.16,2.12,2.16,3638,7738
26.03.2015,2.16,2.17,2.08,2.16,3702,7899
25.03.2015,2.16,2.16,2.07,2.15,4987,10512
24.03.2015,2.20,2.22,2.11,2.16,5767,12508
23.03.2015,2.23,2.23,2.17,2.20,3901,8481
20.03.2015,2.20,2.24,2.17,2.24,5283,11606
19.03.2015,2.24,2.25,2.17,2.25,14557,32231
18.03.2015,2.27,2.27,2.26,2.26,2224,5027
17.03.2015,2.20,2.28,2.20,2.25,11131,24698
16.03.2015,2.16,2.20,2.10,2.20,36643,77881
13.03.2015,2.32,2.32,2.10,2.16,18190,39912
12.03.2015,2.30,2.34,2.26,2.32,7110,16372
11.03.2015,2.31,2.31,2.30,2.30,1998,4597
10.03.2015,2.26,2.32,2.26,2.32,3733,8572
09.03.2015,2.25,2.32,2.25,2.32,4608,10564
06.03.2015,2.31,2.31,2.30,2.30,1857,4273
05.03.2015,2.29,2.32,2.27,2.30,5461,12548
04.03.2015,2.30,2.30,2.27,2.30,2207,5038
03.03.2015,2.32,2.33,2.24,2.30,9502,21641
02.03.2015,2.33,2.33,2.24,2.32,16219,37615
27.02.2015,2.33,2.35,2.20,2.33,46330,105870
26.02.2015,2.33,2.35,2.28,2.33,16053,37435
25.02.2015,2.33,2.37,2.29,2.33,32272,75072
24.02.2015,2.24,2.35,2.17,2.30,62264,141726
23.02.2015,2.00,2.26,2.00,2.24,132182,285681
20.02.2015,2.00,2.00,1.99,2.00,7540,15073
19.02.2015,2.00,2.01,1.98,2.01,2375,4750
18.02.2015,2.02,2.02,2.00,2.00,725,1460
17.02.2015,2.02,2.03,2.01,2.03,8587,17327
16.02.2015,2.03,2.04,2.00,2.03,3601,7279
13.02.2015,2.00,2.07,1.99,2.02,9571,19181
12.02.2015,1.89,1.99,1.89,1.99,24903,48245
11.02.2015,1.90,1.92,1.87,1.90,1646,3106
10.02.2015,1.89,1.93,1.86,1.90,12185,23135
09.02.2015,1.90,1.94,1.89,1.89,9070,17392
06.02.2015,1.94,1.94,1.88,1.90,5774,10959
05.02.2015,1.90,1.91,1.86,1.90,6514,12396
04.02.2015,1.91,1.91,1.85,1.89,3463,6456
03.02.2015,1.91,1.92,1.87,1.89,6200,11809
02.02.2015,1.94,1.94,1.91,1.93,1275,2443
30.01.2015,1.96,1.96,1.86,1.94,13450,25548
29.01.2015,1.89,1.97,1.88,1.95,14915,28398
28.01.2015,1.89,1.89,1.89,1.89,582,1100
27.01.2015,1.85,1.90,1.85,1.89,13620,25500
26.01.2015,1.86,1.86,1.82,1.86,2275,4182
23.01.2015,1.93,1.93,1.85,1.86,9250,17165
22.01.2015,1.93,1.93,1.93,1.93,62,120
21.01.2015,1.90,1.94,1.87,1.93,10718,20227
20.01.2015,1.97,1.97,1.91,1.96,551,1057
19.01.2015,1.95,1.98,1.95,1.97,1350,2636
16.01.2015,2.02,2.02,1.92,1.98,2138,4154
15.01.2015,2.04,2.04,1.86,2.04,7739,15086
14.01.2015,2.05,2.08,1.96,2.05,6384,12931
13.01.2015,2.04,2.09,2.04,2.09,1200,2458
12.01.2015,2.09,2.10,2.04,2.09,2536,5222
09.01.2015,2.10,2.10,2.06,2.09,2352,4884
08.01.2015,2.11,2.11,2.04,2.10,2496,5154
07.01.2015,2.11,2.14,2.05,2.12,5107,10640
05.01.2015,2.09,2.14,2.04,2.11,9711,20273
02.01.2015,1.90,2.04,1.86,2.04,12256,23630
30.12.2014,1.89,1.89,1.89,1.89,7120,13457
29.12.2014,1.88,1.88,1.88,1.88,24989,46979
23.12.2014,1.85,1.85,1.85,1.85,22808,42195
22.12.2014,1.90,1.95,1.90,1.95,15687,30390
19.12.2014,2.00,2.00,1.96,1.96,5620,11052
18.12.2014,2.00,2.00,1.98,1.98,10351,20654
03.12.2014,0.39,0.40,0.39,0.40,49327,19567
02.12.2014,0.39,0.39,0.39,0.39,11250,4388
01.12.2014,0.39,0.39,0.39,0.39,17651,6884
28.11.2014,0.40,0.40,0.39,0.39,47219,18741
27.11.2014,0.37,0.38,0.37,0.38,17779,6728
26.11.2014,0.38,0.38,0.38,0.38,19747,7504
25.11.2014,0.38,0.38,0.35,0.35,52631,18721
24.11.2014,0.39,0.39,0.39,0.39,32078,12510
21.11.2014,0.39,0.39,0.37,0.37,28938,10707
20.11.2014,0.38,0.38,0.38,0.38,6866,2609
19.11.2014,0.39,0.39,0.39,0.39,8377,3267
18.11.2014,0.38,0.39,0.38,0.39,6700,2556
17.11.2014,0.37,0.37,0.37,0.37,99020,36637
14.11.2014,0.39,0.39,0.39,0.39,8700,3393
13.11.2014,0.39,0.39,0.39,0.39,31352,12227
12.11.2014,0.40,0.40,0.40,0.40,5133,2053
10.11.2014,0.40,0.40,0.40,0.40,10,4
07.11.2014,0.40,0.40,0.40,0.40,13472,5389
06.11.2014,0.39,0.40,0.39,0.40,710,277
05.11.2014,0.40,0.40,0.40,0.40,2994,1198
04.11.2014,0.39,0.40,0.39,0.40,86341,33703
03.11.2014,0.41,0.41,0.40,0.40,29806,12026
31.10.2014,0.41,0.41,0.40,0.40,60579,24264
30.10.2014,0.39,0.40,0.39,0.40,56800,22570
29.10.2014,0.38,0.39,0.38,0.39,91738,35078
28.10.2014,0.39,0.39,0.39,0.39,152,59
27.10.2014,0.39,0.39,0.39,0.39,2700,1053
24.10.2014,0.39,0.39,0.38,0.38,167019,64537
22.10.2014,0.40,0.40,0.40,0.40,130081,52032
21.10.2014,0.39,0.39,0.39,0.39,26950,10511
20.10.2014,0.40,0.40,0.40,0.40,17667,7067
17.10.2014,0.41,0.41,0.40,0.40,23924,9587
16.10.2014,0.41,0.41,0.41,0.41,33270,13641
15.10.2014,0.41,0.41,0.41,0.41,1220,500
14.10.2014,0.41,0.41,0.41,0.41,11741,4814
13.10.2014,0.41,0.42,0.41,0.42,8100,3322
10.10.2014,0.41,0.41,0.41,0.41,44435,18218
09.10.2014,0.39,0.42,0.39,0.42,148357,61115
08.10.2014,0.38,0.40,0.38,0.40,199387,76359
07.10.2014,0.35,0.37,0.35,0.37,184266,67466
06.10.2014,0.39,0.39,0.37,0.37,113506,43260
03.10.2014,0.42,0.42,0.41,0.41,85809,35699
02.10.2014,0.43,0.43,0.43,0.43,7590,3264
01.10.2014,0.43,0.43,0.43,0.43,20637,8874
30.09.2014,0.46,0.46,0.43,0.44,140210,61048
29.09.2014,0.46,0.46,0.44,0.46,93648,42050
26.09.2014,0.47,0.47,0.45,0.45,143808,65680
25.09.2014,0.47,0.48,0.46,0.47,263258,123144
24.09.2014,0.48,0.49,0.48,0.49,48445,23275
23.09.2014,0.48,0.48,0.47,0.48,51954,24731
22.09.2014,0.48,0.48,0.48,0.48,50184,24088
19.09.2014,0.48,0.49,0.48,0.49,49692,23862
18.09.2014,0.49,0.50,0.48,0.48,72245,35237
17.09.2014,0.48,0.49,0.48,0.49,105454,50619
16.09.2014,0.48,0.48,0.48,0.48,40979,19670
15.09.2014,0.48,0.48,0.47,0.48,100070,47625
12.09.2014,0.48,0.48,0.47,0.48,95839,45113
11.09.2014,0.48,0.49,0.47,0.48,68417,32519
10.09.2014,0.48,0.48,0.46,0.48,56149,26230
09.09.2014,0.48,0.48,0.47,0.48,14224,6692
08.09.2014,0.48,0.48,0.46,0.48,30792,14515
05.09.2014,0.48,0.48,0.46,0.48,43924,20794
04.09.2014,0.48,0.48,0.47,0.48,4242,2005
03.09.2014,0.48,0.48,0.47,0.48,20477,9646
02.09.2014,0.47,0.48,0.46,0.48,66936,31181
01.09.2014,0.48,0.48,0.46,0.47,47668,22332
29.08.2014,0.47,0.48,0.47,0.48,51080,24023
28.08.2014,0.48,0.48,0.47,0.48,14700,6917
27.08.2014,0.49,0.49,0.47,0.48,60107,28336
26.08.2014,0.49,0.49,0.48,0.49,70902,34142
25.08.2014,0.49,0.50,0.48,0.50,78048,38123
22.08.2014,0.49,0.50,0.47,0.49,106566,50896
21.08.2014,0.48,0.50,0.48,0.49,17851,8855
20.08.2014,0.50,0.50,0.49,0.49,47170,23120
19.08.2014,0.49,0.50,0.49,0.50,71200,35036
18.08.2014,0.49,0.49,0.48,0.49,42406,20749
14.08.2014,0.49,0.49,0.48,0.49,12733,6219
13.08.2014,0.49,0.49,0.48,0.49,31446,15259
12.08.2014,0.49,0.49,0.48,0.49,12839,6183
11.08.2014,0.49,0.49,0.48,0.49,17509,8559
08.08.2014,0.48,0.49,0.47,0.49,163455,78825
07.08.2014,0.47,0.48,0.47,0.48,9339,4390
06.08.2014,0.47,0.48,0.47,0.47,32133,15110
05.08.2014,0.48,0.48,0.47,0.48,7989,3795
04.08.2014,0.48,0.48,0.47,0.48,24714,11778
01.08.2014,0.48,0.49,0.46,0.48,261758,123111
31.07.2014,0.50,0.50,0.48,0.49,72523,34880
30.07.2014,0.49,0.50,0.49,0.50,18848,9239
29.07.2014,0.50,0.50,0.50,0.50,316,158
28.07.2014,0.50,0.50,0.50,0.50,1216,608
25.07.2014,0.49,0.50,0.49,0.50,14609,7159
24.07.2014,0.50,0.50,0.49,0.49,102830,50662
23.07.2014,0.51,0.51,0.49,0.50,40615,20030
22.07.2014,0.51,0.51,0.50,0.51,4899,2458
21.07.2014,0.51,0.52,0.50,0.50,93227,47312
18.07.2014,0.51,0.51,0.50,0.51,38284,19149
17.07.2014,0.50,0.51,0.50,0.51,135643,67884
16.07.2014,0.50,0.51,0.49,0.50,186898,93220
15.07.2014,0.50,0.50,0.48,0.48,49351,24178
14.07.2014,0.50,0.50,0.49,0.50,57637,28609
11.07.2014,0.49,0.50,0.48,0.50,77947,38162
10.07.2014,0.50,0.50,0.48,0.49,28286,13838
09.07.2014,0.50,0.50,0.48,0.50,31406,15372
08.07.2014,0.50,0.50,0.49,0.50,16433,8147
07.07.2014,0.50,0.50,0.49,0.50,6906,3411
04.07.2014,0.49,0.51,0.49,0.49,124080,61319
03.07.2014,0.49,0.49,0.48,0.49,40826,19675
02.07.2014,0.48,0.49,0.48,0.49,124933,60043
01.07.2014,0.49,0.49,0.48,0.49,57604,27876
30.06.2014,0.49,0.49,0.48,0.49,5879,2831
27.06.2014,0.49,0.49,0.48,0.49,92666,44593
26.06.2014,0.50,0.50,0.48,0.49,11224,5420
25.06.2014,0.49,0.50,0.48,0.50,34689,17016
24.06.2014,0.50,0.50,0.49,0.50,28074,13767
23.06.2014,0.49,0.50,0.48,0.50,85416,41815
20.06.2014,0.50,0.51,0.49,0.51,61828,30317
18.06.2014,0.51,0.51,0.50,0.50,52879,26455
17.06.2014,0.51,0.51,0.50,0.51,57530,28830
16.06.2014,0.50,0.51,0.49,0.51,37256,18540
13.06.2014,0.50,0.51,0.50,0.51,35315,17764
12.06.2014,0.51,0.51,0.50,0.51,34293,17353
11.06.2014,0.51,0.51,0.50,0.51,23019,11524
10.06.2014,0.52,0.52,0.50,0.50,93178,47172
09.06.2014,0.52,0.52,0.51,0.51,70130,36096
06.06.2014,0.51,0.52,0.51,0.52,94409,48261
05.06.2014,0.51,0.51,0.50,0.51,88615,44520
04.06.2014,0.48,0.51,0.47,0.51,268209,132898
03.06.2014,0.49,0.49,0.48,0.49,27946,13422
02.06.2014,0.49,0.49,0.47,0.49,61264,29393
30.05.2014,0.48,0.49,0.48,0.49,81913,39428
29.05.2014,0.49,0.49,0.48,0.48,42157,20260
28.05.2014,0.49,0.49,0.49,0.49,4840,2372
27.05.2014,0.48,0.49,0.48,0.49,149467,71959
26.05.2014,0.48,0.50,0.48,0.49,148919,72627
23.05.2014,0.49,0.49,0.48,0.49,22452,10882
22.05.2014,0.49,0.49,0.49,0.49,85310,41802
21.05.2014,0.49,0.50,0.48,0.49,192413,93607
20.05.2014,0.50,0.50,0.48,0.48,36573,17729
19.05.2014,0.49,0.50,0.49,0.49,38246,18746
16.05.2014,0.48,0.52,0.47,0.49,366910,181469
15.05.2014,0.49,0.49,0.48,0.48,18009,8703
14.05.2014,0.48,0.49,0.48,0.48,11642,5588
13.05.2014,0.49,0.49,0.48,0.49,10019,4809
12.05.2014,0.48,0.49,0.47,0.49,27905,13359
09.05.2014,0.49,0.49,0.47,0.48,55606,26663
08.05.2014,0.48,0.49,0.48,0.49,60496,29633
07.05.2014,0.51,0.51,0.47,0.49,106002,51149
06.05.2014,0.50,0.50,0.49,0.49,14377,7168
05.05.2014,0.51,0.52,0.50,0.50,30499,15357
02.05.2014,0.50,0.52,0.50,0.51,80392,40595
30.04.2014,0.48,0.50,0.48,0.50,8305,4129
29.04.2014,0.49,0.49,0.49,0.49,12300,6027
28.04.2014,0.49,0.49,0.48,0.49,108654,52164
25.04.2014,0.49,0.50,0.48,0.48,63850,30690
24.04.2014,0.50,0.50,0.49,0.49,44626,21912
23.04.2014,0.50,0.50,0.50,0.50,31593,15797
22.04.2014,0.50,0.51,0.49,0.51,16289,8161
17.04.2014,0.50,0.50,0.49,0.50,63030,31075
16.04.2014,0.50,0.50,0.49,0.50,130908,64209
15.04.2014,0.50,0.50,0.49,0.49,8341,4101
14.04.2014,0.51,0.52,0.50,0.50,86500,43621
11.04.2014,0.51,0.53,0.51,0.53,62117,31872
10.04.2014,0.52,0.53,0.52,0.52,23807,12381
09.04.2014,0.51,0.54,0.51,0.53,87939,45482
08.04.2014,0.52,0.53,0.51,0.53,91005,47409
07.04.2014,0.51,0.52,0.50,0.52,70118,35809
04.04.2014,0.51,0.51,0.50,0.51,254159,129021
03.04.2014,0.51,0.51,0.50,0.51,88289,44987
02.04.2014,0.51,0.51,0.50,0.51,19504,9906
01.04.2014,0.51,0.51,0.50,0.51,33316,16665
31.03.2014,0.50,0.50,0.49,0.50,41715,20649
28.03.2014,0.50,0.51,0.49,0.50,120573,60034
27.03.2014,0.50,0.51,0.50,0.50,22124,11062
26.03.2014,0.50,0.51,0.50,0.50,93635,46819
25.03.2014,0.49,0.50,0.49,0.50,31515,15444
24.03.2014,0.49,0.50,0.49,0.49,17120,8389
21.03.2014,0.48,0.49,0.48,0.49,116103,56818
20.03.2014,0.49,0.49,0.48,0.48,73006,35096
19.03.2014,0.49,0.50,0.49,0.49,59923,29363
18.03.2014,0.50,0.50,0.48,0.49,48776,24120
17.03.2014,0.47,0.51,0.46,0.49,152959,74909
14.03.2014,0.49,0.51,0.48,0.49,47791,23282
13.03.2014,0.49,0.52,0.49,0.51,97666,48903
12.03.2014,0.51,0.52,0.48,0.50,203452,101346
11.03.2014,0.50,0.51,0.50,0.51,155737,77933
10.03.2014,0.52,0.53,0.50,0.50,82065,42288
07.03.2014,0.54,0.54,0.52,0.53,17320,9171
06.03.2014,0.54,0.54,0.53,0.54,137899,73243
05.03.2014,0.53,0.54,0.53,0.53,192919,102307
04.03.2014,0.51,0.53,0.51,0.53,116665,60468
03.03.2014,0.54,0.54,0.49,0.50,231250,119200
28.02.2014,0.55,0.56,0.53,0.56,301770,165376
27.02.2014,0.55,0.55,0.52,0.55,113416,60543
26.02.2014,0.55,0.56,0.54,0.55,228611,124757
25.02.2014,0.55,0.55,0.55,0.55,60861,33474
24.02.2014,0.55,0.57,0.54,0.55,471841,262563
21.02.2014,0.53,0.55,0.52,0.55,185692,99084
20.02.2014,0.53,0.54,0.52,0.53,70411,37305
19.02.2014,0.52,0.53,0.52,0.53,61270,32043
18.02.2014,0.53,0.53,0.52,0.52,44058,23051
17.02.2014,0.53,0.54,0.52,0.52,44578,23500
14.02.2014,0.54,0.54,0.53,0.53,29520,15766
13.02.2014,0.53,0.54,0.53,0.54,86362,45832
12.02.2014,0.51,0.54,0.51,0.53,178414,92905
11.02.2014,0.53,0.53,0.51,0.52,61817,32237
10.02.2014,0.52,0.52,0.51,0.52,40754,21119
07.02.2014,0.53,0.53,0.51,0.52,78850,40772
06.02.2014,0.50,0.52,0.49,0.51,94595,47944
05.02.2014,0.48,0.51,0.48,0.50,184328,91308
04.02.2014,0.48,0.49,0.46,0.47,229526,108491
03.02.2014,0.50,0.51,0.49,0.49,240541,119210
31.01.2014,0.51,0.52,0.51,0.51,63339,32303
30.01.2014,0.51,0.51,0.50,0.51,194928,98635
29.01.2014,0.51,0.52,0.51,0.51,39176,20031
28.01.2014,0.50,0.52,0.50,0.52,75298,38501
27.01.2014,0.53,0.53,0.50,0.50,128789,65410
24.01.2014,0.53,0.54,0.52,0.53,70827,37003
23.01.2014,0.54,0.54,0.53,0.54,15725,8353
22.01.2014,0.53,0.54,0.52,0.53,44065,23338
21.01.2014,0.52,0.54,0.52,0.54,80907,43157
20.01.2014,0.54,0.55,0.53,0.53,158995,84488
17.01.2014,0.55,0.55,0.54,0.55,62823,34101
16.01.2014,0.56,0.57,0.56,0.56,91051,50989
15.01.2014,0.54,0.56,0.54,0.56,92568,50842
14.01.2014,0.53,0.54,0.53,0.54,4098,2172
13.01.2014,0.52,0.54,0.51,0.54,81341,42915
10.01.2014,0.54,0.55,0.53,0.54,33545,18055
09.01.2014,0.54,0.55,0.54,0.55,105853,57309
08.01.2014,0.55,0.55,0.53,0.55,70831,38231
07.01.2014,0.56,0.56,0.54,0.55,118373,65584
03.01.2014,0.56,0.57,0.55,0.56,90463,50611
02.01.2014,0.54,0.56,0.54,0.56,84416,46246
30.12.2013,0.54,0.54,0.53,0.54,123477,65791
27.12.2013,0.54,0.54,0.53,0.54,22752,12106
23.12.2013,0.52,0.53,0.52,0.52,19762,10417
20.12.2013,0.50,0.52,0.50,0.51,106197,53479
19.12.2013,0.53,0.54,0.50,0.50,405300,211190
18.12.2013,0.52,0.52,0.50,0.51,131781,66876
17.12.2013,0.53,0.53,0.51,0.52,63394,33039
16.12.2013,0.52,0.53,0.52,0.52,65705,34433
13.12.2013,0.53,0.54,0.50,0.53,546532,280976
12.12.2013,0.57,0.57,0.53,0.53,487147,262024
11.12.2013,0.57,0.57,0.56,0.57,51994,29133
10.12.2013,0.57,0.58,0.56,0.57,128962,73322
09.12.2013,0.57,0.58,0.56,0.57,114553,64631
06.12.2013,0.57,0.58,0.56,0.57,51488,29192
05.12.2013,0.58,0.58,0.57,0.58,41061,23463
04.12.2013,0.58,0.58,0.56,0.58,77479,43800
03.12.2013,0.57,0.59,0.56,0.58,195503,112340
02.12.2013,0.58,0.58,0.56,0.57,131783,75468
29.11.2013,0.59,0.59,0.57,0.57,194527,111319
28.11.2013,0.60,0.60,0.58,0.59,137799,80194
27.11.2013,0.60,0.61,0.59,0.60,354682,212189
26.11.2013,0.59,0.62,0.58,0.60,702892,422660
25.11.2013,0.57,0.60,0.56,0.59,444811,259415
22.11.2013,0.58,0.58,0.56,0.57,118280,66938
21.11.2013,0.57,0.58,0.56,0.58,174707,99944
20.11.2013,0.55,0.58,0.54,0.57,456625,253074
19.11.2013,0.58,0.58,0.55,0.55,358369,199499
18.11.2013,0.59,0.59,0.57,0.58,456621,261847
15.11.2013,0.58,0.59,0.56,0.58,313738,178816
14.11.2013,0.58,0.59,0.57,0.58,119426,69083
13.11.2013,0.62,0.62,0.56,0.58,512730,300930
12.11.2013,0.62,0.62,0.60,0.62,427090,261328
08.11.2013,0.63,0.63,0.60,0.62,834373,512524
07.11.2013,0.60,0.63,0.60,0.62,1394793,856392
06.11.2013,0.57,0.60,0.56,0.60,487524,283462
05.11.2013,0.59,0.59,0.57,0.58,361287,208727
04.11.2013,0.58,0.58,0.57,0.58,381418,218174
31.10.2013,0.56,0.59,0.56,0.58,711532,409717
30.10.2013,0.58,0.59,0.56,0.57,662925,382949
29.10.2013,0.58,0.62,0.58,0.59,1558815,933498
28.10.2013,0.57,0.59,0.56,0.58,1136285,654706
25.10.2013,0.51,0.59,0.51,0.56,2134398,1183178
24.10.2013,0.49,0.52,0.49,0.52,469858,236416
23.10.2013,0.50,0.50,0.48,0.49,465089,228217
22.10.2013,0.52,0.53,0.49,0.50,717080,364502
21.10.2013,0.50,0.52,0.49,0.52,758058,385299
18.10.2013,0.50,0.51,0.49,0.50,503057,247948
17.10.2013,0.48,0.49,0.47,0.49,878772,426825
16.10.2013,0.47,0.48,0.44,0.47,457920,211922
15.10.2013,0.46,0.47,0.45,0.46,169681,78350
14.10.2013,0.45,0.47,0.45,0.47,328826,150475
11.10.2013,0.45,0.46,0.44,0.45,175215,78302
10.10.2013,0.43,0.44,0.43,0.44,98044,42516
09.10.2013,0.44,0.44,0.42,0.43,101728,43620
08.10.2013,0.44,0.44,0.43,0.44,421331,183404
07.10.2013,0.47,0.47,0.44,0.46,485463,219424
04.10.2013,0.48,0.49,0.46,0.47,494596,232216
03.10.2013,0.48,0.50,0.47,0.48,437809,209567
02.10.2013,0.47,0.49,0.47,0.48,436005,207935
01.10.2013,0.46,0.50,0.46,0.48,509045,243410
30.09.2013,0.43,0.45,0.43,0.45,144103,63580
27.09.2013,0.44,0.45,0.44,0.44,148477,65388
26.09.2013,0.44,0.45,0.44,0.45,273114,121489
25.09.2013,0.44,0.45,0.42,0.45,153022,66639
24.09.2013,0.44,0.44,0.42,0.43,174472,74472
23.09.2013,0.45,0.45,0.43,0.44,155633,69177
20.09.2013,0.45,0.45,0.44,0.45,31264,13789
19.09.2013,0.46,0.46,0.44,0.45,136222,61248
18.09.2013,0.45,0.46,0.44,0.45,80205,36055
17.09.2013,0.43,0.45,0.43,0.45,80313,35028
16.09.2013,0.43,0.45,0.42,0.43,404735,174174
13.09.2013,0.45,0.45,0.44,0.45,37609,16724
12.09.2013,0.44,0.45,0.44,0.45,88338,38874
11.09.2013,0.44,0.45,0.43,0.45,123583,54446
10.09.2013,0.45,0.46,0.44,0.44,228133,102452
09.09.2013,0.44,0.45,0.43,0.44,188573,82801
06.09.2013,0.44,0.44,0.43,0.44,62805,27016
05.09.2013,0.46,0.46,0.41,0.44,185369,79892
04.09.2013,0.47,0.47,0.45,0.45,144465,65492
03.09.2013,0.47,0.48,0.46,0.47,203112,95439
02.09.2013,0.49,0.49,0.47,0.49,83938,40157
30.08.2013,0.47,0.49,0.46,0.48,155558,73693
29.08.2013,0.48,0.48,0.46,0.47,228078,105914
28.08.2013,0.47,0.48,0.45,0.48,152872,70875
27.08.2013,0.47,0.48,0.46,0.47,242073,112901
26.08.2013,0.49,0.50,0.47,0.48,392494,189896
23.08.2013,0.48,0.49,0.47,0.49,190783,91383
22.08.2013,0.51,0.51,0.47,0.49,303401,147269
21.08.2013,0.52,0.52,0.49,0.51,140520,70860
20.08.2013,0.51,0.52,0.49,0.52,245541,122663
19.08.2013,0.56,0.59,0.51,0.51,895237,484982
16.08.2013,0.52,0.54,0.52,0.54,129637,69053
14.08.2013,0.53,0.53,0.51,0.51,102592,53570
13.08.2013,0.52,0.54,0.51,0.52,118367,61813
12.08.2013,0.50,0.52,0.50,0.52,66990,34130
09.08.2013,0.50,0.50,0.49,0.50,21019,10313
08.08.2013,0.50,0.50,0.48,0.48,56119,27371
07.08.2013,0.50,0.50,0.49,0.49,104040,51006
06.08.2013,0.50,0.50,0.48,0.50,144347,70734
05.08.2013,0.49,0.50,0.48,0.50,69603,34140
02.08.2013,0.47,0.49,0.46,0.49,112030,53310
01.08.2013,0.46,0.47,0.45,0.47,85137,39293
31.07.2013,0.46,0.48,0.45,0.46,218006,101222
30.07.2013,0.45,0.46,0.45,0.46,58060,26572
29.07.2013,0.45,0.45,0.44,0.45,19300,8650
26.07.2013,0.45,0.45,0.43,0.45,52340,22979
25.07.2013,0.45,0.45,0.44,0.45,55521,24744
24.07.2013,0.45,0.45,0.45,0.45,14270,6422
23.07.2013,0.45,0.46,0.44,0.45,124670,56104
22.07.2013,0.45,0.45,0.44,0.45,57350,25290
19.07.2013,0.42,0.45,0.42,0.44,115732,50053
18.07.2013,0.45,0.45,0.42,0.44,185267,80649
17.07.2013,0.49,0.49,0.45,0.45,204290,93720
16.07.2013,0.49,0.49,0.48,0.49,6910,3324
15.07.2013,0.48,0.49,0.48,0.49,15424,7436
12.07.2013,0.49,0.49,0.48,0.49,21523,10379
11.07.2013,0.48,0.50,0.48,0.49,30923,15071
10.07.2013,0.49,0.50,0.49,0.49,25180,12339
09.07.2013,0.51,0.51,0.47,0.49,223858,107014
08.07.2013,0.51,0.52,0.50,0.51,21865,10972
05.07.2013,0.52,0.52,0.50,0.51,29941,15231
04.07.2013,0.50,0.52,0.50,0.51,46311,23546
03.07.2013,0.50,0.51,0.50,0.51,15070,7539
02.07.2013,0.51,0.51,0.49,0.50,36493,18191
01.07.2013,0.50,0.51,0.48,0.50,149222,73947
28.06.2013,0.48,0.50,0.48,0.50,60034,29256
27.06.2013,0.49,0.50,0.48,0.48,103966,50324
26.06.2013,0.49,0.50,0.47,0.49,102977,49586
25.06.2013,0.49,0.53,0.49,0.50,138657,70555
24.06.2013,0.47,0.50,0.46,0.49,171073,81418
21.06.2013,0.47,0.48,0.46,0.47,188731,87959
20.06.2013,0.51,0.51,0.47,0.48,342150,167222
19.06.2013,0.54,0.54,0.50,0.52,192580,100194
18.06.2013,0.54,0.54,0.52,0.54,154305,81791
17.06.2013,0.55,0.55,0.52,0.54,211234,113393
14.06.2013,0.55,0.57,0.54,0.55,242751,133751
13.06.2013,0.56,0.60,0.55,0.56,523182,299931
12.06.2013,0.51,0.56,0.51,0.56,489141,266117
11.06.2013,0.51,0.53,0.48,0.53,651893,330935
10.06.2013,0.55,0.56,0.50,0.50,751664,394449
07.06.2013,0.54,0.56,0.54,0.55,345650,188059
06.06.2013,0.55,0.57,0.52,0.55,678258,368407
05.06.2013,0.55,0.58,0.54,0.56,455463,253704
04.06.2013,0.51,0.55,0.51,0.55,719051,378876
03.06.2013,0.50,0.53,0.49,0.51,582777,296352
31.05.2013,0.49,0.52,0.49,0.50,418432,212524
29.05.2013,0.48,0.51,0.46,0.50,620537,306124
28.05.2013,0.46,0.49,0.45,0.48,234370,110649
27.05.2013,0.44,0.46,0.44,0.46,171007,77352
24.05.2013,0.43,0.44,0.43,0.44,16402,7056
23.05.2013,0.43,0.44,0.41,0.43,156313,66164
22.05.2013,0.44,0.46,0.43,0.44,140441,61925
21.05.2013,0.43,0.46,0.43,0.46,105325,46688
20.05.2013,0.44,0.44,0.42,0.44,97984,42545
17.05.2013,0.44,0.44,0.43,0.44,155325,67393
16.05.2013,0.43,0.44,0.42,0.44,38950,16590
15.05.2013,0.45,0.45,0.41,0.43,300452,129328
14.05.2013,0.43,0.45,0.42,0.45,174963,75774
13.05.2013,0.40,0.43,0.40,0.42,386399,160788
10.05.2013,0.37,0.41,0.37,0.41,492809,192345
09.05.2013,0.38,0.38,0.37,0.38,88508,33171
08.05.2013,0.38,0.39,0.37,0.38,41092,15601
07.05.2013,0.39,0.39,0.37,0.38,89758,34204
06.05.2013,0.38,0.38,0.36,0.38,64158,23784
02.05.2013,0.37,0.38,0.36,0.38,83381,31010
30.04.2013,0.38,0.39,0.37,0.38,143204,53881
29.04.2013,0.38,0.40,0.37,0.38,418894,160053
26.04.2013,0.34,0.36,0.34,0.36,35051,12199
25.04.2013,0.34,0.35,0.34,0.35,15174,5192
24.04.2013,0.34,0.35,0.33,0.34,216844,73375
23.04.2013,0.38,0.39,0.35,0.35,333905,117890
22.04.2013,0.36,0.38,0.36,0.38,115142,42291
19.04.2013,0.36,0.36,0.35,0.35,13157,4640
18.04.2013,0.37,0.37,0.35,0.36,128947,45509
17.04.2013,0.37,0.37,0.36,0.37,53324,19474
15.04.2013,0.37,0.37,0.35,0.37,101610,36853
12.04.2013,0.39,0.39,0.36,0.37,162436,59808
11.04.2013,0.40,0.40,0.37,0.39,180721,68871
10.04.2013,0.39,0.40,0.38,0.40,104320,40325
09.04.2013,0.41,0.41,0.39,0.39,41792,16427
08.04.2013,0.42,0.42,0.40,0.40,93930,37709
05.04.2013,0.41,0.42,0.40,0.41,60043,24579
04.04.2013,0.41,0.41,0.39,0.41,53423,21607
03.04.2013,0.41,0.42,0.39,0.41,229621,91938
02.04.2013,0.41,0.43,0.39,0.41,321942,133820
28.03.2013,0.41,0.41,0.39,0.41,112508,45057
27.03.2013,0.38,0.41,0.37,0.41,275942,107008
26.03.2013,0.39,0.39,0.36,0.38,501930,188441
25.03.2013,0.38,0.42,0.38,0.40,998282,402915
22.03.2013,0.40,0.40,0.36,0.38,575457,213751
21.03.2013,0.40,0.40,0.38,0.39,207795,80898
20.03.2013,0.42,0.43,0.38,0.39,1702959,677423
19.03.2013,0.43,0.45,0.41,0.43,305251,128846
18.03.2013,0.43,0.46,0.41,0.43,529637,230623
15.03.2013,0.46,0.48,0.42,0.43,1017860,452940
14.03.2013,0.52,0.52,0.43,0.46,569342,260218
13.03.2013,0.51,0.54,0.46,0.49,1137658,555566
12.03.2013,0.48,0.56,0.48,0.51,5139142,2691135
11.03.2013,0.32,0.43,0.32,0.43,2998119,1120116
08.03.2013,0.29,0.30,0.28,0.30,76481,22136
07.03.2013,0.29,0.29,0.28,0.29,19751,5598
06.03.2013,0.28,0.29,0.28,0.29,45301,12687
05.03.2013,0.29,0.29,0.28,0.29,1195,341
04.03.2013,0.29,0.29,0.27,0.29,182098,51183
01.03.2013,0.29,0.29,0.28,0.29,14247,4009
28.02.2013,0.29,0.29,0.29,0.29,26682,7738
27.02.2013,0.28,0.29,0.27,0.29,37008,10190
26.02.2013,0.28,0.29,0.27,0.29,41381,11589
25.02.2013,0.28,0.29,0.28,0.29,98506,27587
22.02.2013,0.28,0.28,0.27,0.28,26767,7272
21.02.2013,0.28,0.29,0.27,0.28,75701,20647
20.02.2013,0.28,0.29,0.27,0.28,274255,76608
19.02.2013,0.30,0.30,0.27,0.28,233139,65482
18.02.2013,0.29,0.30,0.29,0.30,26297,7637
15.02.2013,0.28,0.29,0.28,0.29,49178,13776
14.02.2013,0.31,0.31,0.29,0.29,61260,17867
13.02.2013,0.30,0.31,0.29,0.31,71814,21240
12.02.2013,0.31,0.31,0.29,0.30,77791,22996
11.02.2013,0.31,0.32,0.30,0.31,52473,15994
08.02.2013,0.31,0.31,0.30,0.31,32000,9782
07.02.2013,0.31,0.32,0.30,0.31,33614,10317
06.02.2013,0.32,0.32,0.30,0.31,56971,17236
05.02.2013,0.31,0.32,0.30,0.32,164023,49735
04.02.2013,0.32,0.32,0.30,0.31,125371,38702
01.02.2013,0.33,0.33,0.31,0.32,15065,4796
31.01.2013,0.32,0.33,0.31,0.33,154590,49425
30.01.2013,0.32,0.32,0.31,0.32,58168,18398
29.01.2013,0.31,0.32,0.31,0.32,92561,28735
28.01.2013,0.33,0.33,0.31,0.31,50157,15703
25.01.2013,0.33,0.33,0.31,0.32,65708,20851
24.01.2013,0.33,0.34,0.31,0.33,185219,59811
23.01.2013,0.34,0.34,0.33,0.34,61650,20412
22.01.2013,0.34,0.35,0.33,0.35,58825,19887
21.01.2013,0.35,0.35,0.32,0.34,131032,43550
18.01.2013,0.36,0.36,0.34,0.35,130882,46024
17.01.2013,0.32,0.35,0.32,0.34,212147,70487
16.01.2013,0.31,0.33,0.31,0.33,100591,31588
15.01.2013,0.30,0.31,0.30,0.31,34174,10289
14.01.2013,0.31,0.31,0.30,0.31,88027,26637
11.01.2013,0.32,0.32,0.30,0.31,43521,13456
10.01.2013,0.32,0.32,0.30,0.31,126088,39915
09.01.2013,0.32,0.32,0.29,0.32,92825,28409
08.01.2013,0.32,0.32,0.31,0.32,116988,37366
07.01.2013,0.32,0.32,0.31,0.32,55651,17723
04.01.2013,0.32,0.33,0.31,0.32,42988,13475
03.01.2013,0.33,0.33,0.31,0.33,70698,22567
02.01.2013,0.33,0.33,0.31,0.33,91561,28904
28.12.2012,0.33,0.33,0.31,0.32,657046,208548
27.12.2012,0.32,0.33,0.31,0.33,169478,54112
21.12.2012,0.31,0.34,0.31,0.34,235956,76512
20.12.2012,0.33,0.33,0.31,0.33,43839,14002
19.12.2012,0.33,0.33,0.30,0.33,76489,24489
18.12.2012,0.33,0.33,0.32,0.33,30453,9895
17.12.2012,0.34,0.35,0.32,0.33,481183,161086
14.12.2012,0.34,0.35,0.33,0.35,92686,31403
13.12.2012,0.35,0.35,0.33,0.35,72357,24859
12.12.2012,0.36,0.36,0.33,0.35,50736,16938
11.12.2012,0.35,0.36,0.34,0.36,57390,19717
10.12.2012,0.36,0.36,0.34,0.35,66723,22905
07.12.2012,0.36,0.36,0.34,0.35,40285,14221
06.12.2012,0.38,0.38,0.35,0.35,84205,29863
05.12.2012,0.38,0.38,0.36,0.38,59946,22204
04.12.2012,0.37,0.38,0.36,0.38,178854,64956
03.12.2012,0.37,0.37,0.36,0.37,14940,5427
30.11.2012,0.38,0.38,0.35,0.37,189544,68661
29.11.2012,0.38,0.40,0.37,0.38,202709,77589
28.11.2012,0.38,0.39,0.37,0.39,77553,29166
27.11.2012,0.39,0.39,0.37,0.38,90216,33697
26.11.2012,0.37,0.38,0.36,0.38,187837,68938
23.11.2012,0.35,0.38,0.35,0.37,578529,209693
22.11.2012,0.34,0.35,0.34,0.35,56477,19393
21.11.2012,0.34,0.34,0.32,0.33,71260,23668
20.11.2012,0.32,0.34,0.32,0.34,59183,19175
19.11.2012,0.34,0.34,0.32,0.32,295121,95917
16.11.2012,0.33,0.34,0.32,0.34,106960,35315
15.11.2012,0.34,0.34,0.33,0.33,36523,12112
14.11.2012,0.35,0.35,0.32,0.34,604934,199666
13.11.2012,0.38,0.38,0.35,0.35,372935,133135
12.11.2012,0.38,0.38,0.36,0.38,186239,69653
09.11.2012,0.38,0.38,0.36,0.38,180058,67256
08.11.2012,0.39,0.40,0.37,0.39,569889,217126
07.11.2012,0.38,0.39,0.36,0.38,346441,128680
06.11.2012,0.40,0.41,0.37,0.38,429515,167994
05.11.2012,0.35,0.40,0.35,0.39,953068,365232
02.11.2012,0.34,0.35,0.32,0.35,305935,104640
31.10.2012,0.34,0.35,0.32,0.34,481226,161601
30.10.2012,0.31,0.33,0.31,0.33,467695,150995
29.10.2012,0.30,0.30,0.29,0.30,130093,38978
26.10.2012,0.30,0.31,0.29,0.31,98762,28938
25.10.2012,0.29,0.31,0.29,0.30,152633,45222
24.10.2012,0.29,0.29,0.27,0.29,39086,10891
23.10.2012,0.28,0.30,0.27,0.28,159165,43997
22.10.2012,0.30,0.30,0.29,0.29,113374,33048
19.10.2012,0.32,0.32,0.29,0.30,315439,95168
18.10.2012,0.32,0.33,0.30,0.31,328416,102870
17.10.2012,0.34,0.34,0.31,0.33,76247,24377
16.10.2012,0.33,0.34,0.32,0.33,223172,72555
15.10.2012,0.30,0.34,0.30,0.32,625504,198157
12.10.2012,0.32,0.32,0.29,0.31,195189,58499
11.10.2012,0.32,0.32,0.29,0.32,355822,109037
10.10.2012,0.31,0.32,0.30,0.31,127359,39316
09.10.2012,0.33,0.33,0.30,0.32,471477,148125
08.10.2012,0.33,0.34,0.30,0.33,755035,240058
05.10.2012,0.30,0.33,0.30,0.32,1114965,352888
04.10.2012,0.33,0.39,0.30,0.30,3696356,1204112
03.10.2012,0.29,0.33,0.28,0.33,540042,167373
02.10.2012,0.30,0.30,0.27,0.28,1041750,287914
01.10.2012,0.26,0.29,0.26,0.29,498843,140309
28.09.2012,0.27,0.28,0.25,0.27,570939,152696
27.09.2012,0.27,0.30,0.27,0.27,613820,170690
26.09.2012,0.26,0.30,0.26,0.28,1786542,483828
25.09.2012,0.24,0.26,0.24,0.25,761198,186718
24.09.2012,0.23,0.25,0.23,0.24,326027,77706
21.09.2012,0.23,0.23,0.22,0.23,160472,35578
20.09.2012,0.24,0.24,0.22,0.23,292759,65191
19.09.2012,0.22,0.24,0.22,0.24,612893,136954
18.09.2012,0.22,0.22,0.22,0.22,103472,22764
17.09.2012,0.23,0.24,0.21,0.22,314900,69333
14.09.2012,0.22,0.22,0.21,0.22,269560,59293
13.09.2012,0.23,0.23,0.21,0.22,746254,157934
12.09.2012,0.24,0.24,0.22,0.23,119755,26573
11.09.2012,0.24,0.24,0.23,0.24,37624,8690
10.09.2012,0.25,0.25,0.23,0.25,68658,16162
07.09.2012,0.25,0.25,0.24,0.24,118169,28418
06.09.2012,0.24,0.25,0.23,0.25,119700,29524
05.09.2012,0.26,0.26,0.23,0.24,104427,24493
04.09.2012,0.25,0.27,0.25,0.25,214911,56136
03.09.2012,0.25,0.25,0.24,0.25,4052,986
31.08.2012,0.25,0.25,0.24,0.25,39845,9905
30.08.2012,0.25,0.25,0.24,0.25,20163,4853
29.08.2012,0.27,0.27,0.24,0.25,63100,15478
28.08.2012,0.27,0.27,0.25,0.25,47169,12039
27.08.2012,0.28,0.28,0.27,0.27,4710,1278
24.08.2012,0.27,0.27,0.25,0.27,56406,14644
23.08.2012,0.27,0.29,0.25,0.28,139107,37211
22.08.2012,0.24,0.27,0.23,0.27,1223312,291628
21.08.2012,0.24,0.24,0.22,0.23,746898,171769
20.08.2012,0.24,0.24,0.23,0.24,290387,67478
17.08.2012,0.25,0.25,0.23,0.24,270827,63106
16.08.2012,0.25,0.25,0.23,0.25,733807,172198
14.08.2012,0.24,0.24,0.23,0.23,167266,39644
13.08.2012,0.22,0.24,0.21,0.24,173589,39455
10.08.2012,0.25,0.25,0.21,0.21,444413,98514
09.08.2012,0.25,0.27,0.24,0.25,364608,90268
08.08.2012,0.28,0.28,0.26,0.28,88431,23297
07.08.2012,0.29,0.29,0.27,0.28,821,233
06.08.2012,0.30,0.30,0.27,0.28,60200,17219
03.08.2012,0.33,0.33,0.30,0.30,32171,9868
02.08.2012,0.30,0.31,0.28,0.31,364907,105951
01.08.2012,0.25,0.28,0.24,0.28,268123,69079
31.07.2012,0.31,0.34,0.25,0.25,689039,204119
30.07.2012,0.23,0.29,0.23,0.29,303590,79531
27.07.2012,0.23,0.23,0.22,0.23,137069,31496
26.07.2012,0.23,0.23,0.22,0.23,726377,166567
25.07.2012,0.24,0.24,0.22,0.23,235310,53992
24.07.2012,0.24,0.24,0.22,0.23,175725,39059
23.07.2012,0.24,0.25,0.23,0.23,45865,10641
20.07.2012,0.24,0.25,0.24,0.24,304478,73476
19.07.2012,0.24,0.24,0.22,0.23,19877,4510
18.07.2012,0.25,0.25,0.23,0.24,157627,37674
17.07.2012,0.26,0.26,0.25,0.26,35468,8946
16.07.2012,0.27,0.27,0.23,0.26,112468,27639
13.07.2012,0.27,0.27,0.26,0.26,28238,7401
12.07.2012,0.27,0.27,0.26,0.27,19533,5093
11.07.2012,0.27,0.29,0.27,0.27,235364,63557
10.07.2012,0.28,0.29,0.27,0.29,108146,29311
09.07.2012,0.26,0.28,0.26,0.28,17777,4782
06.07.2012,0.30,0.30,0.27,0.28,85592,24004
05.07.2012,0.33,0.33,0.30,0.30,180463,55353
04.07.2012,0.33,0.33,0.30,0.32,123636,40217
03.07.2012,0.33,0.33,0.32,0.33,181460,59379
02.07.2012,0.38,0.38,0.35,0.35,84253,30851
29.06.2012,0.40,0.45,0.40,0.41,273404,114717
28.06.2012,0.40,0.42,0.36,0.38,154603,58905
27.06.2012,0.47,0.47,0.38,0.38,156616,61007
26.06.2012,0.48,0.50,0.44,0.46,65725,31333
25.06.2012,0.50,0.50,0.45,0.46,18060,8457
22.06.2012,0.54,0.56,0.50,0.52,25098,13319
21.06.2012,0.55,0.55,0.47,0.54,13580,6675
20.06.2012,0.55,0.55,0.55,0.55,400,220
19.06.2012,0.55,0.55,0.55,0.55,290,160
18.06.2012,0.56,0.56,0.51,0.56,4060,2174
15.06.2012,0.56,0.56,0.54,0.55,14410,7920
11.06.2012,0.65,0.65,0.65,0.65,700,455
08.06.2012,0.65,0.65,0.65,0.65,1100,715
06.06.2012,0.65,0.65,0.60,0.64,7000,4302
05.06.2012,0.65,0.65,0.55,0.65,11931,6858
04.06.2012,0.60,0.65,0.60,0.65,2052,1239
01.06.2012,0.68,0.68,0.68,0.68,1349,917
31.05.2012,0.68,0.68,0.68,0.68,5420,3686
30.05.2012,0.64,0.68,0.64,0.68,13730,9115
29.05.2012,0.68,0.68,0.68,0.68,510,347
28.05.2012,0.72,0.72,0.72,0.72,415,299
25.05.2012,0.72,0.72,0.72,0.72,420,302
24.05.2012,0.72,0.72,0.72,0.72,730,526
22.05.2012,0.72,0.72,0.72,0.72,651,469
21.05.2012,0.74,0.74,0.74,0.74,415,307
18.05.2012,0.68,0.72,0.68,0.72,461,332
17.05.2012,0.74,0.74,0.74,0.74,340,252
16.05.2012,0.68,0.74,0.68,0.74,2150,1493
15.05.2012,0.74,0.74,0.74,0.74,435,322
11.05.2012,0.74,0.74,0.73,0.73,1550,1145
10.05.2012,0.74,0.74,0.69,0.73,4228,2958
09.05.2012,0.74,0.74,0.74,0.74,1770,1310
08.05.2012,0.75,0.75,0.74,0.75,1537,1143
07.05.2012,0.77,0.77,0.77,0.77,419,323
04.05.2012,0.77,0.77,0.76,0.77,1127,863
02.05.2012,0.76,0.77,0.73,0.77,17887,13701
30.04.2012,0.77,0.77,0.76,0.76,4930,3752
27.04.2012,0.72,0.75,0.72,0.75,10008,7430
26.04.2012,0.75,0.75,0.75,0.75,780,585
25.04.2012,0.76,0.76,0.76,0.76,2630,1999
24.04.2012,0.79,0.79,0.72,0.76,2020,1539
23.04.2012,0.80,0.88,0.79,0.79,63462,51067
20.04.2012,0.89,0.89,0.80,0.80,12699,10346
19.04.2012,0.88,0.89,0.84,0.89,1265,1103
18.04.2012,0.89,0.89,0.89,0.89,350,312
17.04.2012,0.89,0.89,0.89,0.89,680,605
16.04.2012,0.89,0.89,0.84,0.89,2065,1816
13.04.2012,0.84,0.90,0.84,0.89,14204,12553
12.04.2012,0.90,0.90,0.84,0.84,1060,921
11.04.2012,0.90,0.90,0.90,0.90,390,351
10.04.2012,0.91,0.92,0.85,0.92,1162,1047
05.04.2012,0.91,0.91,0.91,0.91,740,673
05.04.2012,0.91,0.91,0.91,0.91,740,673
04.04.2012,0.92,0.92,0.86,0.91,3530,3201
03.04.2012,0.92,0.92,0.92,0.92,430,396
02.04.2012,0.94,0.94,0.86,0.92,2130,1896
30.03.2012,0.92,0.94,0.92,0.94,1876,1729
29.03.2012,0.93,0.93,0.93,0.93,500,465
28.03.2012,0.94,0.94,0.94,0.94,645,606
27.03.2012,0.87,0.94,0.87,0.94,5187,4653
26.03.2012,0.96,0.96,0.87,0.96,2744,2511
23.03.2012,0.96,0.96,0.96,0.96,1408,1352
22.03.2012,0.96,0.96,0.87,0.96,2371,2186
21.03.2012,0.96,0.96,0.96,0.96,490,470
20.03.2012,0.98,0.98,0.92,0.96,16606,15361
19.03.2012,0.98,0.98,0.95,0.98,3238,3113
16.03.2012,0.95,0.97,0.93,0.94,22971,21467
15.03.2012,1.01,1.01,0.93,0.94,41737,39484
14.03.2012,1.01,1.01,0.97,1.00,2335,2311
13.03.2012,0.99,0.99,0.95,0.99,2477,2402
12.03.2012,1.01,1.01,0.99,1.01,763,769
09.03.2012,1.02,1.02,0.93,0.99,69709,69422
08.03.2012,1.02,1.02,0.97,1.00,69228,68114
07.03.2012,0.99,1.04,0.91,1.04,106908,104480
06.03.2012,1.02,1.02,0.96,1.02,9330,9093
05.03.2012,1.02,1.04,0.96,1.00,31983,31869
02.03.2012,0.93,1.02,0.93,0.96,128768,127280
01.03.2012,0.92,0.93,0.88,0.93,3500,3188
29.02.2012,0.94,0.94,0.88,0.93,7430,6894
28.02.2012,0.94,0.94,0.87,0.92,54632,49387
27.02.2012,0.94,0.96,0.87,0.93,75149,67665
24.02.2012,1.00,1.00,0.94,0.96,60751,58674
23.02.2012,1.09,1.09,0.97,1.00,61270,61295
22.02.2012,1.08,1.08,1.04,1.07,22637,23882
21.02.2012,1.09,1.09,1.07,1.08,6015,6482
20.02.2012,1.11,1.11,1.04,1.09,33039,35825
17.02.2012,1.12,1.12,1.09,1.11,19958,22179
16.02.2012,1.12,1.12,1.09,1.12,242277,266474
15.02.2012,1.14,1.14,1.09,1.09,55624,61670
14.02.2012,1.13,1.13,1.09,1.12,118349,131319
13.02.2012,1.18,1.18,1.10,1.10,95408,108403
10.02.2012,1.40,1.40,1.14,1.17,111511,134390
09.02.2012,1.40,1.40,1.40,1.40,655,917
08.02.2012,1.40,1.40,1.40,1.40,385,539
07.02.2012,1.40,1.40,1.40,1.40,630,882
06.02.2012,1.40,1.40,1.36,1.40,1060,1472
03.02.2012,1.40,1.40,1.40,1.40,2705,3787
02.02.2012,1.40,1.40,1.37,1.39,22607,31402
01.02.2012,1.42,1.42,1.40,1.40,868,1227
31.01.2012,1.42,1.42,1.42,1.42,410,582
30.01.2012,1.42,1.42,1.42,1.42,447303,635170
27.01.2012,1.43,1.43,1.42,1.42,2720,3867
26.01.2012,1.42,1.42,1.42,1.42,735,1044
25.01.2012,1.44,1.44,1.44,1.44,21460,30902
24.01.2012,1.42,1.43,1.42,1.43,41225,58540
23.01.2012,1.43,1.43,1.43,1.43,395,565
20.01.2012,1.42,1.42,1.42,1.42,505,717
19.01.2012,1.41,1.41,1.40,1.40,1266,1777
18.01.2012,1.43,1.43,1.37,1.40,3809,5292
17.01.2012,1.40,1.44,1.36,1.44,13563,18760
16.01.2012,1.41,1.41,1.40,1.40,1892,2653
13.01.2012,1.43,1.43,1.36,1.42,7548,10384
12.01.2012,1.39,1.44,1.39,1.44,1010,1408
11.01.2012,1.39,1.39,1.39,1.39,630,876
10.01.2012,1.40,1.40,1.40,1.40,437,612
09.01.2012,1.38,1.40,1.37,1.40,1166,1611
05.01.2012,1.39,1.39,1.38,1.38,2334,3226
04.01.2012,1.40,1.40,1.40,1.40,695,973
03.01.2012,1.42,1.42,1.39,1.40,4415,6180
02.01.2012,1.44,1.44,1.40,1.43,32000,45461
30.12.2011,1.42,1.42,1.34,1.42,5115,7242
29.12.2011,1.42,1.42,1.33,1.42,925,1305
28.12.2011,1.42,1.42,1.42,1.42,530,753
27.12.2011,1.42,1.42,1.42,1.42,1170,1661
23.12.2011,1.42,1.42,1.41,1.42,26010,36734
22.12.2011,1.42,1.42,1.42,1.42,635,902
21.12.2011,1.42,1.42,1.42,1.42,675,959
20.12.2011,1.43,1.43,1.40,1.42,1212,1723
19.12.2011,1.43,1.43,1.43,1.43,570,815
16.12.2011,1.43,1.43,1.43,1.43,890,1273
15.12.2011,1.43,1.43,1.43,1.43,690,987
14.12.2011,1.43,1.43,1.43,1.43,650,930
13.12.2011,1.43,1.43,1.43,1.43,710,1015
12.12.2011,1.43,1.43,1.43,1.43,850,1216
09.12.2011,1.43,1.43,1.43,1.43,520,744
08.12.2011,1.44,1.44,1.32,1.43,1689,2328
07.12.2011,1.44,1.44,1.44,1.44,490,706
06.12.2011,1.44,1.44,1.44,1.44,600,864
05.12.2011,1.44,1.44,1.44,1.44,755,1087
02.12.2011,1.44,1.44,1.43,1.44,1461,2098
01.12.2011,1.44,1.44,1.44,1.44,640,922
30.11.2011,1.44,1.44,1.44,1.44,20954,30174
29.11.2011,1.44,1.44,1.44,1.44,610,878
28.11.2011,1.44,1.44,1.44,1.44,2202,3171
25.11.2011,1.44,1.44,1.44,1.44,650,936
24.11.2011,1.44,1.44,1.44,1.44,410,590
23.11.2011,1.45,1.45,1.45,1.45,510,740
22.11.2011,1.48,1.48,1.44,1.45,2950,4279
21.11.2011,1.48,1.48,1.48,1.48,5890,8717
18.11.2011,1.44,1.44,1.31,1.44,8223,10936
17.11.2011,1.44,1.44,1.44,1.44,580,835
16.11.2011,1.45,1.45,1.45,1.45,777,1127
15.11.2011,1.45,1.45,1.45,1.45,770,1117
14.11.2011,1.48,1.48,1.35,1.45,188834,264194
10.11.2011,1.48,1.48,1.47,1.48,217820,320210
09.11.2011,1.48,1.48,1.48,1.48,900,1332
08.11.2011,1.48,1.48,1.48,1.48,620,918
07.11.2011,1.49,1.49,1.49,1.49,540,805
04.11.2011,1.50,1.50,1.50,1.50,10727,16091
03.11.2011,1.50,1.50,1.50,1.50,950,1425
02.11.2011,1.50,1.50,1.49,1.50,16701,24893
31.10.2011,1.50,1.50,1.50,1.50,540,810
28.10.2011,1.50,1.50,1.50,1.50,650,975
27.10.2011,1.50,1.50,1.48,1.49,51720,77456
26.10.2011,1.50,1.50,1.50,1.50,790,1185
25.10.2011,1.50,1.50,1.50,1.50,700,1050
24.10.2011,1.50,1.50,1.50,1.50,600,900
21.10.2011,1.50,1.50,1.50,1.50,1340,2010
20.10.2011,1.50,1.50,1.50,1.50,820,1230
19.10.2011,1.48,1.50,1.48,1.50,119140,176457
18.10.2011,1.49,1.49,1.49,1.49,1000,1490
17.10.2011,1.50,1.50,1.49,1.50,6387,9531
14.10.2011,1.50,1.50,1.50,1.50,112190,168285
13.10.2011,1.50,1.50,1.50,1.50,610,915
12.10.2011,1.47,1.50,1.47,1.50,450256,672745
11.10.2011,1.44,1.50,1.44,1.50,11893,17392
10.10.2011,1.44,1.44,1.44,1.44,947,1364
07.10.2011,1.45,1.45,1.45,1.45,600,870
06.10.2011,1.40,1.45,1.39,1.45,93423,131786
05.10.2011,1.43,1.44,1.40,1.40,1881,2665
04.10.2011,1.45,1.45,1.45,1.45,620,899
03.10.2011,1.45,1.45,1.45,1.45,670,972
30.09.2011,1.45,1.45,1.40,1.40,1890,2686
29.09.2011,1.47,1.47,1.40,1.45,1977,2851
28.09.2011,1.47,1.47,1.40,1.47,18154,26366
27.09.2011,1.46,1.46,1.45,1.46,10950,15887
26.09.2011,1.47,1.47,1.45,1.46,12670,18384
23.09.2011,1.39,1.49,1.31,1.49,9524,12910
22.09.2011,1.49,1.49,1.33,1.33,6610,9133
21.09.2011,1.49,1.49,1.45,1.49,1406,2060
20.09.2011,1.49,1.49,1.45,1.49,2374,3502
19.09.2011,1.50,1.50,1.45,1.49,2056,3036
16.09.2011,1.53,1.53,1.53,1.53,1110,1698
15.09.2011,1.53,1.53,1.53,1.53,920,1408
14.09.2011,1.48,1.48,1.45,1.48,67220,97509
13.09.2011,1.50,1.50,1.45,1.45,84970,123276
12.09.2011,1.54,1.54,1.45,1.46,91950,133496
09.09.2011,1.48,1.48,1.42,1.48,116064,167787
08.09.2011,1.54,1.54,1.40,1.48,29617,42346
07.09.2011,1.55,1.55,1.45,1.50,6000,8780
06.09.2011,1.54,1.54,1.54,1.54,50797,78227
05.09.2011,1.55,1.55,1.50,1.54,2370,3616
02.09.2011,1.60,1.60,1.50,1.54,4800,7440
01.09.2011,1.58,1.60,1.52,1.60,503413,765420
31.08.2011,1.65,1.65,1.52,1.59,92363,147405
30.08.2011,1.56,1.56,1.50,1.54,56459,84989
29.08.2011,1.61,1.61,1.60,1.60,4650,7472
26.08.2011,1.62,1.63,1.54,1.63,469270,724494
25.08.2011,1.63,1.63,1.52,1.62,79500,128851
24.08.2011,1.63,1.63,1.55,1.60,108643,173890
23.08.2011,1.62,1.63,1.55,1.60,4980,7951
22.08.2011,1.62,1.65,1.55,1.63,13250,21299
19.08.2011,1.63,1.63,1.60,1.62,5100,8255
18.08.2011,1.65,1.65,1.55,1.65,8630,13957
17.08.2011,1.65,1.65,1.55,1.65,140440,223482
16.08.2011,1.65,1.65,1.55,1.63,318611,510239
12.08.2011,1.50,1.59,1.48,1.59,119870,184188
11.08.2011,1.50,1.51,1.49,1.50,157350,235885
10.08.2011,1.50,1.60,1.49,1.51,369004,560860
09.08.2011,2.25,2.25,1.42,1.51,1377826,2083109
